gene_id,planted_group,label_post_cutoff,is_temporal_evaluation,score_popularity,score_mean_expression,score_differential_expression,score_cell_type_specificity,score_network_centrality,score_druggable_class,score_supervised_with_popularity,score_supervised_without_popularity,score_random_mlp_small,score_random_mlp_large,score_random_ranking,score_supervised_unmatched_compute,score_supervised_ood_transfer,score_random_mlp_small_ood_transfer
GENE_00000,popularity_only,0,1,0.9839893262174784,-0.95897761387172,-0.0833649554577054,0.5370669314651729,0.9568905784682248,0.0,0.26313197341099753,0.27277768399126207,0.2992026231629786,0.32361557789301176,0.474596854413201,0.26150025586725273,0.3954433540261865,0.6600675611292058
GENE_00001,biology_signal,0,1,0.05670446964643095,-1.9656369235059996,-3.3771743900256577,0.0557583101235573,0.2419535850492706,0.00066711140760507,0.01326098424163,0.0129231791114124,0.03452582087845129,0.012064649539330273,0.10508761950209056,0.013057680601040286,0.7427351901490898,0.5604083789562837
GENE_00002,biology_signal,0,0,0.9953302201467645,0.4229916541159765,-0.1605068680772867,0.3713316641747508,0.916626348738462,0.00133422281521014,0.36611152489619325,0.3938857693690653,0.43942685016844635,0.29873642745186685,0.2882133299270364,0.365147855308159,0.5064770303818982,0.40058115473759637
GENE_00003,biology_signal,0,0,0.5230153435623749,1.7204397682419044,2.203679896988371,0.6958250804842213,0.3394822169452911,0.6064042695130086,0.9060793617725315,0.9075753977945585,0.8973484443946276,0.9028211230212925,0.2405489437910523,0.9067577613572723,0.3199871751342152,0.3610462182617496
GENE_00004,noise,0,0,0.27284856571047367,0.1640802052551716,0.7651284843311273,0.68115937392126,0.4807520980060316,0.0020013342228152103,0.4378282635851584,0.4338756239200319,0.5008139724999126,0.5614275698851957,0.7120692627762623,0.43728488577845,0.40430495297531255,0.4536891983242542
GENE_00005,popularity_only,0,1,0.9959973315543695,-0.0554818156276305,0.9636022949500046,0.748696391376383,0.871748439945673,0.00266844563042028,0.5171695591639021,0.5485942579147006,0.4323671884951263,0.5242333068978474,0.5341804644593602,0.5156893470961376,0.6433259081208279,0.4766333686580113
GENE_00006,biology_signal,0,1,0.2048032021347565,0.3796318219618767,0.6465592058447088,0.5881542511926069,0.2166765063712283,0.6070713809206137,0.6368193463653777,0.6377493745992244,0.6061325131339026,0.5940871419734108,0.12735518535322377,0.6369459625491705,0.6472709781098326,0.7742703218995943
GENE_00007,noise,0,1,0.619079386257505,-0.1745005539795515,0.2992869201192131,0.5742522838201433,0.5266354868350515,0.6077384923282189,0.6006688364874675,0.59972711193152,0.6664876392017484,0.6770500136130213,0.9199602746226431,0.6003723945160454,0.8638720079689546,0.8530265973064459
GENE_00008,biology_signal,0,1,0.52368245496998,0.3165903659432157,-1.0305201926407348,0.5280083171995459,0.3295049351951495,0.00333555703802535,0.2242989934713564,0.2242643681051264,0.20933160459795416,0.18770675309195603,0.13613672714016534,0.2235773606279284,0.48139644548571914,0.4436644317467991
GENE_00009,noise,0,1,0.657104736490994,0.1869146844533714,-0.8915402508106143,0.2976477362909145,0.4188889169185716,0.004002668445630421,0.18161897821034312,0.1818077543310745,0.13980920630247454,0.12690450517489982,0.9631923542043356,0.18102234379243926,0.13044620838218707,0.10926794533923594
GENE_00010,biology_signal,0,0,0.057371581054036024,-0.3603856355766275,-0.1730316682460942,0.1456242566626678,0.3596503201043303,0.004669779853235491,0.13738166513565833,0.13525966106547246,0.1636873545462089,0.11566510049015728,0.3229429076260254,0.13678800203246785,0.2581779001761408,0.2170202951055678
GENE_00011,noise,0,0,0.8625750500333556,-0.0720605619004087,-0.2144624695568368,0.4454228346872683,0.6511737754757948,0.6084056037358239,0.5526576600614584,0.5552082562242062,0.6094536991166182,0.5793155049635927,0.8968162843510662,0.5523542867270446,0.628289323432966,0.6662807340574001
GENE_00012,noise,0,1,0.8352234823215477,0.796599139601012,-0.2672325559896706,0.3339278776738599,0.3787485680609367,0.00533689126084056,0.28879165380903793,0.2937762047582299,0.2081719967374706,0.2508481531121877,0.5763626946237995,0.2885013163030033,0.16074721742690362,0.10186522512252999
GENE_00013,biology_signal,0,1,0.2054703135423616,2.0404472219297918,3.508581864938663,0.921768193784273,0.5988361660756631,0.609072715143429,0.9732911099946947,0.9731266499273906,0.922841090937913,0.9154033253464745,0.3088198963279931,0.9735979195741025,0.09585395555419403,0.08871713463650369
GENE_00014,noise,0,0,0.4109406270847232,0.4315921904833461,0.1484990591857665,0.4758668323576303,0.4854201333042443,0.609739826551034,0.6330024431028852,0.6313650688503517,0.7074779359973574,0.637437937472706,0.7070297357711759,0.6333269046424752,0.6682152910231882,0.7723792460305411
GENE_00015,noise,0,1,0.4656437625083389,1.7783424776278869,-0.1426203807974136,0.3566653655330515,0.4850271429151102,0.6104069379586391,0.7488425487875385,0.749238875427221,0.78739412505977,0.7198782184040668,0.722339020316454,0.7501460364597665,0.33858816708258466,0.2692011327731422
GENE_00016,biology_signal,0,1,0.2735156771180787,-2.676695447958676,-3.1285241837817983,0.0617155368685011,0.3138335296147153,0.00600400266844563,0.010247335897730137,0.009974747263160196,0.019360378924804977,0.008114559394467273,0.005136605493095803,0.010063350496211074,0.662290184806644,0.6724964898829849
GENE_00017,biology_signal,0,1,0.20613742494996665,-1.3986853497613934,-1.5430674022064153,0.2090573043056475,0.2709823826948472,0.0066711140760507,0.04683110364408744,0.04608824997398663,0.05842544788807472,0.023883954857372474,0.37268217601179776,0.04632016359420027,0.31691339359075693,0.2672481593534411
GENE_00018,biology_signal,0,1,0.2068045363575717,0.1041515850306404,0.1512532468434362,0.5454504406777272,0.4935573987749972,0.00733822548365577,0.3320312109324172,0.3275200369942074,0.32147827750344665,0.4151398671075768,0.05344942015079723,0.33140997695467134,0.4285215910699959,0.46498989054492534
GENE_00019,biology_signal,0,0,0.7278185456971314,0.9726659945352164,0.9026238314492172,0.5464857506791561,0.2877086212556542,0.008005336891260841,0.46627354136235055,0.47167365665051925,0.44387462276752765,0.6415604330936333,0.21514447008377735,0.46631862172928923,0.25782082646772153,0.1921167752365365
GENE_00020,biology_signal,0,1,0.058038692461641096,-1.16629778644443,-0.6612144369145463,0.3834472654927051,0.0464112506961766,0.6110740493662442,0.2013948044641728,0.20139453849871414,0.11715068049382764,0.2075891184829042,0.0637865770546977,0.20014854962308143,0.5848129506065095,0.48856615080162313
GENE_00021,biology_signal,1,1,0.8885923949299533,0.3739047534194655,-0.0522587939308927,0.617455826847764,0.6825543213057822,0.6117411607738492,0.6961763983483401,0.6993190766608127,0.6913567447908635,0.7630123977495807,0.02497117887536704,0.6963065622789664,0.7073317183437161,0.6326261833436634
GENE_00022,biology_signal,0,0,0.7531687791861241,3.807782245535549,3.760243428618439,0.9133735494108504,0.8445692278081162,0.6124082721814543,0.9935031309638283,0.9935835896332923,0.9708798608216213,0.9666810925400359,0.059294702060679216,0.9936315342479773,0.11265940239887952,0.1361006032914624
GENE_00023,noise,0,0,0.7538358905937291,0.465509315205633,0.1830796199682346,0.7229639864013051,0.7445932660016547,0.6130753835890593,0.7715355300539385,0.770401911056928,0.7306762748110935,0.831963647814489,0.7964511193091984,0.7718647390503944,0.8500256703743725,0.7536345398847529
GENE_00024,biology_signal,0,1,0.8212141427618412,-2.570320989265285,-1.6132747529075993,0.2861105934895481,0.7346037409659146,0.00867244829886591,0.041063477554801775,0.04021196927048173,0.026194016323157775,0.05402640902658952,0.2578016432787231,0.040456793262936545,0.7737656637607677,0.7496203793872626
GENE_00025,noise,0,1,0.05870580386924616,-0.7955340498068273,-0.0905715786577924,0.5280053210658199,0.5045989223893904,0.009339559706470981,0.20504897399054767,0.20006112442477653,0.1721235752666288,0.213942332101405,0.6152519991899071,0.2039587829785039,0.5536945138073359,0.5152270796252493
GENE_00026,biology_signal,0,0,0.059372915276851235,1.011491314510648,0.9688035282831932,0.5803873548549423,0.2596723287805579,0.6137424949966644,0.7534645126412267,0.7536296534212392,0.7549937358556513,0.7398163103304749,0.3444582916175888,0.7541897999295418,0.46702878675534665,0.4857187899143042
GENE_00027,biology_signal,0,0,0.2741827885256838,2.85574170882354,3.83494551359266,0.8403090132352555,0.7316508687600412,0.6144096064042696,0.9860235363770751,0.9859234224140382,0.9353888265419859,0.9376569491053589,0.05228896643814107,0.9862468378823196,0.09869691357776231,0.14223057186736418
GENE_00028,biology_signal,0,0,0.0,-1.149664386411075,-1.0819750204897003,0.1968204936379167,0.3207228175034164,0.6150767178118746,0.18595381202188546,0.18258826169873474,0.1426056698541035,0.12712463882484776,0.24487679292025188,0.18496476738291595,0.713809095823585,0.7824288363874754
GENE_00029,noise,0,1,0.524349566377585,-0.9820466280594408,-0.3879023334207876,0.1291518809469765,0.2018262923752805,0.01000667111407605,0.07417403859355054,0.07445891498541608,0.09263140812187677,0.05294631701426312,0.6718136672355854,0.0735584498846011,0.23890329971802426,0.19055838893122212
GENE_00030,popularity_only,0,1,0.961974649766511,-0.5451244724945637,-0.5901337713424193,0.6531865054499417,0.7535437498402432,0.01067378252168112,0.2684016531395087,0.2750594407372004,0.23181615739283148,0.22071433794031048,0.4975745089220127,0.2669385051188657,0.7208071499878704,0.701179396122374
GENE_00031,biology_signal,0,0,0.9739826551034023,2.937313260695245,3.406662521823404,0.8446614098030403,0.9700433541139324,0.6157438292194797,0.9870996071698689,0.9878947770151695,0.9101611873163288,0.9338004330172295,0.007850930538970569,0.9872875676225054,0.34088345205892506,0.5582387035516655
GENE_00032,biology_signal,0,1,0.61974649766511,-2.9483232124814576,-2.5669051484805774,0.0876882355775138,0.6205338021829842,0.01134089392928619,0.015543290794411762,0.015035469369433072,0.0160327423233349,0.013778755322464038,0.34248164602524167,0.015271348616257136,0.8685372714107072,0.8864310949575311
GENE_00033,popularity_only,0,1,0.57104736490994,0.5282201109922343,-0.1756518587162289,0.2976905268737132,0.1339028517690988,0.01200800533689126,0.20643692305486253,0.20950640578392385,0.16124726542714546,0.224627588659337,0.5480822176539747,0.20595718715296726,0.06673318018203983,0.058091209774648295
GENE_00034,noise,1,1,0.12808539026017346,1.3724895445366876,-0.1141953169169765,0.6063362124115765,0.2874921358803351,0.012675116744496331,0.4595490547347657,0.45867599235886186,0.4748754524141702,0.4565229434086688,0.5589003520689443,0.45989616821819945,0.08424969670183444,0.07299317730907488
GENE_00035,biology_signal,0,1,0.46631087391594395,-1.2810821040731255,-0.3304411156079677,0.1628174500015322,0.6515666367316103,0.0133422281521014,0.10728274800886249,0.10456844513499242,0.09341772287622116,0.08501116440364538,0.004388482820732453,0.10649738176191008,0.4605913290055298,0.47254292728566866
GENE_00036,noise,0,1,0.6964643095396932,0.7274128855004232,-0.0008791477977856,0.2169583432256956,0.4326062072800906,0.014009339559706471,0.28153744045576945,0.28313538350187895,0.20247561473032807,0.23929381206575648,0.5850231012502543,0.2814053463303991,0.22543054542256646,0.17290385717060644
GENE_00037,noise,1,1,0.6577718478985991,1.178192766258438,-0.8158595710831862,0.6305836729473983,0.694987203935934,0.01467645096731154,0.4839262097621307,0.4808480947798943,0.6289344154854437,0.5324432848756161,0.8257695621653177,0.484181905735495,0.3307232037907547,0.3007769711005185
GENE_00038,biology_signal,0,1,0.2074716477651768,0.8266016118032928,0.5442203973956625,0.6458870766716737,0.7498326761817344,0.015343562374916611,0.5834438886782287,0.5755122907567688,0.7117420103685177,0.5137525185655104,0.05329073293510689,0.583851542647369,0.2657226886828902,0.29747404097048885
GENE_00039,noise,0,0,0.8358905937291528,1.0014873829830215,0.5358939350728686,0.8703805403826059,0.8373378420046113,0.6164109406270847,0.8800776056115344,0.8800473582354977,0.7568411034423321,0.8990400889885831,0.6288147728943811,0.8805495342443306,0.3344040486088491,0.3971352457786884
GENE_00040,noise,0,1,0.6584389593062041,-0.1547700785652875,0.729366495872395,0.5896093331583165,0.599166487057617,0.016010673782521682,0.3840074719087493,0.38178307465887856,0.4059220250617061,0.45763716878722654,0.7455640341212441,0.383206935373038,0.10742327673666774,0.0691184825670013
GENE_00041,noise,0,0,0.9426284189459639,-0.0893567820478744,-0.1281248176885671,0.543018762963225,0.927871537243796,0.6170780520346898,0.661144040611961,0.6649323166175458,0.6516414309063546,0.8031845112463201,0.7930652290784965,0.6609621848783317,0.7695377011791323,0.7554621847259495
GENE_00042,biology_signal,0,1,0.12875250166777852,-0.7815599461138807,-0.441527840965968,0.7160877714806794,0.2295370246127978,0.6177451634422949,0.4093427007735318,0.4073546182545581,0.37335921891476975,0.40231838800120046,0.21843498714228238,0.4079826838180114,0.29288227380129,0.3369485820581139
GENE_00043,noise,0,1,0.6591060707138092,0.5078079539928406,-0.0425693355620586,0.3073955345417511,0.6250861424767762,0.01667778519012675,0.3243573975648269,0.32252832438387286,0.29057205904043687,0.26762588940021326,0.5863864738788006,0.32416934226761634,0.1514006611277112,0.10772445146223858
GENE_00044,noise,0,0,0.27484989993328884,0.1576287132778456,0.5110358590147386,0.7468280790707377,0.7254352130908326,0.01734489659773182,0.5065931623968928,0.49841373630650504,0.6578424767252736,0.5113176963857482,0.6093042502788351,0.5062117872887751,0.4939388544640558,0.6320766088521093
GENE_00045,noise,0,1,0.7545030020013342,-0.1574834693319336,1.1918553792863549,0.5903533919686206,0.6385744837574823,0.6184122748498999,0.7109854701988044,0.7109815469481517,0.6847884466767444,0.8197749520273625,0.8766884620431067,0.7109867502954559,0.7849862808107543,0.7330519852652795
GENE_00046,biology_signal,0,1,0.6204136090727151,-0.317671677022361,-1.9174331066562345,0.2982865177491556,0.4082925847856946,0.01801200800533689,0.09839024521660672,0.09791382297548668,0.09630515444432691,0.06434850608286447,0.16315055823002156,0.09774924157041337,0.2821724379779961,0.25339883989164247
GENE_00047,noise,0,0,0.01467645096731154,0.7858602461182773,0.7982404367826685,0.3496793100821767,0.0997553160617494,0.619079386257505,0.5980720028467182,0.6000422250853311,0.5371895958452748,0.7628748909853624,0.9391118167884873,0.5986622296886711,0.45939131586378246,0.389965394561076
GENE_00048,noise,0,1,0.2755170113408939,0.9934296160828108,-0.4561130547258926,0.3000469157183461,0.1937325842765893,0.018679119412941963,0.25319562542791774,0.25420614473715025,0.21234649800737665,0.30580083424553123,0.9286941756210854,0.25306764707836843,0.16897126018900485,0.14253970275927866
GENE_00049,biology_signal,0,1,0.7284856571047365,-1.6458378149397914,-3.621390170953932,0.1026550758282062,0.2907203969407258,0.61974649766511,0.04983616532492777,0.04996599019615091,0.10362924701187459,0.038475734087097424,0.1455968277989259,0.04926085945851266,0.9450999333872631,0.835854382119912
GENE_00050,biology_signal,0,1,0.06004002668445631,-6.110541848678319,-7.429178348522784,0.0031583229742177,0.0417446261112263,0.019346230820547032,0.00016411574279794132,0.00015697063433838164,0.00779612590883367,0.008563641109654392,0.23508708704172387,0.00015792707368732757,0.9384968464423146,0.9237565396480304
GENE_00051,biology_signal,0,1,0.41160773849232823,0.8176641355813503,-0.6869098133102666,0.4410415952868557,0.7354668755464504,0.0200133422281521,0.38822786256623343,0.3818168323727333,0.45081825175677065,0.42058156892369836,0.41448006981153407,0.3883180849459474,0.37643564527104956,0.5229783843089808
GENE_00052,biology_signal,0,1,0.12941961307538358,-2.4707096854436266,-3.2470718008086297,0.1045344529890379,0.2666656031428248,0.02068045363575717,0.01125259993497047,0.0109448967595213,0.022404393629574117,0.010042645747470644,0.15425304156171005,0.011057408931796233,0.7618547073337208,0.7494252760132697
GENE_00053,noise,0,1,0.9646430953969313,0.9371616714656044,-0.0181084627758045,0.6669208355193963,0.8103267828103561,0.02134756504336224,0.5532019720336129,0.5634035385888342,0.6299240016180752,0.6524728234524699,0.6862673474479792,0.5531119048661646,0.2043305359737121,0.12228876702311332
GENE_00054,biology_signal,0,1,0.13008672448298866,1.0164481828722538,0.728609877094124,0.6917452103221485,0.5347311710557002,0.022014676450967312,0.5854533602180997,0.5806732579575264,0.7352965945445352,0.5756890970647113,0.3175522243267299,0.5858743624880335,0.3780547298068205,0.3753053162828657
GENE_00055,biology_signal,0,1,0.06070713809206137,-2.191222893463216,-0.7956342813561371,0.2484406474487255,0.1847385712252647,0.6204136090727151,0.10925077745975967,0.10788052318450868,0.058605893944982834,0.09350289757719756,0.020912125928841174,0.10813845651408839,0.48338990395810116,0.40740622957485073
GENE_00056,noise,0,1,0.6597731821214142,-0.2789545835496826,-0.397523240841491,0.6055464152436828,0.5264966879582205,0.02268178785857238,0.26172878251990567,0.2601666449332235,0.25879180157312076,0.26658422304247575,0.8640071036301455,0.2606764517338645,0.5507093647853714,0.5649858648042275
GENE_00057,biology_signal,0,1,0.061374249499666446,-3.6424453465853066,-4.191074026423473,0.0387221022237032,0.1805789130014601,0.6210807204803203,0.010043496954844322,0.00976121927371253,0.034140662882396915,0.015798552046606528,0.19673311068681898,0.009836895431684851,0.9272284788508004,0.9218196219985485
GENE_00058,noise,0,0,0.8779186124082722,0.2809180711135197,-0.1478004440397149,0.8462384494175719,0.5167252234887828,0.02334889926617745,0.4300438642901269,0.4343779608785686,0.3369681857665228,0.5819748532118464,0.85755997861896,0.4291119772868742,0.2858286520045215,0.21923324392891816
GENE_00059,biology_signal,0,0,0.276184122748499,2.325643193171013,3.535520094022218,0.9049522487151072,0.772943584506932,0.6217478318879253,0.9812214129989694,0.980968278773408,0.9243380714555635,0.9442281174650785,0.42396235977146635,0.9814747562922214,0.19229844533465457,0.22271917769830535
GENE_00060,biology_signal,0,0,0.8218812541694464,1.903494231080591,2.4220269476596057,0.951383523739724,0.933351753148082,0.02401601067378252,0.9118306625440223,0.9115143769221439,0.836129429900261,0.9233241997388272,0.32366710293461787,0.9124533969499583,0.12163006224524021,0.10156736993429451
GENE_00061,biology_signal,0,0,0.13075383589059372,-0.3615254033670496,-0.3909588861204056,0.7782495983664278,0.2514245847897198,0.024683122081387593,0.24376901743457896,0.24162791119051627,0.2472475470559833,0.24990251647250392,0.15227714061647601,0.24253593558520103,0.16336513477646816,0.12733678061339612
GENE_00062,noise,0,0,0.9432955303535691,-0.3770059903801558,0.4422811678753306,0.5477632368368409,0.8569913718658919,0.6224149432955304,0.6529344076364053,0.657751776225373,0.6070621819171486,0.7107833155542499,0.6739955920039946,0.6525373799677695,0.598228239155623,0.6633572050678007
GENE_00063,noise,0,0,0.8365577051367579,-0.1437797138446535,0.3071518069776274,0.5998485049544816,0.8735802097593934,0.6230820547031354,0.7002788760211432,0.698549855568476,0.6475905135479025,0.7620946095469671,0.7820700892378718,0.7002573666732457,0.7254831796036422,0.7392220143076129
GENE_00064,biology_signal,0,1,0.1314209472981988,-1.595963846240222,-2.9711550878409696,0.3595151254647882,0.099311881659332,0.025350233488992662,0.025231272020147355,0.024915643124518015,0.04867346935706867,0.04114356523326688,0.24991735517671199,0.024870507867540723,0.6242881860439499,0.635008520859109
GENE_00065,biology_signal,0,0,0.2768512341561041,2.4187255415570568,2.8323321344250254,0.9372845850498052,0.2600250794552221,0.6237491661107405,0.9609677510918033,0.9616420129841096,0.9437212669290046,0.9102646330205421,0.3554623144044121,0.9613854881639096,0.108628068375859,0.09105013576790641
GENE_00066,biology_signal,0,1,0.466977985323549,-2.482051326185143,-1.388151436969974,0.2173337435436633,0.2490571559522683,0.02601734489659773,0.02541399305345673,0.025124201432973337,0.027830922653983663,0.017833426198122712,0.44143921719933144,0.02501293077686862,0.8164748358223181,0.8777323057068993
GENE_00067,noise,0,1,0.7771847898599066,-0.3919372682230144,-0.4413091501113273,0.4708659663720743,0.5298975118433464,0.0266844563042028,0.21025815204340195,0.21033495721715859,0.1686233893661152,0.16291330438117566,0.88192819521332,0.20926041038474516,0.22095488177975278,0.16363141507890225
GENE_00068,popularity_only,0,1,0.981320880587058,-0.0090603190723997,0.3041565958835427,0.4079103158417947,0.9429252924262796,0.6244162775183456,0.6605049544887894,0.672973723876212,0.6871407146079065,0.7790956324128001,0.5054080080561515,0.6603265821884312,0.6040970358788128,0.7062543469853073
GENE_00069,noise,0,1,0.7551701134089392,-0.1043327509974659,-0.3219880833021799,0.3622825896839959,0.4797273294038467,0.6250833889259506,0.46171921833630913,0.4636518485041508,0.5211358081995743,0.3752554147761835,0.646268271982237,0.4612861117153033,0.49036409351851673,0.6222133597540809
GENE_00070,noise,0,1,0.7558372248165444,-0.6787884014353435,-0.0046419205558098,0.3272038130371568,0.7364907354119642,0.6257505003335557,0.46416245658363564,0.4614433285406082,0.4757595579105122,0.4757467798539083,0.717016554748685,0.46349597594256625,0.805909420145044,0.7283744656817095
GENE_00071,biology_signal,0,1,0.27751834556370913,-4.677159281120129,-5.787379191523753,0.0165707296952854,0.1743355236245191,0.027351567711807873,0.0008745284071113495,0.0008445380041624646,0.00961730417411955,0.006696741421526731,0.010890593394438097,0.0008485275884323396,0.9029188457363119,0.9412229070240709
GENE_00072,popularity_only,0,1,0.9653102068045364,-0.992325127072774,-0.8714483588494787,0.7829012573589087,0.8439468156567179,0.028018679119412943,0.25040940310103427,0.25542763462110085,0.2025180478100617,0.18090491705191072,0.527305490900662,0.24862631133166238,0.7272165149088411,0.7341088318907111
GENE_00073,biology_signal,0,1,0.00066711140760507,-1.859075294102971,-1.9518180437335029,0.0449985337463271,0.3030587804001904,0.028685790527018012,0.025474625416199718,0.024725472663938933,0.0525637551277177,0.012612012633686115,0.2571144403408636,0.025146965571123774,0.7929308981610472,0.7646348287590017
GENE_00074,noise,0,0,0.13208805870580387,0.8251914415843338,0.1025127703531506,0.4044505247160532,0.2677024651224413,0.6264176117411607,0.6049558338991434,0.6050132146634893,0.6546105158381734,0.7304571121871554,0.9692918088084088,0.6055342143722593,0.7290216306749276,0.8004311024201807
GENE_00075,biology_signal,0,0,0.9586390927284857,1.661957139784267,2.8788150880451147,0.9012897513998958,0.8922176933544398,0.02935290193462308,0.9000191582125983,0.9036827587568783,0.8064456661780062,0.8564638152750593,0.3518532363897364,0.9005531152286439,0.19070044577297046,0.29632891303466996
GENE_00076,noise,0,1,0.015343562374916611,1.0012070713432106,-0.1195220956941705,0.1531612845927244,0.3652029837340454,0.030020013342228154,0.27779686313728674,0.2751311638300798,0.2796304085160197,0.4405968199621499,0.6736235915774802,0.277982082208542,0.12801945674212475,0.1971377256959413
GENE_00077,biology_signal,0,1,0.06204136090727151,-2.0236469231723024,-2.067289714174325,0.2516332924443679,0.292799969575217,0.030687124749833223,0.029109024359260438,0.028345506209666606,0.034036498099071,0.017212207295903517,0.29209862999783465,0.02870002075870638,0.40219623913394453,0.3514337259278927
GENE_00078,biology_signal,0,1,0.13275517011340893,-1.7066729697068324,-1.84806860373538,0.2341737267555631,0.3428019422934292,0.03135423615743829,0.03923983339552317,0.03826818896593638,0.044233183638575056,0.01960777831307759,0.2532427122640235,0.03875998183302906,0.3499118355581371,0.31300828877918296
GENE_00079,noise,1,1,0.7291527685123416,0.0507355754799312,-0.8746604435047405,0.4877105255591693,0.6210853387389159,0.032021347565043365,0.2534993347045755,0.2518661681534301,0.27176095198009736,0.2173154902016039,0.7505060406224299,0.2527258921344969,0.28363260918639105,0.2717701409587945
GENE_00080,biology_signal,0,1,0.7298198799199467,-2.4708222973861083,-2.5279245960828094,0.0987694063015915,0.6416387651250718,0.03268845897264843,0.02177809669339953,0.02123569448462979,0.020121564062659757,0.024776275859063484,0.06339421348846708,0.02144075838402928,0.837462856462076,0.8610376239987849
GENE_00081,noise,0,1,0.7304869913275517,0.0197992224499104,-1.137085913105348,0.7902914299178054,0.8392868800263336,0.6270847231487658,0.6569507472269942,0.6523194482641486,0.655239373866199,0.5501740145665412,0.8046833257296097,0.6567131899728869,0.8717766777954048,0.7608188984490399
GENE_00082,noise,0,1,0.4676450967311541,-0.1940856555144137,-0.0985598182644929,0.7866479738935224,0.4248567740030689,0.0333555703802535,0.3280016745218247,0.3257903604470088,0.3742362024749666,0.4684904148002013,0.6796746382649917,0.3268490183904589,0.421567465489735,0.45214947946016915
GENE_00083,biology_signal,0,1,0.7311541027351568,0.810601775229383,0.619559893084455,0.2489457511824381,0.6612416773131871,0.627751834556371,0.6934659527037859,0.6937429870061068,0.6640697763503375,0.6416264066778832,0.1417994758222666,0.6943540634242074,0.21749707974623753,0.18670174330171224
GENE_00084,noise,0,0,0.9106070713809206,1.1138814296782031,-0.1918294912876073,0.5154472691383469,0.8000073199243637,0.03402268178785857,0.514373012930571,0.5172861904420503,0.7054130732232547,0.6069447904780034,0.9040344183927222,0.5146824064544114,0.16471152257373287,0.19678365135874354
GENE_00085,biology_signal,0,0,0.9159439626417611,2.157678683509992,1.6140328217338666,0.8243368309148474,0.7656577940589451,0.03468979319546364,0.8572201770184228,0.8602243207238431,0.8750256543535876,0.8887404874769693,0.2221549126554042,0.8580690225980918,0.06118971447987542,0.040910443112515446
GENE_00086,biology_signal,0,1,0.00133422281521014,-2.1459900102516114,-2.374844918953303,0.195735109802648,0.3799064622974792,0.035356904603068715,0.024711082594790483,0.023796767302608532,0.03236208845099677,0.014257344496252234,0.17775871517402875,0.02435607647976156,0.7009821153857969,0.8629020436245471
GENE_00087,noise,0,0,0.8519012675116745,0.2675861687778609,0.063037320773615,0.7468583023793565,0.5229747456611546,0.628418945963976,0.6936768241023203,0.6974205307830381,0.7100118865813101,0.7649683808115979,0.5914520689503752,0.693588069541347,0.5585663252737607,0.5188672448398557
GENE_00088,biology_signal,0,1,0.4122748498999333,0.3244677534451814,1.530678889704256,0.7925387947634663,0.3644464281867885,0.03602401601067378,0.5404308116719778,0.5399727043425951,0.6093543119297742,0.6951587885983882,0.32652672674472705,0.5400570886055241,0.16409388634338726,0.1594791894197868
GENE_00089,noise,0,1,0.571714476317545,-1.079437377361534,0.1990382357869823,0.2651930536225773,0.4721352636733797,0.03669112741827885,0.13512574719353188,0.1338839554954457,0.10400877369810438,0.09306708388450859,0.7823728158255249,0.13420956585825516,0.11088928751457969,0.10764041643784358
GENE_00090,biology_signal,0,0,0.41294196130753835,1.2712556957843888,1.5020613189300769,0.710934707841376,0.7369722572380062,0.6290860573715811,0.9008672423072799,0.8993848957920564,0.8674729586080898,0.9034108143350874,0.35125748159938897,0.9015068047466761,0.6393760848786255,0.7185154004668016
GENE_00091,biology_signal,0,0,0.5723815877251501,-0.3923380735134631,0.1919420671571941,0.3483891096424381,0.8191880123208597,0.037358238825883926,0.2861081173953512,0.28007608287663427,0.24329060621954965,0.26012742856509824,0.1277458472928732,0.285386765757122,0.5712077147102735,0.7303617840843682
GENE_00092,biology_signal,0,0,0.800533689126084,2.5349354493960936,2.208839448116691,0.7851299552000505,0.3554751826969512,0.6297531687791861,0.9479414088696083,0.9498156707014832,0.9238752531972839,0.9592692692390782,0.018459219293003093,0.9484780826123383,0.10810622180117216,0.07288416958502139
GENE_00093,noise,0,0,0.7318212141427618,1.043726859917101,0.0297255519260926,0.7018265374210244,0.8801426010637107,0.6304202801867912,0.8380960889579312,0.8361014760626898,0.7807894761648536,0.8293648597596776,0.6074050952568485,0.8387544357726764,0.3494714631589718,0.45182494419200403
GENE_00094,biology_signal,0,1,0.2781854569713142,-3.1573601725181426,-2.98969725999287,0.1070667857320227,0.1602559520985933,0.03802535023348899,0.007201622402740802,0.007061981136217591,0.01694535013118431,0.009587566909083916,0.09722836814770397,0.00705339720784197,0.8485468925022513,0.9220982934720551
GENE_00095,noise,0,0,0.4683122081387592,0.7211390625859794,0.8608511884602512,0.3831944589104274,0.7337134624896349,0.6310873915943963,0.7583401380870411,0.7551654324981503,0.7294909633991855,0.7932603013599369,0.5688047552588942,0.7591729347390254,0.6532772912046942,0.7325083856779809
GENE_00096,biology_signal,0,0,0.4136090727151434,3.732847053507277,2.691485934678272,0.9429576276889832,0.3461096273722126,0.6317545030020013,0.9831364693626794,0.9835244721585225,0.9706190294804256,0.9603363676564118,0.09520850282565896,0.9834143661601629,0.01728107712560356,0.04618137406089394
GENE_00097,biology_signal,0,1,0.34623082054703136,1.0521307265161184,0.5862472128483058,0.5017356493514374,0.7139922485135434,0.6324216144096064,0.8017861335891442,0.7986204242569245,0.8113910086707922,0.8152067100822604,0.4279240751485227,0.8026645746390852,0.5049817941921236,0.5216253961719058
GENE_00098,noise,0,1,0.133422281521014,0.4042565717616566,-0.0408763220199135,0.2911513946106964,0.3623769096258513,0.038692461641094064,0.249201908718654,0.2469389882795979,0.22823791667480797,0.30301587224835386,0.6712098246073652,0.24885137449817288,0.22132619359009392,0.20055528587780144
GENE_00099,biology_signal,0,1,0.4142761841227485,0.0878501834719514,-0.67074350216505,0.3030897046524038,0.6172931650257969,0.6330887258172114,0.48099315060777253,0.4763384547065795,0.570449457218124,0.2899538913637607,0.06819126479253967,0.4809651584528879,0.6359730572401406,0.6661907417485774
GENE_00100,noise,0,0,0.962641761174116,-0.6038717499355737,0.5127370506727389,0.570614771495071,0.7716130145647639,0.03935957304869913,0.3274405929060484,0.3352101917445759,0.27956917692997696,0.27899145321994195,0.8960184470229624,0.3260444814348293,0.3175195935552811,0.39550168595259116
GENE_00101,biology_signal,0,1,0.016010673782521682,-2.845041850609161,-3.6035141838021154,0.0315935791488976,0.1607150772308943,0.6337558372248165,0.01972572424895835,0.01926447971755078,0.04710734908317209,0.022748862416919462,0.20156242163950566,0.01939998900132561,0.9325421548448373,0.9136621784326345
GENE_00102,biology_signal,0,0,0.6604402935290193,-0.8335828126691778,-0.931492526776212,0.4842314155875156,0.5402768243294686,0.6344229486324217,0.35835765644631706,0.3563800615672549,0.46092835991263126,0.2889969623274638,0.27864409394128464,0.35715682008699906,0.8433752797922688,0.8574608038601772
GENE_00103,biology_signal,0,1,0.20813875917278185,-5.123157741038545,-3.818432568502522,0.0329538491011258,0.6280063794456439,0.0400266844563042,0.0024178477968606967,0.002267855845793039,0.007090784642669435,0.005541847750011473,0.1374614318266708,0.0023512605950583754,0.9482805254066593,0.9062990875913111
GENE_00104,noise,0,1,0.9386257505003336,-0.039925766890404,-0.4618105188356762,0.6706490066558121,0.8151209463921075,0.040693795863909275,0.37055194842633804,0.3744928331240827,0.3887866378394094,0.39087729092253043,0.6672861616127904,0.3695037122327094,0.4826851638716257,0.5593901540236271
GENE_00105,noise,0,0,0.9166110740493663,0.0636720712187431,-0.6062584328913861,0.6745621072189553,0.8678036211208192,0.04136090727151434,0.39102773502090704,0.3916051011291364,0.4419172537936733,0.4313803153736497,0.8205198455071183,0.39015297110401187,0.5524759845549817,0.7606864485651179
GENE_00106,popularity_only,0,1,0.9259506337558372,-1.011399915929993,-0.3970886937996745,0.175816115559182,0.8515485944778418,0.042028018679119414,0.14513975448996216,0.14571215765548473,0.1354182036777262,0.21650071576033258,0.4836336298209064,0.14420948306439693,0.6066115548206772,0.7434775483038457
GENE_00107,noise,0,0,0.9172781854569713,-0.0811419079350531,-0.2260791210553983,0.2713666870774385,0.637725144600358,0.6350900600400267,0.48073052289940854,0.4864713171684086,0.516781421697197,0.43020425739977597,0.7866761648447506,0.4803824515594424,0.47371034914497656,0.4540973396334814
GENE_00108,noise,0,0,0.6971314209472982,0.614580767385259,-0.6357500529172031,0.6990510986705236,0.8635978950130171,0.6357571714476318,0.7513369469025687,0.7476504498694247,0.718500632028698,0.7039941823334169,0.7310550799265016,0.7517692652754259,0.8700794139000457,0.7633316790451028
GENE_00109,noise,0,1,0.4149432955303536,0.6838978634648234,-0.3361939174232454,0.6698105755189302,0.435395065001281,0.6364242828552368,0.6770938700987854,0.6761446649911441,0.7897040861142919,0.6311523189937128,0.6880358362143351,0.6774131826179461,0.7051540024946551,0.6089129612279056
GENE_00110,popularity_only,0,1,0.9699799866577719,-1.6236510178190622,0.3385605418458295,0.3955016977204201,0.850266236933805,0.04269513008672448,0.1696402757373644,0.17445871450825876,0.1337262702907715,0.20376929637358845,0.5471283351162438,0.16816190398543854,0.7585753037144686,0.7689435139754958
GENE_00111,biology_signal,1,1,0.41561040693795864,0.9520129269226312,0.7121065248266736,0.4802381451847513,0.5923849802960768,0.04336224149432955,0.5126217258657582,0.5091250536508937,0.5520429514859925,0.5229659533415258,0.015863911480059167,0.5130598203866528,0.2887746225545174,0.30903740655391204
GENE_00112,biology_signal,0,1,0.27885256837891925,-3.00086963900557,-4.397040832910444,0.0479563081546148,0.61121284262389,0.044029352901934625,0.007180125827061856,0.006825188111857017,0.015666372288012858,0.008334440935339131,0.12175786180453185,0.007040991224537642,0.9025586160298333,0.8337949420030817
GENE_00113,noise,0,0,0.6611074049366245,0.6476645828869706,0.5720088668143508,0.6514764956069876,0.6129786134743046,0.6370913942628419,0.7736194139524845,0.7731751625154563,0.7830025644979149,0.862084464079361,0.631516779764359,0.7741038548716842,0.20875334652188088,0.17579452190769107
GENE_00114,biology_signal,0,1,0.8225483655770514,-0.8866161999627493,-2.6661525402351467,0.2025793131902095,0.6920094037019521,0.637758505670447,0.17961611289253185,0.17840523868094715,0.21839921996408138,0.11840620841146411,0.035708309509317915,0.1786468464140644,0.6284050131953599,0.5592364754874193
GENE_00115,noise,0,1,0.46897931954636424,-0.595995487765013,-0.0229931731179208,0.5419903679999382,0.2842621136235458,0.04469646430953969,0.18955659697091723,0.18924395705148858,0.15034000095573483,0.16604426229074049,0.9117667926019554,0.18846303102286527,0.2893238756122592,0.233465031720925
GENE_00116,biology_signal,0,1,0.7565043362241495,-1.3884603531981723,-0.4776147206553707,0.5534376476048521,0.7810139512973335,0.638425617078052,0.40536788325707956,0.4006744814826996,0.5217473707758964,0.4494373310687754,0.03999680526906735,0.40384063246565616,0.6863749031014452,0.6600411915407933
GENE_00117,noise,0,1,0.20880587058038694,-0.9233793811675955,-0.4387185972605573,0.3060480497847914,0.2199852200053293,0.04536357571714476,0.09803879493705721,0.09727011376611797,0.09799689380747631,0.06471436063563382,0.7873692688538032,0.09727486155386002,0.3383642509611077,0.28436437966352895
GENE_00118,noise,0,1,0.4696464309539693,0.0702290484214096,-0.1655376242714508,0.6854628438797169,0.5607047686156642,0.6390927284856571,0.6434281356078538,0.6404239643570715,0.7377179246531251,0.6924834313103315,0.9664337337209404,0.6433109771985115,0.5979655050020337,0.6363273932505417
GENE_00119,noise,0,0,0.209472981987992,0.6362068152590103,0.6172325083347365,0.4470568254128196,0.3374365923094777,0.6397598398932621,0.6556591941319391,0.6552183860851636,0.6691355242119389,0.7332354706170537,0.9734770835687702,0.6561881862516427,0.5535986540753229,0.7237446761778134
GENE_00120,noise,0,0,0.5250166777851901,1.1851910193912751,-0.1068148848874569,0.3945334422345351,0.8000887868077541,0.6404269513008672,0.7603148348301177,0.7568088162335962,0.782678040046937,0.7547227876248026,0.8059284529540762,0.7613550094558822,0.6735409369298999,0.7096094693660301
GENE_00121,biology_signal,0,1,0.4703135423615744,-0.5379688443948948,-1.1890570903631734,0.4075684112656392,0.6409735084398294,0.6410940627084724,0.38146830431600864,0.3760920047979753,0.4940745509124895,0.22028984256334014,0.06144241745699719,0.3806569098670437,0.6883890513129259,0.6384549901609236
GENE_00122,biology_signal,0,1,0.06270847231487658,-1.1331801037675957,-0.9047942543826676,0.5276155405911774,0.4016442455654847,0.046030687124749836,0.12010360333993626,0.11718133187558197,0.09652195037025091,0.09312391595659232,0.027496152095587312,0.11910774333005335,0.3336031612611783,0.31134064397914996
GENE_00123,biology_signal,0,1,0.21014009339559706,0.1026868623217244,0.3383154294399586,0.3767384629448365,0.2791141648912275,0.0466977985323549,0.24602502899978815,0.24499955826455683,0.20815975155309993,0.270159093588781,0.3986045308917122,0.24541179921040057,0.1308348471978656,0.12670710196214338
GENE_00124,biology_signal,0,1,0.21080720480320214,0.7184303191074631,1.3887781486846045,0.6324137640326472,0.2154019908685403,0.047364909939959975,0.48886666002045165,0.4897064489135674,0.451655563162005,0.5089197934526899,0.30725936593225545,0.48881327376053224,0.11542171714192002,0.1709737818070161
GENE_00125,noise,0,0,0.5730486991327551,0.1672509314279969,1.1427487208884608,0.6226493971407373,0.6487055723141785,0.6417611741160774,0.7598739883478887,0.7579671412725218,0.7468173626129345,0.8563055372945715,0.8469373520197346,0.7601740573734728,0.586318965698169,0.5979647420593736
GENE_00126,noise,0,1,0.01667778519012675,-0.8797322448986543,0.0426726511063485,0.1538197288294632,0.546458721608749,0.04803202134756504,0.1361675323669934,0.13215099785465273,0.15124669641830432,0.10143784636830053,0.5847942335893986,0.1354473646692138,0.5578263520615604,0.4762411674473604
GENE_00127,noise,0,0,0.27951967978652437,-1.7902502159464737,0.8999955151400838,0.7532380082864727,0.498225582658432,0.04869913275517011,0.21704118353265858,0.21240632821290262,0.21058703839021217,0.3950997887878094,0.9802457130904468,0.2152738770472135,0.3615549241143603,0.3765195192766374
GENE_00128,noise,0,1,0.2801867911941294,-0.2232046330333549,-0.3902069538969462,0.4645687798692467,0.1644060890345139,0.049366244162775186,0.16731894935650515,0.16736638540888893,0.14838916528614107,0.12420181407258542,0.6121061122040472,0.16646199656100985,0.1739423046705601,0.15957596583771433
GENE_00129,popularity_only,0,1,0.4162775183455637,-0.4072445470460076,0.0973362833634264,0.3326807139310447,0.3822179627573784,0.05003335557038025,0.1856725354465722,0.18438417026713688,0.1505991802716903,0.1566883032194665,0.45372602377621196,0.18485610649053968,0.30005220396483523,0.31407892493013057
GENE_00130,popularity_only,0,1,0.9893262174783188,-0.1383266518264495,0.0194931807981697,0.5153838658098197,0.9121471921392412,0.050700466977985324,0.35540124401788553,0.3753229809897054,0.4134181370598702,0.37825846382950634,0.5168747074500369,0.35407679946896053,0.28963863832037723,0.31516806813185944
GENE_00131,noise,0,0,0.06337558372248166,1.1673055432592616,0.4489620728217555,0.6442289075909456,0.2590014898124342,0.0513675783855904,0.48716471358315333,0.4862091614179751,0.5037544021710628,0.458533287665983,0.6423488803210945,0.48741496373025156,0.13966148369313475,0.13086680930042047
GENE_00132,noise,0,0,0.2114743162108072,1.006316139862653,0.6397190879744444,0.783708347315313,0.2588372880456875,0.6424282855236825,0.7820999969189413,0.7827614740697463,0.8200646332262714,0.6403481266337725,0.6961972299155403,0.7826309301945704,0.2610087980008884,0.20686147031928379
GENE_00133,biology_signal,0,0,0.8892595063375583,2.749662606060264,3.558230566814693,0.9350156031020076,0.486055880395123,0.6430953969312875,0.9801543667506661,0.9810569836635741,0.9442959416832136,0.9685687057102507,0.3039054685609811,0.9804107655238062,0.12341617382293193,0.10979145241522535
GENE_00134,noise,0,1,0.06404269513008673,-1.0302739674546153,-0.7702760140630119,0.2059090318103225,0.2079644906466747,0.05203468979319546,0.07141419881007285,0.07052937152224198,0.09283322928153237,0.04560571480639076,0.669470160274479,0.07080235829995216,0.3776129962562044,0.324174024544596
GENE_00135,noise,0,0,0.47098065376917947,-1.6842733203454217,-0.0171898863696637,0.824028413511278,0.5002999526216695,0.6437625083388926,0.4237210442467132,0.41918111699577226,0.5094030128599262,0.6019313285730985,0.8170095631688304,0.42169471352964427,0.9163611203873091,0.8839700593340819
GENE_00136,noise,0,0,0.6617745163442295,1.1084537831679224,-0.2536546330710587,0.7751670425892979,0.807071298807414,0.6444296197464977,0.832472160707043,0.8303689094629156,0.7793068030133029,0.8258903207876915,0.5932750770800541,0.8331032721996526,0.2715082759636971,0.4246490296636063
GENE_00137,biology_signal,0,0,0.5256837891927952,0.5109663797100109,1.0889345854222428,0.7894419556382163,0.2169644628601624,0.6450967311541027,0.7485200644462289,0.7515636348637772,0.7436081235669878,0.623968569867643,0.3407273660954586,0.7487048376242634,0.4117773308358823,0.42373137543780925
GENE_00138,biology_signal,0,1,0.13408939292861907,0.4711460013177949,0.630491416574694,0.6188334116248346,0.2181464867805795,0.052701801200800535,0.3777623016156387,0.3772671488627998,0.3342498956474534,0.333783131917659,0.28535157810529554,0.3772968947281765,0.201689747979728,0.19198918541738544
GENE_00139,biology_signal,0,1,0.6624416277518346,-0.5050489111667558,0.7260842481407848,0.5781262681110148,0.5183249671511373,0.6457638425617078,0.5888908416306966,0.588430784003132,0.6153831387662866,0.6769198337194245,0.18975708931120494,0.5883346906730876,0.45687637787415797,0.6286849717724488
GENE_00140,biology_signal,0,1,0.6631087391594396,0.505095006520192,-0.9605533827107118,0.3872604755104412,0.4205938079189227,0.0533689126084056,0.23090382463707534,0.2313215280701492,0.19138332974387062,0.16497506517802535,0.15929106864081144,0.2303969927889804,0.13567597748691665,0.11463206092233524
GENE_00141,biology_signal,0,1,0.06470980653769179,-0.1706208425797553,-0.7924096447348489,0.1558640670110668,0.1435260707444526,0.054036024016010674,0.10078482049586436,0.10036988446854704,0.14553381386384615,0.11136388974020614,0.14051363887612356,0.10025775138615049,0.4533738941355057,0.401651103233182
GENE_00142,biology_signal,0,1,0.9459639759839893,-1.7099810177860093,-2.1317784120492163,0.312757047963533,0.829607148719879,0.05470313542361575,0.06291504229480331,0.06344586362843782,0.08854594269471211,0.12544269137822286,0.04330233925391613,0.062156443772533224,0.9271320877047912,0.8978308147820864
GENE_00143,noise,0,1,0.8525683789192795,-0.1198898093165788,-0.9519725597524402,0.3394838043844836,0.6271417503326094,0.05537024683122081,0.19219869619478389,0.19280526635566608,0.18388842161689223,0.16103285970614548,0.7770991666478031,0.19141884921539876,0.386841105369592,0.330456369401928
GENE_00144,biology_signal,0,1,0.06537691794529686,-1.5743373111536716,-2.4862207646346395,0.0454827248329922,0.3083459661218035,0.056037358238825885,0.024881883183864306,0.024253608790045747,0.05074333416934804,0.015422722484304369,0.20118846968695214,0.024574772488079207,0.5588406536950113,0.5371356885223356
GENE_00145,noise,0,0,0.7324883255503669,-1.1185520982046406,-0.0656812856918454,0.6894668456624301,0.4173566664964724,0.05670446964643095,0.19167788917823594,0.19159396337827211,0.15661328362574548,0.2550486835673291,0.5565401811929424,0.1902247601959188,0.41310786527521315,0.37014018753145167
GENE_00146,biology_signal,0,1,0.06604402935290193,0.8265110962681154,1.3185264768309517,0.8632170299234015,0.4291458189518219,0.057371581054036024,0.641086091157804,0.6375461605765648,0.7804875837528568,0.6294308738283804,0.015079736239193231,0.6412936545818777,0.15783852818723157,0.12326465056786383
GENE_00147,noise,0,1,0.9533022014676451,0.0121365242772969,0.5053745562466828,0.6156155771249738,0.8920322215652796,0.058038692461641096,0.4672458822012868,0.4731361647809732,0.5207962976857924,0.5005236654428581,0.7028765292529282,0.4664798598269907,0.5295412899040235,0.4092876811697636
GENE_00148,noise,0,1,0.9466310873915944,0.3323766767052371,1.081510676073455,0.4437779615644447,0.8302784901094769,0.05870580386924616,0.49249580920879277,0.4991991377830372,0.6196273720552644,0.5036842159771397,0.6773308591332751,0.4922456709493919,0.31911580216346186,0.27594827946495853
GENE_00149,noise,0,1,0.6637758505670447,-0.624243083797386,-0.1941939487994721,0.5994495084483018,0.6828685875678323,0.059372915276851235,0.2684897398382826,0.264676505685696,0.26694980214211184,0.19372877026106133,0.8180595556376014,0.2673098769727682,0.46853933809243714,0.5598577424385768
GENE_00150,biology_signal,0,0,0.9266177451634423,1.3605448741386004,2.0408659618449274,0.685484313494633,0.7874212088750852,0.6464309539693128,0.9198541449793156,0.9219860648434375,0.8402488280706307,0.9171074622002294,0.23474537602770718,0.9203761340743756,0.6118550047658265,0.6590185011346597
GENE_00151,biology_signal,0,1,0.066711140760507,-3.1578413208470137,-2.453598092847405,0.0356105360644361,0.123162168057778,0.06004002668445631,0.007670404898712109,0.007500672142297482,0.02080836035608989,0.008489438324785206,0.09093298419251628,0.007517760080262147,0.8966641241043397,0.8763944038830108
GENE_00152,noise,0,1,0.3468979319546364,0.8097066313236365,-0.8610482465562577,0.3915562955721238,0.4693456725815454,0.06070713809206137,0.28877668992542477,0.28622807463949673,0.26787429708542887,0.2894123405960277,0.9865726359437679,0.28859719264657,0.26813923650763116,0.22719733429038397
GENE_00153,biology_signal,0,1,0.13475650433622416,-1.424835096256917,-2.638494209391507,0.1284667010570055,0.2451194337014922,0.061374249499666446,0.026892457814992707,0.02637989964852639,0.050769204794713106,0.018529532840310788,0.05436724716322505,0.026561674773380624,0.7146661137018111,0.8211571745812558
GENE_00154,biology_signal,0,1,0.06737825216811208,-3.801588724998824,-2.9515533723637697,0.1697284464674433,0.2457603743703685,0.06204136090727151,0.005974081890062573,0.005766801707339609,0.013186368649573496,0.008874263185026487,0.09719882751410913,0.005837965363596816,0.6226247237976045,0.7163884719112508
GENE_00155,noise,0,0,0.6977985323549033,0.0832705023876078,0.2304565404375219,0.5902961141841314,0.3687323214181524,0.6470980653769179,0.5935194751573852,0.5963843619375232,0.6795078505536686,0.6378373278981112,0.5967516991584486,0.5932666525804882,0.48350455351993,0.4284597836979899
GENE_00156,biology_signal,0,1,0.2121414276184123,0.1611173048461987,0.4663132901358353,0.5631526850495047,0.8705231181130659,0.06270847231487658,0.47879127946193245,0.467890873957679,0.5617256647822513,0.39292806714709466,0.3077736340007077,0.4786425179969951,0.6154892006072736,0.6619578983191452
GENE_00157,popularity_only,0,1,0.9559706470980653,-0.7902682964838094,-0.4789324184329326,0.3955988122555101,0.8202222504904919,0.06337558372248166,0.19724616266773884,0.20119717365595205,0.21768920175621473,0.217503075668327,0.4974631616246358,0.19604454540532498,0.5788123029954896,0.5069944866819933
GENE_00158,biology_signal,0,1,0.3475650433622415,-1.158994752619085,0.3162513075908642,0.3870400256776626,0.7209794830269385,0.06404269513008673,0.19949197987457878,0.1937605233295359,0.17813566357062874,0.15966015195566333,0.3452628761485751,0.19839009628939006,0.5872636622806701,0.7372308619356864
GENE_00159,noise,0,0,0.9472981987991995,-0.3743186252636551,0.0218910126965794,0.3686960743810517,0.6363942410792243,0.06470980653769179,0.23141134611690328,0.23739665050939385,0.19735091893206558,0.16514059050384391,0.9746044969012195,0.230366541288033,0.4636347938316459,0.500829965832182
GENE_00160,popularity_only,0,1,0.47164776517678453,-0.1005236419189903,-0.198194134731151,0.5374966722192727,0.6230581256073967,0.6477651767845231,0.5817651710063869,0.5774952946380414,0.6742903666495063,0.5881554054449284,0.5123295446421107,0.581573536387305,0.8044058590271161,0.7968910877983497
GENE_00161,biology_signal,0,1,0.01734489659773182,-3.69902787711253,-5.590934650040008,0.0106519919027299,0.1775954166649443,0.06537691794529686,0.0017307328828065486,0.0016655365590841347,0.013748434350471087,0.008404976866770468,0.05697008184314567,0.0016871340862804046,0.7864122396611236,0.851500893660206
GENE_00162,biology_signal,0,1,0.733155436957972,0.5451322125079417,0.3671917913250367,0.4419374045590174,0.6041506539693675,0.06604402935290193,0.4038596013729921,0.4034146496408807,0.4336380070201712,0.363108708900133,0.43719463187793606,0.4036977321105496,0.14584066903729792,0.12015193412455949
GENE_00163,popularity_only,0,1,0.9773182121414277,-0.103535303947957,-0.1037593642325941,0.4752440069997284,0.8480767746116207,0.066711140760507,0.32916845025318336,0.34022629405613464,0.3992594887233403,0.34414249823144005,0.5368760319733129,0.32809063512386766,0.43589840046506534,0.5840432254761369
GENE_00164,biology_signal,0,0,0.8232154769846565,2.70210839614096,3.6269529140972936,0.9636012108595384,0.6594658861629203,0.06737825216811208,0.9520785518711673,0.9530160766540908,0.9065082326538609,0.9592212319701754,0.25790400209713604,0.9525886680535506,0.12288100399169181,0.13372334817847606
GENE_00165,noise,0,0,0.733822548365577,-0.1850989323160761,0.0072594499370679,0.6244292543397291,0.6037335536001274,0.6484322881921281,0.6095977964946304,0.6088641213083434,0.6803220398767248,0.7001303173265535,0.8881884190803758,0.6092385890716283,0.6755453903049171,0.732696210353539
GENE_00166,biology_signal,0,1,0.8632421614409607,-0.8074870571063762,-1.484716527227612,0.779691149197305,0.6556241980967157,0.6490993995997332,0.4412629853338173,0.44173715352714493,0.5651403908668746,0.34927636149364194,0.002627797034006396,0.4397413469262372,0.7363409687033698,0.6319173770161192
GENE_00167,noise,0,1,0.21280853902601735,0.0901323416444941,-0.7652131217224173,0.3781014254750053,0.4168083600398737,0.06804536357571714,0.20013934696799068,0.19741898948872158,0.18168661166212519,0.18957201593094686,0.7875289601591342,0.1995107973472247,0.3034369424024826,0.3045196511563437
GENE_00168,noise,0,1,0.6644429619746498,-0.653316371196582,-0.0755575324699765,0.59923912233679,0.8695767804870379,0.06871247498332221,0.3184905743301353,0.3117119840963959,0.36561520385013135,0.20954266924016918,0.9536178574317976,0.3173642050085908,0.5912402942728718,0.7358609277352499
GENE_00169,biology_signal,0,0,0.13542361574382922,0.8731077834174626,2.013548542637265,0.6243213185276573,0.4675308730344957,0.6497665110073382,0.8491669164078404,0.848050020439679,0.7987746571296891,0.8304320806321753,0.08725700888510823,0.8498335418014354,0.2555322363027059,0.19321692262404364
GENE_00170,biology_signal,0,1,0.8372248165443629,-2.031235863281373,-2.188850981156228,0.0857413384347835,0.791475267042994,0.06937958639092728,0.03689370818627252,0.03615380693048909,0.029704596861311137,0.07449832743366128,0.4398620750329725,0.0364222180283642,0.7087062743638369,0.7631925294961519
GENE_00171,biology_signal,0,0,0.6210807204803203,-0.0297205945928459,0.6114528015624073,0.3812624428560177,0.5691504249317215,0.6504336224149433,0.5952773581857909,0.5942040534112809,0.5878108293119028,0.5925250468976838,0.2960212436837576,0.5953200719541493,0.5646841684664308,0.6348062258154133
GENE_00172,biology_signal,0,0,0.7344896597731821,0.4684215342723075,-0.0803599215372431,0.6123888506329267,0.5247320712379261,0.07004669779853236,0.3890570373634735,0.3893382099308574,0.4408818320420681,0.4583410428020077,0.003225509254244918,0.3885655647750219,0.5425311487445232,0.6405596817841849
GENE_00173,biology_signal,0,1,0.3482321547698466,-0.8946387800445954,-1.0547097228553255,0.177844144432346,0.3941701309069446,0.07071380920613743,0.08133517786408086,0.08012678842310529,0.08912260405712241,0.04359163028443238,0.4108126344046189,0.08071161474378095,0.07671449532064067,0.058600544546071005
GENE_00174,noise,0,1,0.01801200800533689,-1.7134106074009825,-0.0291533338903269,0.4322225947332141,0.4730012167686588,0.0713809206137425,0.1118447192406013,0.10837145956267664,0.10208153927753398,0.0787232477221182,0.7144949986025314,0.11080670817981102,0.1668338143540049,0.1829574108478886
GENE_00175,noise,0,1,0.06804536357571714,0.125412209593933,-0.259784261003401,0.4708758181433191,0.4047202636990215,0.07204803202134756,0.25974836655594796,0.25596707211856684,0.23147705124204743,0.2945688979845113,0.6437921191689152,0.25911290378957214,0.0591978208800831,0.08662000152499594
GENE_00176,biology_signal,0,0,0.34889926617745165,4.485494359654142,3.789039234134838,0.9598944129745196,0.3835737667234754,0.6511007338225484,0.9934180032595774,0.9935827538821278,0.9783209787294029,0.9721683721012192,0.19601823376190808,0.9935569556116778,0.1307258956975908,0.08315577544815389
GENE_00177,noise,0,1,0.5737158105403602,0.1477576985314316,-0.5091089681161947,0.4870713193094004,0.6511960554766035,0.07271514342895263,0.30178989386755617,0.29796887875808753,0.32366941597402243,0.2803722177903377,0.5568902888811467,0.3011770008501549,0.5031099082527051,0.30334420526297445
GENE_00178,popularity_only,0,1,0.8785857238158773,0.0420041194381559,-0.3641575218397516,0.4208990918255185,0.6536403389886325,0.0733822548365577,0.27505413742321,0.2767780943678794,0.29864868584314797,0.21731271407032662,0.526665117747647,0.2742891418635008,0.4269669234090086,0.5023848636317537
GENE_00179,noise,0,1,0.5263509006004002,-0.8644933741086066,-0.8730687668155569,0.3919105454972535,0.6741036692747067,0.07404936624416278,0.15294118803563828,0.14937624950422793,0.11833826743430553,0.10474881863449877,0.7008391700545228,0.15199567636967334,0.5685885157313765,0.5161568890447851
GENE_00180,noise,0,1,0.3495663775850567,-0.8874503361841113,-0.9821277099658692,0.5204157554807531,0.3202383890198316,0.07471647765176785,0.12111586647498336,0.11978419774919168,0.10354803924059373,0.08208602385459257,0.6324060339242497,0.12015224727409939,0.540146026445731,0.5846970635398661
GENE_00181,biology_signal,0,0,0.6217478318879253,2.1921934203626225,0.8769885732460706,0.7837639656309607,0.3422460142393907,0.6517678452301534,0.8985792066281001,0.9004833104364678,0.8927230145625336,0.8930677269484109,0.4420726603629628,0.8993390593127308,0.5100012497502452,0.6343171439473945
GENE_00182,biology_signal,0,1,0.018679119412941963,-1.370587568703446,-3.0120081208341487,0.0389892949199035,0.1852684606539761,0.07538358905937291,0.02002608383511211,0.019624441811521336,0.05723825892276076,0.017244640922591214,0.004987379867013364,0.019774630993700366,0.5668745702636409,0.6321326304313064
GENE_00183,biology_signal,0,0,0.5743829219479654,0.867798642697202,1.1186956895144626,0.486536895879152,0.6851996568525313,0.6524349566377585,0.8055220169811664,0.8041674894867717,0.7863563680199657,0.8668669921563728,0.39006859676797023,0.806298585776805,0.9000551995704897,0.8903728336199684
GENE_00184,biology_signal,0,1,0.8899266177451635,0.8504220520966851,1.409469743642775,0.6639346738111351,0.2424238234348671,0.07605070046697798,0.51972366406051,0.5309288752560257,0.4936052158979063,0.7598328214025822,0.31302945378995684,0.5195430550532629,0.11842072020435973,0.07588863650090771
GENE_00185,biology_signal,0,1,0.6984656437625083,1.966966146683766,1.6249625115417723,0.8393217774266337,0.7214549332600533,0.6531020680453635,0.9446988708160651,0.9447765930590722,0.9105860154683338,0.9529639629372086,0.2685725829191469,0.9452013516624022,0.4304175408892878,0.4186329681696301
GENE_00186,noise,0,1,0.2808539026017345,-0.95111134609836,0.2409986331497398,0.5037253458009331,0.4248436983017242,0.07671781187458306,0.1885821913826406,0.18569910800994097,0.14407006840118866,0.18386200701127153,0.6178195721892734,0.18743526216978937,0.11439526278488173,0.1024782337287083
GENE_00187,noise,1,1,0.4723148765843896,0.630163508201717,0.2227703091291547,0.7417601739629862,0.4666819731864262,0.6537691794529686,0.7420972899377398,0.7414574456744506,0.8035760714613529,0.7484554208849871,0.5627010765255873,0.7424410917095843,0.5328802165364503,0.6500859021899938
GENE_00188,biology_signal,0,1,0.06871247498332221,-0.9613026972623672,-0.7260462023907995,0.454528128504884,0.0538954710674499,0.6544362908605738,0.2379483761973598,0.23798213836883084,0.14375477553367108,0.2613081539007633,0.11687330575728416,0.23667596600982285,0.37485739881827546,0.26262826064597367
GENE_00189,noise,0,1,0.019346230820547032,0.5118627002738633,-0.1848960496087928,0.5813960838915032,0.3243322580994436,0.07738492328218813,0.3295274973990478,0.3262194343181076,0.3164665987928818,0.3465394665856892,0.6744214607396853,0.32907931463760215,0.5340524865708716,0.3790540253639287
GENE_00190,noise,0,1,0.7351567711807871,-0.5479201566027909,0.1179027365306644,0.5349682963055116,0.791282110545565,0.0780520346897932,0.3079290658476343,0.303551990847179,0.3225571321583109,0.22250101594937646,0.67465085613506,0.3068829634457911,0.3381829252494123,0.35610575924797866
GENE_00191,noise,0,0,0.35023348899266177,0.2233651650001624,0.0281656313728489,0.5499836378925016,0.4037482784049662,0.07871914609739826,0.31577710464877706,0.31366248295232635,0.2971983885282199,0.38163400639077794,0.8897750201436089,0.3151405159400109,0.18800440741752247,0.19532766523457812
GENE_00192,noise,0,1,0.6224149432955304,-0.8764714662434663,-1.7283355707332064,0.2073118331742598,0.4535475681749258,0.07938625750500333,0.07118375523918873,0.0704942904930486,0.06692236506092306,0.051320857491432156,0.8880882753050077,0.07058435465723363,0.4624165374519055,0.2817737561848265
GENE_00193,noise,0,1,0.28152101400933954,0.0952299820547535,-0.3249488439431678,0.6278877431335649,0.3621758271646556,0.0800533689126084,0.28512029802850225,0.28284932601949875,0.2891147077698622,0.32569815366703275,0.6806254591630163,0.2842848727611229,0.25729006737007104,0.22184575853321015
GENE_00194,biology_signal,0,1,0.13609072715143428,0.4144271084620067,0.096338943762307,0.8613945547689095,0.2598407515722047,0.6551034022681788,0.6946191937429631,0.6939563939317184,0.7494540590275767,0.539245000602499,0.15910849514818226,0.6946128792587023,0.49468246694508566,0.49255176826714336
GENE_00195,popularity_only,0,1,0.47298198799199465,0.5464832606287656,0.636377105314543,0.4659511124818198,0.3267882723836373,0.6557705136757839,0.6460844220660996,0.6477340992126855,0.6663269701917972,0.7187265441895544,0.5212321458236938,0.6464642547717689,0.37917711221697975,0.3748417283105705
GENE_00196,biology_signal,0,1,0.6230820547031354,-0.8310842008586795,-0.3725622701900981,0.6220879732151557,0.7047409493911392,0.08072048032021348,0.2427564747269996,0.23823439907635915,0.24507331551274236,0.14783615476217737,0.3015681101980995,0.24147885037998304,0.37085213685500207,0.3471238985539345
GENE_00197,biology_signal,0,1,0.28218812541694466,-1.686067956857873,-4.004815046683883,0.0300859703585048,0.459494032247574,0.08138759172781855,0.015246544000724295,0.01475411347384211,0.04368885795894378,0.02033200151852613,0.23644865979465524,0.015033001479595243,0.7888017166935574,0.8228805934754098
GENE_00198,popularity_only,0,1,0.41694462975316876,-1.4645544072280572,-0.0781810922215193,0.579167878104573,0.6156354299569211,0.08205470313542361,0.17172447944438585,0.16742938446508032,0.15497675519498416,0.13024118738956522,0.518701310219481,0.17038641671010302,0.5810706749977103,0.35691544160725924
GENE_00199,biology_signal,0,0,0.8792528352234823,0.0497287677239941,1.0088046922096745,0.6675742763017152,0.5884036643258918,0.08272181454302868,0.4595171294804425,0.4632944725826022,0.4528377517555055,0.5707900116084209,0.19618240509974816,0.4587744484209973,0.04078408037807095,0.02993661932947833
GENE_00200,noise,0,1,0.06937958639092728,-0.9954681658597102,-0.6010264262271678,0.6926880000698277,0.3332853625009446,0.08338892595063375,0.16368588831132297,0.16060132923181214,0.13601493805487308,0.18531189640868917,0.7964904521551851,0.16244605780677948,0.2681936210580792,0.24836856864388582
GENE_00201,noise,0,0,0.2828552368245497,-0.2042899129684605,1.0565517316645368,0.912092205405062,0.5073532557816879,0.6564376250833889,0.7607563318403705,0.7578725182288598,0.7669706402026594,0.6939661669515267,0.912300833147815,0.7606178946695683,0.2945033984667852,0.34199011465737544
GENE_00202,popularity_only,0,1,0.7571714476317545,-0.553861214346649,-0.3973396489525727,0.2589077457990257,0.5891188533730225,0.08405603735823883,0.16204969224377913,0.1612942274668463,0.109000202291226,0.13646995040019078,0.4894255711335147,0.16123154648682622,0.3451076635998072,0.32768427750730256
GENE_00203,biology_signal,1,1,0.0200133422281521,0.7176184651799831,0.7727855037304501,0.5851814370644693,0.1201950266039454,0.0847231487658439,0.3894429234822773,0.38979378402583215,0.3175923028110051,0.2707593790110646,0.04178394373511918,0.3891965532405269,0.07452063091936834,0.12460567453671605
GENE_00204,noise,0,1,0.3509006004002668,0.2894924003499278,-0.885945739424555,0.464327750848462,0.0818314331172029,0.08539026017344896,0.17175826918510956,0.17310745907581382,0.15608338980936634,0.13946567092638282,0.8935636301319848,0.17105872532976024,0.1956443841089702,0.14987171201516597
GENE_00205,biology_signal,0,1,0.07004669779853236,-2.786740340651974,-2.951531897914662,0.0930594401556091,0.11432685694686,0.08605737158105403,0.008586288128087429,0.008406028024206133,0.02210248909005734,0.01112892074458465,0.27314004852591034,0.0084233664011728,0.6224661404288299,0.724251253745713
GENE_00206,biology_signal,0,0,0.2134756504336224,0.1664024289868996,-0.506493372516611,0.3254194047821004,0.4162922785200021,0.657104736490994,0.46069186623013525,0.4577817441249817,0.5364624924549692,0.3860804599227204,0.29905065774548645,0.46060929585538407,0.6172797069270319,0.5572563498108866
GENE_00207,biology_signal,0,1,0.07071380920613743,-3.272371825555989,-3.302583191996672,0.0646309384977822,0.1160491761949432,0.0867244829886591,0.005370516777637909,0.005239646877885525,0.016881337849837495,0.009035766919531129,0.39463222551895893,0.005255746028225731,0.7698721790579163,0.79223425822333
GENE_00208,biology_signal,0,1,0.5750500333555704,-1.7691690705960748,-3.4859469449797937,0.0752583465572152,0.6020918562833752,0.08739159439626418,0.02178417805136481,0.02114007840932346,0.0383416934441453,0.022962365249423983,0.4255954031527911,0.02149051602337294,0.7944267625041971,0.8258632041740857
GENE_00209,biology_signal,0,1,0.6237491661107405,1.0063549578263131,2.075869751620548,0.7941117189981752,0.4408383877135698,0.08805870580386925,0.7050706793272574,0.7065459424041377,0.7803843767931271,0.8541677218117623,0.4123080126990789,0.7055010483520717,0.43849039839841286,0.3655170675332561
GENE_00210,biology_signal,0,0,0.47364909939959976,1.690178560905453,1.825192022641716,0.9300465555887952,0.2412373366075186,0.6577718478985991,0.9115359100366822,0.9131257964207334,0.878905251817338,0.8478945729640656,0.2265521509896944,0.9120795646408676,0.22271863778516243,0.1794365302186851
GENE_00211,noise,0,1,0.35156771180787194,-0.4067306475974126,-0.5479215646478257,0.4858107603385592,0.3412668077451444,0.08872581721147432,0.175671885441302,0.17419508992510083,0.1485499727417712,0.13700601013509517,0.9233541881876829,0.17474271802088073,0.35239950705535533,0.29518308274577476
GENE_00212,noise,0,0,0.4743162108072048,1.0348399091272398,-0.0268149259751717,0.6289292819901107,0.5739644695441891,0.6584389593062041,0.7636531031543043,0.7621542475547258,0.8196537895481463,0.7774280354454046,0.56598659492024,0.7643548320486763,0.16922952481038236,0.12013780772665322
GENE_00213,biology_signal,0,1,0.6651100733822548,-4.009267425826129,-5.448408626191134,0.0209124557759156,0.2933373446127794,0.08939292861907938,0.001705892577874193,0.0016679156293992166,0.01397421757150776,0.0059830614160933885,0.2135261506105658,0.0016606692581703996,0.8825989074649642,0.9104378628427449
GENE_00214,biology_signal,0,0,0.4749833222148099,1.7932969994130608,1.6219522000716318,0.7636901044443059,0.5955321901834917,0.09006004002668445,0.7903366651661916,0.7892743209147909,0.8701337678185824,0.7799932855672708,0.2506983628625442,0.7913049971245859,0.1389834231882571,0.12835645838025542
GENE_00215,noise,0,1,0.4176117411607739,-0.2891483142856584,-0.9085190782340632,0.7123045341630155,0.5226265805661329,0.09072715143428953,0.25431444775029516,0.250402416984389,0.30916741835420547,0.29338035046280503,0.8397908089365298,0.25319683760556794,0.22783553583120064,0.1827512424039893
GENE_00216,popularity_only,0,1,0.6657771847898599,-0.8327233006665754,0.1798601248988078,0.3817670196594931,0.8237564461052805,0.0913942628418946,0.24191449225135056,0.23681586312756342,0.20604888421185436,0.19884509020659635,0.5274433512302602,0.2408931516913324,0.36523314567573223,0.20983475287636996
GENE_00217,noise,0,1,0.02068045363575717,-0.1915929172743927,-0.518636729701666,0.1771034166024509,0.3644972851113019,0.09206137424949967,0.14058516562740064,0.1381123140392447,0.16735515750572857,0.1347963086752302,0.5641679891891531,0.1400269805169691,0.20205833295613423,0.16794212462993813
GENE_00218,noise,0,0,0.6664442961974649,-0.127531984092039,0.6199924502299244,0.5071779199604012,0.4538433474184494,0.09272848565710473,0.3135234074300166,0.31355395504980504,0.26623838891134327,0.43155784551579995,0.7092292780710808,0.3126836237319068,0.15616544412065225,0.15296763027035182
GENE_00219,biology_signal,1,1,0.9112741827885257,1.17521808910452,1.1625943081198071,0.8940141837790876,0.6860074302979272,0.0933955970647098,0.7359748571404402,0.7400607517690785,0.735844556160477,0.8465209272053135,0.41661094291149015,0.7363425840389777,0.1495323999209232,0.0984911227939263
GENE_00220,popularity_only,0,1,0.6991327551701134,0.2443209137520986,0.3497375579295226,0.3602005832429448,0.5114287767101297,0.6591060707138092,0.5877577988478008,0.588889212923379,0.6079665961614447,0.5640487135644503,0.458331341569301,0.5879329357488394,0.7210145395937371,0.7480721080314351
GENE_00221,biology_signal,0,1,0.13675783855903936,1.0223088963853348,1.6234167853591928,0.6974345387751815,0.6809473576583135,0.6597731821214142,0.8832852994402981,0.880909251242934,0.8517911643157504,0.8681736884711427,0.12709212205042308,0.8839299546011639,0.1740663426564237,0.1804498025128503
GENE_00222,biology_signal,0,1,0.0713809206137425,0.1048623662696833,0.0448917893702695,0.3064666340309456,0.4788727457690844,0.09406270847231488,0.25029938365140697,0.24594803981783422,0.22057372238199927,0.28976817446061254,0.16514525973806127,0.2498286485831395,0.4831701009056683,0.5124341097175407
GENE_00223,noise,1,1,0.9119412941961308,0.6843275594054608,-0.2235590126071044,0.6311290826674295,0.6486246082204641,0.6604402935290193,0.7175680527950407,0.7221598459160483,0.7072526146954511,0.7834447473947155,0.8500004385015205,0.7178652044910724,0.6163736985218421,0.49871834015063093
GENE_00224,noise,0,0,0.9126084056037358,0.7179075366173655,0.2086695925209014,0.6568781936469823,0.6445539300816753,0.09472981987991995,0.4975233898297017,0.5025261433641337,0.5653631112554749,0.5678840231751039,0.6024321896543342,0.49729553838270146,0.15734101825789232,0.18096514256903656
GENE_00225,noise,0,1,0.13742494996664442,-0.639597785377499,-0.4202784088938766,0.6046635250230326,0.2742676522862203,0.09539693128752502,0.17653295193832785,0.1745036919106786,0.1468253635667557,0.1371540892627091,0.9831463616723336,0.17543543958736516,0.09801264192191474,0.08655662729377117
GENE_00226,noise,0,1,0.02134756504336224,0.7777107334271971,1.0991910008713728,0.509093238981518,0.0462690575906372,0.09606404269513008,0.3813166080010597,0.3831127155792931,0.29730942951849926,0.2662797814910514,0.7238819579975174,0.38116362675122356,0.08983694869552386,0.09881487909047544
GENE_00227,biology_signal,0,1,0.022014676450967312,-3.071389914559237,-2.8574723105362385,0.0665793397034217,0.2131820877586299,0.09673115410273515,0.008069058732387663,0.007823098235248172,0.018814541834289163,0.007760458095683069,0.2582611600801695,0.00791130838280976,0.8117406190610247,0.9092314157086702
GENE_00228,biology_signal,0,0,0.9513008672448299,3.0467677027921063,1.8106262641913065,0.9094004428831624,0.7468129881301637,0.09739826551034023,0.9241470912739832,0.9274982649982518,0.9026495613010289,0.9156228310872601,0.26221103758725295,0.924863050056903,0.11591897667874103,0.12400708813583462
GENE_00229,popularity_only,0,1,0.9132755170113409,-0.3550627602780296,0.3942992296401411,0.5200092096803949,0.7088325499247687,0.0980653769179453,0.32583731427161133,0.3282875877242487,0.31797237079216417,0.26798419014331487,0.532189874852798,0.32478074286844727,0.448937823870273,0.28729468589585483
GENE_00230,noise,0,1,0.07204803202134756,-0.4928135897912903,-0.2420860443092652,0.3667313180159645,0.3060970993038854,0.09873248832555037,0.1561650611595378,0.15403574096255995,0.14020456462675185,0.12074784279481084,0.7212824503083205,0.15534849903810055,0.2560906822997648,0.21329396036280934
GENE_00231,biology_signal,0,1,0.1380920613742495,-0.8910104099082661,-2.7811339224791976,0.0372520900015863,0.3165923936728338,0.09939959973315543,0.033495020070486166,0.03280426781680932,0.07489677410344599,0.028696476314486092,0.036972177107303716,0.03316813897462691,0.391713227312317,0.3667152054598472
GENE_00232,popularity_only,0,1,0.9392928619079386,-0.5999721871758534,0.3381583114133708,0.499240937106691,0.5799935683689569,0.1000667111407605,0.25131418406178174,0.25729989697556616,0.16973141059659963,0.19430656128885346,0.4572847166917291,0.2500325815536748,0.22022392144643257,0.19002959470188713
GENE_00233,noise,0,0,0.7578385590393596,0.3022063528843375,0.1754862583721218,0.5078733204744734,0.7880564508128295,0.6611074049366245,0.7009879677204072,0.6990326264364768,0.69120026090661,0.7789746987900523,0.8096298847935443,0.7013365565943293,0.24087640345273517,0.24820560533102703
GENE_00234,noise,0,0,0.13875917278185457,0.4958337126063048,-0.411369158240406,0.4737576783838937,0.2564753589292183,0.10073382254836558,0.2603070125474365,0.25908302826182295,0.2302326715651549,0.2536542316519416,0.7832867240204605,0.25980592900236205,0.05379947368827557,0.07065038214211167
GENE_00235,biology_signal,0,1,0.66711140760507,-2.1562368677021078,-1.347490052460648,0.0734975915195755,0.6545653856699872,0.10140093395597065,0.03991965626166745,0.03891388573932934,0.03718980308645401,0.0415760051686562,0.21188870542971627,0.0394189046043896,0.626743853680082,0.7198215391179245
GENE_00236,noise,0,1,0.2835223482321548,0.1488852334841391,0.074551088194896,0.3798048452602973,0.4133160110523056,0.10206804536357572,0.26218241678940074,0.2598049147829825,0.2197893555586892,0.2865749986183787,0.9131790716379209,0.2616279208797081,0.5211646815087569,0.6027806578324436
GENE_00237,biology_signal,0,1,0.47565043362241494,0.6362471148330275,0.3689286971602084,0.7563188199522324,0.4649455329224903,0.1027351567711808,0.49391193314345067,0.4921552444916596,0.6300380159550184,0.5998509943336878,0.1634182229108544,0.49366807797910617,0.162829872368967,0.119380410311567
GENE_00238,biology_signal,0,1,0.6997998665777185,1.034335653953348,2.3817763424197484,0.7108470317598491,0.8982783250775046,0.10340226817878585,0.803192172265455,0.8005375806742779,0.7389773519465067,0.7310135948214476,0.3774158756892855,0.8039054759394787,0.25323769556856585,0.21935087711936924
GENE_00239,noise,0,1,0.9746497665110073,-0.5200756151696395,0.4834567601988054,0.2623751499806853,0.7621763729955304,0.6617745163442295,0.5019740400463061,0.5162276600766489,0.5539603378694908,0.39859420220482045,0.6654703124188993,0.5011931507753009,0.8247128432523045,0.6329704121556081
GENE_00240,biology_signal,0,1,0.5270180120080054,-0.9732051641688336,-0.4532034751937523,0.6849428349407702,0.4367189963336853,0.6624416277518346,0.42319241904189564,0.4209902214216221,0.517470972564553,0.5559222043066481,0.40121711426454587,0.4217594697750052,0.3779856277671865,0.33167564574263286
GENE_00241,biology_signal,0,0,0.13942628418945963,-0.9057103413111144,0.1430514514837335,0.4877994292378606,0.634625227801107,0.6631087391594396,0.4785354800714242,0.47036296168609115,0.5181659723505238,0.4760482437118783,0.1823205527470706,0.47767926591149035,0.8422625523205182,0.8779438530776791
GENE_00242,biology_signal,0,0,0.6244162775183456,3.255211268838455,3.486715535065267,0.9913997002794058,0.7939293051504146,0.6637758505670447,0.9905115004224321,0.9905393228085508,0.9640155991942441,0.9733582741908485,0.18177810444437192,0.9906732259162299,0.27982312840035023,0.28375436601151904
GENE_00243,popularity_only,0,1,0.7004669779853235,-0.180692677082438,-0.5598710107496639,0.2696032183029326,0.7253699112911638,0.10406937958639093,0.2146539685484026,0.2117525189429198,0.1822424384074637,0.22840538124495738,0.5249421819104528,0.2139952156548508,0.1793951443057341,0.15882376025265918
GENE_00244,noise,0,1,0.7778519012675117,0.3130977956073302,0.9176794502247796,0.6450675225645731,0.6772396190778217,0.104736490993996,0.5123009730712442,0.5116152974273616,0.5953257005877436,0.5604698829617377,0.9517334059697196,0.512008027299186,0.06856506354194397,0.04223399051653298
GENE_00245,noise,0,1,0.02268178785857238,-1.5119222346731236,0.0178427159815703,0.8033762263214437,0.1386500672116344,0.10540360240160107,0.14460667315220954,0.14287247183917676,0.10011727662178654,0.08313561406444409,0.7076229400333723,0.14317975583427275,0.28083144429834667,0.2685447871861172
GENE_00246,biology_signal,0,1,0.02334889926617745,-0.4205681110961332,-0.3318819007237868,0.1179717845808963,0.2761500337981308,0.10607071380920614,0.11219732049766781,0.11066466127594667,0.15740280741148954,0.10199019136945965,0.005398451622618539,0.11162989333621971,0.23032688034815507,0.19183347322098507
GENE_00247,noise,0,1,0.5276851234156104,0.2720612756583588,-0.175995770105293,0.3982878365173489,0.6358291757720566,0.1067378252168112,0.314413471486832,0.31061345772066973,0.2932042667359178,0.29614228444381013,0.6773406383545445,0.3140030273744005,0.2934542410802301,0.31487757588233045
GENE_00248,noise,0,1,0.41827885256837893,-0.058146342142236,0.4833095861167912,0.6501562951016802,0.7626940570440388,0.6644429619746498,0.7191891706038811,0.7136315363132288,0.7378566758521592,0.7830722669307765,0.9667216229459765,0.7193161487853211,0.4468505585218777,0.5460767669042454
GENE_00249,biology_signal,0,0,0.7785190126751167,3.396034762046632,4.158286868596814,0.975453671760202,0.7421450827738574,0.10740493662441628,0.9767142176516949,0.9770708432058254,0.9179989878570982,0.9687989727917915,0.01431257291935173,0.977058123677538,0.008021094534149037,0.011684393380446153
GENE_00250,biology_signal,0,1,0.1400933955970647,0.2780672488646886,0.6583128525643276,0.3541680323598924,0.2269822338265014,0.10807204803202135,0.27276910752210687,0.2722421055672905,0.23329737039430426,0.32313227096382235,0.026909271203245155,0.2723020902973365,0.2457999804641105,0.21737750421048074
GENE_00251,noise,0,1,0.352234823215477,-0.6030236579716847,-0.3811308220810127,0.4770523023912002,0.4691987036959884,0.10873915943962642,0.18701194275828614,0.18412676697880936,0.1497712950814089,0.15513347850903408,0.7399957334155807,0.18602322401276644,0.36797349025089304,0.47647294012406466
GENE_00252,biology_signal,0,0,0.28418945963975983,1.4523127603973485,1.6440640824539552,0.837897666732063,0.2868967590804693,0.1094062708472315,0.7075111050540763,0.7084883620261053,0.8175791321396816,0.7263033183744063,0.4248858607745257,0.7081616243930913,0.09911078780151956,0.13020986720065883
GENE_00253,noise,0,0,0.7791861240827218,0.8753551289145063,0.7915540721253248,0.4143537369453722,0.5442854669789381,0.6651100733822548,0.735317274844813,0.7379312718420417,0.7394992427605606,0.7992111531211888,0.777775225056523,0.7360496197705737,0.27136985412353876,0.35170854085789127
GENE_00254,biology_signal,0,0,0.418945963975984,1.4699259263309004,1.827867947600411,0.8453305758744826,0.5480440982843185,0.11007338225483655,0.7808657137899372,0.7796463848640248,0.8611422061563153,0.801799222165811,0.43988635663869846,0.781622490343765,0.041478070030523735,0.04598729397234476
GENE_00255,popularity_only,0,1,0.9479653102068045,-0.6928635305140645,-0.1868044549153314,0.7307874960016081,0.7756480028555005,0.11074049366244162,0.31167060992947526,0.31616519691269923,0.22875840851285068,0.2249128511492444,0.49322555245287025,0.31009092848657666,0.23700045787570656,0.30712628344105625
GENE_00256,noise,0,0,0.7011340893929286,1.093152142512949,0.3714426306437346,0.619183744093307,0.4676484624264137,0.6657771847898599,0.770668899676348,0.7726215673018632,0.8098993245776728,0.8463256385333475,0.5536490304956487,0.7713404171382501,0.5820030877409014,0.5141535506718882
GENE_00257,biology_signal,1,1,0.2141427618412275,-1.4787883870889404,-1.584438175951343,0.2253674626247153,0.3394078745804291,0.6664442961974649,0.13983787066880585,0.13772982774427883,0.09792693859875365,0.09682401633127702,0.39274176805828487,0.13879590512222964,0.8235117541983604,0.8753563096776654
GENE_00258,biology_signal,0,1,0.35290193462308206,-0.8175528393087472,-1.3100504733148794,0.5690391780285106,0.0331085887615089,0.1114076050700467,0.08922748121446714,0.08966353705817089,0.10619779124223187,0.06982387815895572,0.2366149384774574,0.08838080347874375,0.4489652082888196,0.371150234958494
GENE_00259,biology_signal,0,0,0.21480987324883255,1.2148626191790588,3.2211852272481027,0.91835750273766,0.4969881808015657,0.66711140760507,0.9455297667669869,0.9452832876718134,0.8801226278532376,0.8498665620664513,0.18013673435869382,0.9459198221991929,0.36836103621513067,0.4989091474684123
GENE_00260,biology_signal,0,0,0.5283522348232155,2.4534372129000768,3.2953673974696467,0.8990807801995637,0.3951675954644171,0.6677785190126752,0.970453190319282,0.9710161982968566,0.948947563329133,0.9494062366951672,0.052921930110822246,0.970802034606943,0.11382902982199021,0.06852972335311304
GENE_00261,noise,0,1,0.14076050700466977,-1.590308695838469,0.5926567726365958,0.3985784589810863,0.5960102916797132,0.6684456304202802,0.37463477913663906,0.3670469692785871,0.33228749410084263,0.3756712053475577,0.6481212207095932,0.37324963639618325,0.8078595826481137,0.8306349231757505
GENE_00262,biology_signal,0,1,0.5757171447631755,1.2692385542714135,1.2116971862270878,0.610490725562315,0.8311669249800667,0.11207471647765177,0.7094101933883458,0.7052145148279634,0.7684519046893464,0.5990523150396784,0.10080248914821588,0.7102985977734124,0.059931104605083246,0.06719261200050762
GENE_00263,noise,0,0,0.8639092728485657,0.1968745681290168,-0.2367612665454235,0.7832870219600866,0.862695618381479,0.6691127418278853,0.7505422383943974,0.7499457585400401,0.6613278400342697,0.7169639573550637,0.6083487551002741,0.7506057865538671,0.8047076668457949,0.6911957515226306
GENE_00264,noise,0,0,0.5763842561707805,0.3092670130291782,-0.5033318195770475,0.4466117893843381,0.1686066788878907,0.6697798532354903,0.4523292384486518,0.45680256827517896,0.47632080197756604,0.48993714704078456,0.8673336478975108,0.4519949579848691,0.44472098600025234,0.5921831581217984
GENE_00265,popularity_only,0,1,0.9312875250166778,0.5908726113026856,-0.2903833530900513,0.7464772498543625,0.8829041559563134,0.11274182788525684,0.5293150445765306,0.5321690344385912,0.581424812374725,0.667133363985446,0.5107770499263437,0.5289881940615343,0.15050728972313862,0.219974702480884
GENE_00266,biology_signal,0,1,0.07271514342895263,-1.5518799493010729,-1.640070315899767,0.5510214934432126,0.0634538964088318,0.1134089392928619,0.05292972735923845,0.05242151598267686,0.06008959836039435,0.04328563789533677,0.2016020272229342,0.05225498737708347,0.33377115974573873,0.3000470554430218
GENE_00267,biology_signal,0,1,0.0733822548365577,-2.959631733434624,-2.568105161552865,0.0534061422954682,0.3936195367759085,0.6704469646430954,0.036019829319455306,0.03481928414821463,0.032064081361524104,0.02728762233128154,0.06921288390686264,0.03548739404957471,0.8202314358183379,0.8419663477668475
GENE_00268,biology_signal,0,1,0.0020013342228152103,-2.529090820010799,-1.5684461182010088,0.1941645739741383,0.0743427657389313,0.11407605070046697,0.018692386356617186,0.018345824026647733,0.03000757613288099,0.019344981287237824,0.017219013703906993,0.01838396054774767,0.38684213965576225,0.2889087777816842
GENE_00269,biology_signal,0,0,0.3535690460306871,2.0268925829948503,2.1509104771403504,0.6396162823600355,0.2184581746985961,0.6711140760507005,0.9022347618803077,0.9040255839446109,0.8913780824602926,0.892988911154849,0.3599627035619287,0.9030243168789168,0.13731477416030216,0.12078170443224223
GENE_00270,noise,0,1,0.00266844563042028,-0.2183015892479148,-0.8236510173134004,0.4326462008481457,0.2343764492446914,0.11474316210807205,0.15182150712769238,0.14973694165921075,0.14774968693597948,0.11905396731866964,0.9255751630539176,0.15105791297220186,0.5035211316825529,0.4594724300928108
GENE_00271,biology_signal,0,0,0.8012008005336891,1.752631779230302,2.523636292730025,0.8420965214672137,0.7008683879863569,0.11541027351567712,0.8650594884419261,0.8660663116338957,0.8558138667869987,0.9057148513449093,0.23634762451008684,0.865808680968772,0.12047134284560912,0.09584867517151825
GENE_00272,popularity_only,0,1,0.7018012008005337,-0.5191797387638266,-0.2565776399530333,0.8361263879751157,0.7120844117266161,0.6717811874583055,0.6392855928568535,0.6357083466092588,0.6808537452855675,0.6774188009364251,0.48344818000511847,0.6385976842065104,0.7793443731300067,0.7814414115395968
GENE_00273,biology_signal,0,0,0.00333555703802535,1.30410598058529,1.9744610146263,0.6464455485592117,0.3429948165893731,0.6724482988659106,0.8670576618868926,0.8664454399308156,0.829106197546988,0.794803010839397,0.42074728391239835,0.8678186429078925,0.39285535691660867,0.43763354528381304
GENE_00274,popularity_only,0,1,0.6250833889259506,0.7733275457680818,-0.010824741470409,0.5408440807303491,0.5052136496928861,0.11607738492328219,0.412023366283062,0.41147613944455397,0.4615075429296244,0.46085488441923134,0.5191354308461548,0.4119042504206622,0.47908873795868134,0.5415892427286068
GENE_00275,biology_signal,0,1,0.3542361574382922,-0.2624574082646183,-1.374696357426022,0.3392623335483671,0.4004489698854008,0.11674449633088725,0.1285391787802839,0.12690252077378864,0.12250276003307606,0.08987140246489905,0.05905103402142453,0.12784390482111532,0.41334937618978407,0.4220574612219537
GENE_00276,noise,0,1,0.41961307538358905,-0.1910627170193972,-0.7029868773644539,0.3363489175342679,0.1346552128473534,0.11741160773849232,0.12701289509145022,0.12775282360599016,0.12554247811721556,0.10577717895966383,0.7637008664744305,0.12630191958176876,0.2113736538590089,0.1783221423909496
GENE_00277,biology_signal,0,1,0.07404936624416278,-2.590398705632765,-4.060915790786751,0.0358618934859225,0.1270876496023099,0.1180787191460974,0.005964046640891718,0.0058258389460965985,0.024664977128704847,0.010589946142014483,0.3771969367384501,0.005849416610418606,0.7943497214837699,0.724608595878519
GENE_00278,biology_signal,0,1,0.47631754503002,-3.1876235808311084,-2.3015972186182583,0.1676975267099691,0.2639428111178385,0.11874583055370247,0.011163778237757363,0.010962187842818286,0.01661053917153266,0.011089945492645237,0.21810628980179658,0.010943389130221743,0.6981064181804844,0.7860111313117977
GENE_00279,noise,0,1,0.6677785190126752,1.8104475849894213,0.5617115473665086,0.6466661780469097,0.7414282644600229,0.6731154102735156,0.8894253211757117,0.8889653584017772,0.8749835347038094,0.9010487580464593,0.9416818701499161,0.8902379402790265,0.26506137870771923,0.24808732591364566
GENE_00280,noise,0,1,0.7024683122081388,-0.2764283725068275,-0.4634226146485722,0.8629709917415337,0.1822315425510183,0.11941294196130754,0.25227562438746937,0.2551621844627267,0.28478669985041843,0.3048992336091159,0.8887060260838429,0.2508720413703224,0.1540200468453459,0.13546163051235308
GENE_00281,biology_signal,0,0,0.9226150767178118,2.422597709549497,1.7167301706738027,0.6742190106769989,0.8188397191948448,0.6737825216811207,0.9524108114482664,0.9537478622292183,0.9080352237440915,0.935995800056923,0.18500138208243688,0.9529295581740893,0.23721549021265798,0.3626947099203841
GENE_00282,biology_signal,0,1,0.21547698465643764,-1.199380870075783,-1.6862593658248572,0.4778726674061936,0.3585127769062715,0.6744496330887259,0.21497956389151626,0.21186392832814344,0.19022710722664565,0.23041717165134168,0.14780586591795786,0.21365190431328582,0.81024477878923,0.8521897665592166
GENE_00283,biology_signal,0,1,0.5770513675783856,-0.5406557896521337,-0.6663527599896272,0.3038025221084985,0.3117134395536877,0.12008005336891261,0.12132371229232754,0.1213601852297209,0.10275853789041658,0.07495135389554827,0.05727753833999516,0.12055390709943414,0.5818203581402444,0.6972055141534245
GENE_00284,biology_signal,0,1,0.5777184789859907,0.8065523418053976,-0.8291320555451767,0.744820232744581,0.4408843595436634,0.6751167444963309,0.6764667029393996,0.6767424354147233,0.7787425358004882,0.6013391760646929,0.07172166990190543,0.6767277221553315,0.18684990476109278,0.14077466186757132
GENE_00285,biology_signal,0,1,0.4769846564376251,-1.539745414876432,-0.546737189035785,0.2057817789612705,0.3418529871295382,0.12074716477651767,0.06567823999934806,0.06502243610241147,0.06513286809073744,0.031056900318914754,0.160947670183628,0.0650076037927375,0.1957556669564517,0.15861077296456857
GENE_00286,noise,0,1,0.8992661774516344,0.3523046153456933,-0.7453374469930103,0.1886515235957905,0.8589279124221251,0.675783855903936,0.5333452221734589,0.5347419314606608,0.5850238724783278,0.698994662541594,0.6521169122367532,0.533623130107446,0.5976031162526696,0.5738997922813649
GENE_00287,popularity_only,0,1,0.9946631087391594,-0.1133704427902153,0.2156699618397862,0.3669832508869904,0.894709560208288,0.676450967311541,0.5989591200770404,0.6251400381464249,0.6396728702966837,0.5544589426246691,0.5164074165211938,0.5982619826296874,0.8414359625222432,0.6616757385925213
GENE_00288,biology_signal,0,1,0.07471647765176785,-2.1147009406721997,-1.8419896629386403,0.1614887329560638,0.1073095215424976,0.12141427618412275,0.021415272839459376,0.02110254254967224,0.03691183499370577,0.018939546301170007,0.31398302152818613,0.021094795570063885,0.6254646874817452,0.6349470111008116
GENE_00289,noise,0,1,0.4202801867911941,-0.5612592528812591,-0.3046564557530535,0.4537890720760907,0.519731169399042,0.12208138759172782,0.1990131357439466,0.19590498294552317,0.15699306431273832,0.16429067989174423,0.950805730054632,0.19804836663498002,0.6179245333098057,0.7203023002684056
GENE_00290,biology_signal,0,1,0.6684456304202802,-0.2851710435940105,-0.978466926477507,0.268000527217687,0.4532325043544414,0.6771180787191461,0.3375616951887474,0.33769261292654,0.361409480806709,0.20219791612049653,0.17897623930269324,0.3368895444076595,0.6982436738237631,0.6195994660708565
GENE_00291,noise,0,1,0.6691127418278853,-1.1095323548569866,0.0847339316771363,0.5060342786840982,0.1667155842712626,0.12274849899933289,0.12720187303223315,0.12856201748317686,0.09675307157579797,0.12792056971403828,0.9593080411030919,0.12610446992695146,0.3189645291048252,0.2150957267054039
GENE_00292,biology_signal,0,1,0.14142761841227486,-0.6293789015723172,-2.7383770902751072,0.2549264960538674,0.2457697521872448,0.12341561040693796,0.04969310989204981,0.0489287826450345,0.08116999740500214,0.045814802387918754,0.24617146990716854,0.04924138397282457,0.37343499082774906,0.3159028380952927
GENE_00293,noise,0,1,0.7031354236157439,0.3045059957031317,0.0656342917984832,0.2108277003615461,0.5688265006409952,0.12408272181454302,0.264009302179754,0.2634362658966555,0.19674267083366886,0.2047077175760695,0.6061696454866928,0.2636634879363356,0.3573825877023176,0.29197631733390433
GENE_00294,biology_signal,0,1,0.2161440960640427,-1.0690815482224771,-0.4692717753222835,0.3770429447556033,0.6019044502692007,0.1247498332221481,0.14447824398489978,0.1402729736660661,0.11907277844497988,0.09076992138527169,0.41906206714894423,0.14352301599476044,0.481600991280028,0.33369660550633884
GENE_00295,biology_signal,0,1,0.6697798532354903,-0.0085759333627691,-0.6658065997542945,0.39175266794768,0.1754111190285738,0.6777851901267512,0.37158917895614496,0.3763264341916159,0.3662612984290896,0.39120809902842046,0.42249557087771716,0.37091402924364425,0.6835587792248559,0.5706126354476765
GENE_00296,noise,0,0,0.21681120747164775,0.8371324975333507,0.5149759654025001,0.6868183586133972,0.1795832292455428,0.12541694462975317,0.434184270184903,0.43517678464580956,0.42675546628879074,0.3828386648335704,0.6016368314943322,0.433970591106211,0.16482385067309382,0.13937355013073838
GENE_00297,noise,0,1,0.4209472981987992,-1.2509726159560677,-1.0428831964813083,0.4493261706951296,0.3207092147426682,0.12608405603735823,0.08832429312324437,0.08735016870227022,0.07135888117551162,0.05105906863721709,0.8547029215115953,0.08746994285951457,0.6991168688844608,0.6957779212194186
GENE_00298,biology_signal,0,1,0.14209472981987992,0.0397718639532278,0.2336522982650469,0.5842184389612851,0.3044961313958587,0.6784523015343562,0.5726287181261667,0.5710031571478694,0.5616188628047198,0.5678946586626732,0.2463251973005267,0.5724113128797031,0.5982490612978908,0.561972502221267
GENE_00299,popularity_only,0,1,0.9352901934623082,-0.3146239120826139,-0.1097276426132642,0.672675945603319,0.6130351452466665,0.12675116744496331,0.31137131433920084,0.3171911442008947,0.22181813621848234,0.25506424567185354,0.4802397119318894,0.31005983033222584,0.7345321222545957,0.8194272252333731
GENE_00300,noise,0,1,0.6257505003335557,-0.2298342048261826,-0.0755025881248597,0.4383130815927287,0.4755663747543718,0.6791194129419613,0.4941417536527364,0.49381475049307777,0.5560938693833033,0.44878101775737167,0.8241757122681989,0.49366725746997236,0.5445568309062296,0.6062907213396606
GENE_00301,noise,0,0,0.3549032688458973,-0.077886523017659,1.0437305925413018,0.4287395077800007,0.112446817344508,0.6797865243495663,0.5185161521461117,0.5220942666630792,0.3882865901962782,0.5016126267883114,0.771791444200905,0.5181829867925113,0.27739654307645495,0.40490177172149017
GENE_00302,biology_signal,0,1,0.142761841227485,-3.878837576453958,-3.703380359848807,0.0107211215797453,0.1640724663558415,0.6804536357571714,0.009816253343253725,0.009571644228937283,0.02857344555712848,0.015293395090247576,0.10664048807708792,0.009608714201478437,0.8306313501809777,0.7348308930535555
GENE_00303,biology_signal,0,0,0.9819879919946631,1.2713677527761742,2.9156327888951235,0.9226377871641545,0.9369226906918215,0.12741827885256837,0.8834216023115753,0.8897954519702248,0.7368534711503224,0.8105993695303437,0.11385163418711819,0.8838070528578327,0.09280361835423694,0.1777904062878763
GENE_00304,noise,0,1,0.5290193462308206,-0.8329833449752793,-0.5076117947422063,0.5714535805916031,0.4360479132816277,0.12808539026017346,0.1725005874244448,0.17078365593638506,0.14242813914190464,0.1524278042750356,0.5857546009996234,0.1713477868511835,0.5396236359262757,0.5776076296448296
GENE_00305,noise,0,1,0.35557038025350235,-1.030281433272075,-0.5061600110806233,0.4667538694617187,0.1950058444890421,0.6811207471647766,0.27844940728146145,0.2784868870525003,0.19010395403634783,0.3009551429206424,0.6839843043621882,0.2770981904443447,0.2262164589332245,0.21171852128480073
GENE_00306,biology_signal,0,1,0.14342895263509006,-1.1374965631412488,-1.448960948171363,0.3284088188219531,0.2755739923360454,0.12875250166777852,0.06686482592705177,0.06574141694182718,0.0700254648534313,0.03832738879678174,0.14004503492341158,0.06621997676216818,0.5446236133321941,0.5993291056756489
GENE_00307,popularity_only,0,1,0.8905937291527685,-1.0224496808506798,0.7319771025038028,0.442052369178555,0.8226761623278578,0.12941961307538358,0.2711002001790437,0.27047894212424245,0.23489190314657754,0.23894637238924982,0.4930909512791095,0.26980416037987953,0.4573533642220344,0.44168030251587304
GENE_00308,noise,0,0,0.3562374916611074,-0.4032741569013767,0.2606549558680663,0.2789414730556382,0.7294591243552767,0.13008672448298866,0.25164753615592517,0.24556425556559383,0.1941099895681371,0.24260945220568395,0.8472159642071714,0.2509784390831889,0.15855359817597364,0.1467411547932781
GENE_00309,noise,0,0,0.02401601067378252,-1.0456086810047376,0.75175758391688,0.386069828653479,0.531671488820894,0.6817878585723816,0.44944327792913225,0.4421386478915587,0.3921616677888119,0.41756909333159087,0.5598544300688078,0.4485613002793392,0.6040706835123307,0.7116886022715574
GENE_00310,noise,0,1,0.5783855903935957,-0.5522748610544996,0.3745346409109778,0.5237758805094551,0.3183951129730998,0.6824549699799867,0.47320031100489207,0.47460004041453746,0.4513230534132965,0.4636908044175211,0.877680675865119,0.4723160472700676,0.8120162293558972,0.847016938569819
GENE_00311,biology_signal,0,1,0.5790527018012008,-0.1442201700573924,1.3609161424571965,0.735911620249697,0.2787972844272789,0.6831220813875917,0.6857101290917949,0.6882620306320255,0.6403092236304482,0.5746535814472168,0.1672137858239403,0.6854431846173259,0.15551534724771382,0.11745651483773135
GENE_00312,biology_signal,0,1,0.21747831887925284,-0.0817752089707385,0.2311991242434206,0.5075617664968334,0.256705719975087,0.13075383589059372,0.24766183185691268,0.24658245154693373,0.20231449885765906,0.22019755409619024,0.26028306923423206,0.24682510115880743,0.08121838638733697,0.06028238505964711
GENE_00313,biology_signal,0,1,0.2848565710473649,-3.994375513827975,-3.784897588069552,0.0321442881044591,0.0545601209460795,0.1314209472981988,0.0025345392677993896,0.0024871187321004865,0.013349491017122206,0.008438806239900407,0.08697844599759053,0.0024703466186648797,0.6786840309730158,0.7137832394607433
GENE_00314,biology_signal,0,1,0.07538358905937291,-0.2298625272823851,-0.744046678262718,0.784610297530653,0.719871205502185,0.13208805870580387,0.34663244457361464,0.3366808739310833,0.484061225359965,0.3096813063846692,0.015471982710794863,0.34563541203486986,0.5589514928847249,0.5258747631224157
GENE_00315,noise,0,1,0.28552368245497,0.03679736772209,0.0857247815362531,0.3362670742896553,0.3807646919646612,0.6837891927951968,0.4898211731073905,0.48819377372201517,0.5033099881377009,0.4806077230598957,0.584508542106345,0.48969875575181754,0.143831803889239,0.07614343949263518
GENE_00316,noise,0,1,0.4216144096064043,-0.506427682266619,0.0438704062963416,0.5482329997692725,0.5475181482757243,0.6844563042028019,0.5253748955105696,0.521254119634838,0.5910770630756191,0.565372022386684,0.9647043369072988,0.5247394784489173,0.7475728738011246,0.7182850153230746
GENE_00317,noise,0,1,0.42228152101400934,-0.1124548425459527,-1.119495377224956,0.3480402001870394,0.5058676318733373,0.13275517011340893,0.16900758846793187,0.16651184822852116,0.15056536664521677,0.1402198052359162,0.5882698703841147,0.16831746963756808,0.3229223817267135,0.3119192372400808
GENE_00318,noise,0,0,0.9779853235490327,1.5436474554067383,-0.0317976019376377,0.4807104188955021,0.9567289970267224,0.6851234156104069,0.8356663901086132,0.843166118312513,0.7623480287815709,0.9287381659341566,0.8582929254493344,0.8364358730564566,0.7802994734560775,0.7327054602844674
GENE_00319,biology_signal,0,1,0.14409606404269512,-0.9548599946006822,-0.5446588208471755,0.5827401497669089,0.4095161233428683,0.685790527018012,0.377851265735308,0.3730449604555221,0.3590902937163073,0.4430028183355951,0.2858096370144496,0.37656030411130154,0.6042364929856973,0.6714784380554473
GENE_00320,biology_signal,0,1,0.35690460306871247,-0.426358064284104,-0.3404461903323693,0.69850238050774,0.2968047197920194,0.133422281521014,0.22741813054898338,0.22605680753004156,0.22104069898372258,0.23713851503564579,0.24875573836708842,0.22622660535957317,0.2759922710327334,0.22398576992028477
GENE_00321,noise,0,1,0.7798532354903269,-0.3555073724988925,-0.0715640708556396,0.5014881959951909,0.5527491298910467,0.686457638425617,0.5173289387400412,0.5183433806667622,0.6030053286221393,0.5304794092595314,0.8419520995412625,0.5167071900922352,0.6468045125416029,0.7069728316628858
GENE_00322,biology_signal,0,1,0.1447631754503002,-3.1926449496449645,-2.6528631429831253,0.130639373883099,0.2177366498291537,0.13408939292861907,0.008874697057516565,0.008636907017447707,0.01700705722318551,0.009216747288428912,0.17917278794576186,0.008697063179225301,0.7422491541612286,0.8522134920890896
GENE_00323,biology_signal,0,0,0.5797198132088058,1.5052948659027714,2.848974487711953,0.737205945772137,0.8362908387991334,0.6871247498332221,0.9529177906612915,0.9523838867201418,0.8789773741645437,0.9375754115683422,0.4099224377226405,0.9533565830047019,0.47060544454830494,0.5647592610731007
GENE_00324,noise,0,1,0.2181454302868579,-0.0086274104103369,0.272500092965909,0.3047785638222793,0.5756991883142852,0.13475650433622416,0.27360138593280614,0.2686354957975355,0.2229717790693352,0.29124488505755297,0.9545132384491714,0.2731150290095568,0.37580795115963955,0.4757620738136522
GENE_00325,biology_signal,0,0,0.6704469646430954,0.4038975925574855,0.3244681766257246,0.778242348080524,0.5385382818446828,0.6877918612408273,0.7468758694426958,0.7468614156568141,0.7708840027375072,0.8129429951599605,0.28120400848721383,0.7470566604771057,0.5368808623622906,0.6090478322297331
GENE_00326,noise,0,1,0.6711140760507005,-0.0495986762702556,0.0200105284498995,0.3932305083108145,0.3668851325636503,0.13542361574382922,0.22656496781348803,0.2274713246060632,0.16864344930874023,0.21736939849845907,0.8849377554477816,0.22579020098914016,0.3746020912234155,0.36023098915030727
GENE_00327,biology_signal,0,1,0.3575717144763175,-0.1298476034651072,-0.0505821835546165,0.195760551068939,0.6584541961048704,0.6884589726484323,0.47968376718337163,0.47398396510902563,0.5069514415310483,0.32270974311474365,0.11168727706234405,0.4796871332258081,0.7524763471423404,0.7590103462283591
GENE_00328,biology_signal,0,1,0.8018679119412941,2.563436694857469,2.810447364968976,0.7730252386331147,0.7324052905504238,0.13609072715143428,0.9171631704362101,0.9180582113116386,0.8974558537118369,0.905167555187216,0.100585155942299,0.9179525147947359,0.21100098140591086,0.19158528560257512
GENE_00329,popularity_only,0,1,0.837891927951968,-1.0400831635248338,0.4584597633064357,0.7637355511209631,0.4108832256160712,0.13675783855903936,0.24913420911835707,0.2514770997437173,0.18294202758868194,0.3920297700643669,0.4900044088942488,0.24746230353907073,0.2569223959239923,0.20593186412205747
GENE_00330,biology_signal,1,1,0.35823882588392264,-2.0782262081867326,-1.9453581162939808,0.1014782677240094,0.3665193087233689,0.13742494996664442,0.025679031656281905,0.02512012294014051,0.03414216736602746,0.012894390834673235,0.15519566415536612,0.02532165123401074,0.386503248753375,0.4454990973626713
GENE_00331,noise,0,1,0.14543028685790527,0.4788679363573839,0.1354907075691209,0.636679226155937,0.5208172806952988,0.1380920613742495,0.4236833552830592,0.4181249072829029,0.5079592975192143,0.49686995414695273,0.749225270383177,0.4233976421591428,0.20093139644061572,0.20152061681620786
GENE_00332,biology_signal,0,1,0.4229486324216144,-1.6373592902135674,-1.0527052119838445,0.3584582139098582,0.2687370862473784,0.13875917278185457,0.059067054524928914,0.05848389993021841,0.050865216585882514,0.03484780086648434,0.30234139015366035,0.05838091533196353,0.5198400063963503,0.6385544395117989
GENE_00333,popularity_only,0,1,0.580386924616411,-0.3208155272465234,0.1231731065283089,0.6942965974609672,0.8923119943219369,0.13942628418945963,0.4227197765286092,0.4140833264274279,0.511512144904433,0.3299913500266781,0.4874859448477964,0.4218711614346779,0.5549152591183383,0.6273221057294145
GENE_00334,biology_signal,0,1,0.47765176784523017,-1.0696859196135395,0.7688342735704784,0.4402109733177548,0.6204525754607746,0.6891260840560374,0.4883640571946311,0.48340609231495374,0.4779953340402961,0.5278590458781628,0.3733791583109477,0.48742254339566243,0.7570434601021336,0.7375836107586285
GENE_00335,biology_signal,0,1,0.7358238825883923,-2.572413184814672,-1.9046737370288345,0.2570759588263818,0.6205381819584928,0.1400933955970647,0.031470242970469665,0.030744870698484972,0.021902181979871208,0.03227246898435097,0.36257177866262946,0.030984762070219343,0.8464025544882243,0.8908578906175121
GENE_00336,biology_signal,1,1,0.5296864576384256,0.6815851341994338,0.3039240239154825,0.4235497772728798,0.524099705550764,0.6897931954636425,0.6732565428602933,0.6725610419094399,0.7273019695529594,0.6880144546557228,0.2448596120669333,0.673861321790005,0.6307622447323027,0.7523239182655502
GENE_00337,noise,0,0,0.28619079386257507,-0.9532364673649574,0.3077576658829933,0.4309871720390433,0.5253421758180457,0.14076050700466977,0.19390779686288065,0.190027443592622,0.15523275443716392,0.18334738338928797,0.7061159974963189,0.19283068685574353,0.3189801224458811,0.25441688790349604
GENE_00338,biology_signal,0,0,0.6264176117411607,0.7212637721976675,2.4323199575105168,0.6820761523004296,0.7409861474620433,0.6904603068712475,0.8978182398251644,0.8970474790308,0.8216050683719509,0.9275363942718549,0.3882403696876331,0.8983341071388946,0.3229781725662959,0.3872925093819171
GENE_00339,noise,0,1,0.004002668445630421,-0.7179112023896549,-1.0705111404648031,0.4953167335543757,0.0498223847002255,0.6911274182788526,0.25252694908169865,0.25182569580215786,0.16794933348149443,0.28656703278140944,0.9253830200740735,0.25133763380073526,0.4401441109676545,0.3156544983991673
GENE_00340,biology_signal,1,1,0.3589059372915277,0.0291690768674167,-0.6556488900371182,0.5763206045698458,0.3610699401753594,0.6917945296864576,0.4989921994672337,0.49757554985048896,0.6089979591440149,0.47940401926417886,0.02074903499172498,0.4985416660843379,0.7136288747183405,0.797245119093645
GENE_00341,biology_signal,0,1,0.6270847231487658,0.5050995871165342,0.8815966563988801,0.7097184367264703,0.4052606301738427,0.14142761841227486,0.4864973610212802,0.48755761031293887,0.5661726948444638,0.6824582071959496,0.4462232797987906,0.48615498525269685,0.12468916755863006,0.1098277863160673
GENE_00342,popularity_only,0,1,0.8025350233488993,0.1536064278264548,-0.7476175049136339,0.1837780589630086,0.6793710306305012,0.14209472981987992,0.20626037436373376,0.2056548052929567,0.18904956394064468,0.22576435737256104,0.5391883779679121,0.20576812744050405,0.3510549107029154,0.28155648524539867
GENE_00343,biology_signal,0,0,0.35957304869913276,3.971625181544872,4.932067117106948,0.979884573991028,0.5629887216153964,0.6924616410940627,0.995356549657786,0.9954201327158329,0.9699877114095357,0.9727269157693229,0.17954936548106293,0.9954537644638337,0.18416599488979896,0.2776713563609793
GENE_00344,noise,0,1,0.4783188792528352,-0.2802802390805036,0.0101041673100587,0.5090607744103225,0.6605394881840367,0.142761841227485,0.29741133168177475,0.29233438459765854,0.28882122492627826,0.26495069837024315,0.7976132486789478,0.2965650431510099,0.49689326607507717,0.6287802838732693
GENE_00345,noise,0,0,0.2868579052701801,-0.4260737341519628,-0.1608445362501809,0.6618271652724275,0.7476262185168964,0.6931287525016678,0.6160581964040907,0.6078934101003546,0.7062433118070931,0.6330228691396722,0.719883768182267,0.6156833228213313,0.6101150921752216,0.6544554963338272
GENE_00346,noise,0,1,0.07605070046697798,-0.1535779992178396,-0.9265882445245524,0.4551604697214496,0.4630622072652385,0.14342895263509006,0.19339923365468864,0.18929761678437437,0.18045125077919383,0.19352755850639491,0.9144331946435121,0.1926318078746178,0.2695710620447693,0.241928380932356
GENE_00347,noise,0,1,0.024683122081387593,-0.5917421457544675,-0.7857155435111436,0.468319409203761,0.3337281106770319,0.14409606404269512,0.14514242955104534,0.1423785338962336,0.12812805892463072,0.11020046349735008,0.8989025691940369,0.14425480969602406,0.42937215438428955,0.4694317177529225
GENE_00348,noise,0,1,0.5810540360240161,-0.5556284610781252,-1.0154183009918314,0.7735711428776906,0.8683653761774358,0.1447631754503002,0.3097724762450978,0.30167222246861125,0.36094907343632227,0.2048588021850818,0.6908625782768401,0.3085107460674915,0.16014589250810546,0.12541862248514962
GENE_00349,noise,0,1,0.7805203468979319,-0.9666173039043748,-1.5117004819047766,0.4376247996382152,0.6511715076208778,0.14543028685790527,0.11995311941644494,0.11860924129168049,0.10889155432787147,0.09075119617314711,0.9897087214341092,0.11900342816346972,0.611901770251723,0.5293175427890081
GENE_00350,popularity_only,0,1,0.07671781187458306,0.1645226532220391,-0.2360641854162068,0.3369960277713431,0.4502435397414807,0.6937958639092728,0.5010204365486429,0.49656657556141526,0.5692718937917823,0.4446134574621029,0.456493059697755,0.501070925538512,0.6977319227090766,0.6847181585495651
GENE_00351,popularity_only,0,1,0.9486324216144096,-0.6809020985640736,-1.0988354356344991,0.4728136266990033,0.8110610332380318,0.14609739826551035,0.1880108647819284,0.19068957860775562,0.2201136709403188,0.20496021902327444,0.4550886560366866,0.18682842182275652,0.498176130974868,0.7194878124828552
GENE_00352,noise,0,0,0.9179452968645764,-0.9617990008102292,0.4792222206258025,0.1839433710059072,0.7142081901971181,0.694462975316878,0.4030320924400362,0.4067385841156012,0.33279143150549145,0.3783278363249139,0.5559584148016367,0.40208394515897977,0.7418330047967377,0.6976671108494943
GENE_00353,biology_signal,0,0,0.14609739826551035,0.2869959556237769,1.6371208198274407,0.8720764544027083,0.3310889036449967,0.695130086724483,0.8060214498319017,0.8052699741940936,0.756023574348909,0.6140802849491439,0.006948158967946982,0.8062338276995407,0.5461008033840488,0.5231231088399212
GENE_00354,noise,0,1,0.2875250166777852,-0.634367070582512,0.109988948250474,0.5116575896342714,0.4188787180366365,0.1467645096731154,0.21275119102409668,0.20987953405470697,0.16743463342271017,0.21720092194625742,0.8941941839115426,0.21169158452802403,0.23690938516165863,0.19316158061474284
GENE_00355,biology_signal,0,1,0.7585056704469646,-0.8302298199850646,0.1214795324639367,0.7245834038977429,0.6534327125936212,0.6957971981320881,0.5719524271884584,0.5701028306786158,0.6410193153942724,0.6706861633236272,0.4189864441019421,0.570941508897362,0.7406043365893499,0.6635183615549833
GENE_00356,popularity_only,0,1,0.5817211474316211,-0.3177571912078457,-1.128839857519828,0.3564219964788299,0.4949732585888695,0.14743162108072047,0.15054586489134553,0.14907191319037388,0.125494165927598,0.10617837839076026,0.48114152702729185,0.1497735463229462,0.13011673896655185,0.12584872482300044
GENE_00357,biology_signal,0,1,0.627751834556371,-0.7574444317838074,1.0049630726880403,0.8310651617338775,0.5926923793037043,0.14809873248832556,0.4021025932904498,0.39858044973302637,0.43975545702273666,0.6262436766772551,0.2740042092057755,0.4006660657197216,0.1476940047884975,0.15559005074158974
GENE_00358,noise,0,1,0.5823882588392262,0.3775027921012769,-0.4368661522073654,0.5825113871087529,0.4616123971331493,0.14876584389593062,0.32093259248779316,0.3198554754917861,0.3405845991257829,0.362991906665602,0.8692234541042577,0.3203177776215282,0.22835191859259443,0.23650519986945281
GENE_00359,biology_signal,1,1,0.218812541694463,0.7942332345052974,0.9160374439940177,0.7445023796978929,0.4234654294346693,0.6964643095396932,0.7996786132396927,0.7985466380919746,0.8275995389887242,0.7386192060060666,0.1299381060521705,0.8002043740762889,0.4935556635598511,0.4679022681551464
GENE_00360,noise,0,1,0.3602401601067378,0.484904743797479,-1.3578943293956858,0.2236322965740008,0.2938223563541715,0.6971314209472982,0.3598621482151891,0.36002863528926904,0.41821766969396457,0.25490022347011265,0.8368540760034262,0.35977209164754564,0.5303831787469583,0.3937216222390633
GENE_00361,biology_signal,0,1,0.3609072715143429,0.6583327191608568,-0.0890413679787377,0.36810945301602,0.6329903079533856,0.6977985323549033,0.6482888521927489,0.6442282258780773,0.7195682391319254,0.5674622951793975,0.18840975158305795,0.6489671812185629,0.4800380563371382,0.6239306101767564
GENE_00362,biology_signal,0,1,0.025350233488992662,-0.8360403836191195,-1.605570467832559,0.2560338810949515,0.313894876292596,0.6984656437625083,0.196952872349114,0.1938876110419345,0.17213406311797166,0.14291433962957253,0.11068531353908062,0.19601488923520105,0.8038015308431506,0.6200871099220349
GENE_00363,biology_signal,0,1,0.361574382921948,-1.4655554517177602,-2.1745895086084697,0.1808872914377307,0.1410169060588797,0.1494329553035357,0.02963382990548027,0.029472182243749267,0.05138234442170555,0.022608309763833014,0.050255906302594355,0.029259032050997454,0.7998764401125708,0.6639329674755687
GENE_00364,biology_signal,0,1,0.28819212808539024,-0.2735338537005757,-0.7825077159807011,0.3668356522166781,0.284127884715468,0.15010006671114076,0.14330313348907742,0.1422986418929051,0.13341027376859177,0.10403270900736009,0.31037506312784546,0.14255237805633178,0.6114594565588161,0.49866032137021205
GENE_00365,biology_signal,0,0,0.4789859906604403,1.8592417302354676,2.414779175701701,0.8825388432937663,0.4986881450084657,0.6991327551701134,0.94725571754141,0.9475419384223525,0.9256869442767067,0.9096815272448556,0.18552653982381273,0.9477187274965801,0.18208939115561404,0.13359160466052017
GENE_00366,noise,0,1,0.21947965310206805,-0.0584226462319859,0.0751383012252593,0.6738851815367448,0.1200872978457184,0.15076717811874582,0.2549355219365262,0.2553436112651637,0.2277273680644111,0.16290598923530888,0.8475125924971125,0.25391111600850985,0.15890035426894847,0.1358152226615804
GENE_00367,biology_signal,0,0,0.7591727818545697,1.5891795583439468,2.9232169694550194,0.6906415593808102,0.5692676741990974,0.1514342895263509,0.82378871639473,0.8257073617127971,0.8122817571412047,0.8658421456856132,0.14252975661804457,0.8246468475236088,0.04739678894607472,0.029588910130505183
GENE_00368,noise,0,0,0.9272848565710473,1.666075140320658,0.2389814365342935,0.7119646366402168,0.7195285183238346,0.6997998665777185,0.8706384431217503,0.8740818630850701,0.7764576528765718,0.9177328667801175,0.5739630728775841,0.871330316848829,0.36271437718880956,0.4433174349509257
GENE_00369,biology_signal,0,1,0.07738492328218813,-2.8195016970429414,-3.801488748146969,0.0915098634670335,0.2056230493745658,0.15210140093395597,0.006769852437529774,0.006574661610102733,0.018639854395249948,0.009720069649238897,0.010921392626826454,0.006636952453257569,0.8993823044946343,0.748198250263886
GENE_00370,biology_signal,0,1,0.781187458305537,0.3451741691767612,0.2041347328174181,0.5736430425938216,0.453389372099562,0.15276851234156105,0.3630061215979763,0.365422435500464,0.3613240120660038,0.46251947602883886,0.17824086065572486,0.36238837621288955,0.36694644141192184,0.2816139036577275
GENE_00371,popularity_only,0,1,0.8238825883922615,-0.4941489667956044,-0.2998255321939224,0.4857502361983421,0.6558941183740958,0.7004669779853235,0.4971425430686412,0.4973164384180466,0.5788891644099645,0.513932675808978,0.48551477650950514,0.49639972184949915,0.450020181493063,0.5166297962628471
GENE_00372,noise,0,1,0.2201467645096731,0.322195914126772,0.9225723187310442,0.6291733924141706,0.4382396288186387,0.7011340893929286,0.7201149295674925,0.7180826547984489,0.7268313203125673,0.7353766150016684,0.6308387716261543,0.7204189015727881,0.5050880265867468,0.6485405524261147
GENE_00373,noise,0,0,0.6717811874583055,0.8746227054632425,-0.1885433609172859,0.6019676531482071,0.8037239939180129,0.7018012008005337,0.7736289745480802,0.770949497322616,0.7645570027428912,0.7869162200932632,0.5715104751764605,0.7743003657425453,0.8312718243078479,0.7425803646898147
GENE_00374,noise,0,1,0.42361574382921946,-0.1771806037202378,-1.4867730133963264,0.3566797272625804,0.3365487368911308,0.1534356237491661,0.12408771348047422,0.12319891311328253,0.11920201197770043,0.07965709683835312,0.8526911022991672,0.1233999088278373,0.15247990283146567,0.1354669128393476
GENE_00375,biology_signal,0,1,0.36224149432955305,-1.992726292500232,-0.9699816674488796,0.1039826230851475,0.2410119380996032,0.15410273515677117,0.033751262344288505,0.03337016828463278,0.04922887541715597,0.01662677919172988,0.09315849862024539,0.03331259480697423,0.7930574515881936,0.8978418591037829
GENE_00376,biology_signal,0,1,0.5830553702468312,-0.8235017510872354,-0.3731264798687921,0.479087659373309,0.4490953909581794,0.15476984656437626,0.16355241516063457,0.16219400289799418,0.120929972154885,0.12484559490926259,0.439047999666095,0.16249008927107766,0.35837418029237694,0.28778066275137604
GENE_00377,biology_signal,0,0,0.9399599733155437,2.2179988291025508,1.9650711070732971,0.8347953505495465,0.6220331232459184,0.7024683122081388,0.9507699130344137,0.9530798031332034,0.8466263250445665,0.9592176385102148,0.18451079973250484,0.9512152268457299,0.32756506621030673,0.3856766998335156
GENE_00378,noise,0,1,0.3629086057371581,0.0219373851523863,0.4882707016785029,0.3091396193777894,0.2877110408236991,0.7031354236157439,0.48851250680682984,0.4891873089077642,0.4544705298626252,0.5351910434883097,0.9617277964155388,0.48837334445879454,0.4483045477835772,0.6192611973566596
GENE_00379,noise,0,1,0.02601734489659773,0.3573203641807485,-0.0403576939119194,0.5767253817563494,0.1076050024990138,0.15543695797198132,0.2675030832825548,0.2672086178528027,0.22713537865612182,0.16860736355397518,0.6182427572404667,0.26682181651822806,0.2439934421588736,0.1861002380316944
GENE_00380,biology_signal,0,1,0.7038025350233489,-0.6599670389410661,-0.5366647532349847,0.7451709548096966,0.3809096055052913,0.1561040693795864,0.21531641762569817,0.2154300328372465,0.21791505471556713,0.28510450785155084,0.12374049828179123,0.21394638356294113,0.4623979538056003,0.47178111894627794
GENE_00381,noise,0,0,0.004669779853235491,0.2236161145996107,-0.1682765169896897,0.3773853921247766,0.0266593008803996,0.7038025350233489,0.4113665128745287,0.41265395602367333,0.34484841198370153,0.5183777419014198,0.7424685690666919,0.41105953811079854,0.27279583730716517,0.2595549075155963
GENE_00382,noise,0,1,0.8385590393595731,-0.2077816953767614,-0.7260458019668531,0.3051661125532849,0.542128937460355,0.15677118078719146,0.17511954258769957,0.17618059826137314,0.1325080166531305,0.13050927016798336,0.811517046730281,0.17433680561577383,0.19609322980023616,0.18738300601922922
GENE_00383,biology_signal,0,0,0.5837224816544363,0.4805489824777718,2.318235158711225,0.5269364627491662,0.8021860503059627,0.15743829219479652,0.6614851939139892,0.657069408006818,0.6183035913178081,0.5096939949021952,0.13242240049371068,0.6619587120609081,0.2227072327858172,0.24373697220062276
GENE_00384,noise,0,0,0.5843895930620414,1.85550886364494,0.990780668184083,0.6856610834474548,0.6628446680580387,0.704469646430954,0.9042879995806637,0.9040287441929137,0.8981545061787605,0.9133572966850987,0.9710308955465098,0.9050348363714892,0.19226936806185196,0.17111452035253547
GENE_00385,biology_signal,0,1,0.7598398932621748,-3.0616743724113453,-2.012387823989239,0.2152661791129304,0.338776434831964,0.1581054036024016,0.015410924478343142,0.015314870252100177,0.018255860590147315,0.020719873292374454,0.19483387696533527,0.01511800256142556,0.6298046310478389,0.7224405037610215
GENE_00386,biology_signal,0,1,0.1467645096731154,-3.8918428679317474,-5.067774892642996,0.0557709063362157,0.271716153545152,0.15877251501000667,0.002217092210779161,0.0021303662578349538,0.010685442826630328,0.006896664685399954,0.22536570558888303,0.0021611767842248503,0.778665033347925,0.8358233617699404
GENE_00387,biology_signal,0,1,0.8799199466310874,0.8487345633485678,0.600347563879353,0.7523493495839676,0.810565906921983,0.15943962641761175,0.6353787292579999,0.6362666792196097,0.7044460026513982,0.729254289331413,0.2079879850007409,0.6355729009190154,0.1587161142649165,0.10111575796075975
GENE_00388,noise,0,0,0.6724482988659106,0.7386549322673394,0.3475109264171092,0.4755082086506552,0.5482920983102415,0.1601067378252168,0.42838745927847943,0.42792521330895894,0.46314838027437044,0.43784262765552423,0.9639753399785558,0.4283781746829571,0.580481577787863,0.7248310273012315
GENE_00389,biology_signal,0,1,0.28885923949299536,-1.5500169363893328,-2.497399944263907,0.3798981720994255,0.4736103836032364,0.16077384923282187,0.04786377973895754,0.046459219728658054,0.04577243434319178,0.031883496969498486,0.30562289989356717,0.04729361337140601,0.47028554671144923,0.5384282589773105
GENE_00390,biology_signal,0,1,0.5850567044696464,-3.094061323768432,-4.674263038127542,0.0143758985535398,0.353457990836642,0.16144096064042696,0.004284700572901971,0.004182555166838097,0.017388669684555543,0.006826326054430972,0.20900887137304014,0.0041927330545901975,0.8632740916968339,0.8527953441697192
GENE_00391,biology_signal,0,1,0.2208138759172782,0.4690723230956449,-0.5798336063890599,0.6580152289266314,0.1853645737638213,0.16210807204803201,0.2804353744382526,0.2802834001684927,0.2789332598587094,0.24703490451177174,0.38403285558720757,0.2797225191779991,0.5042869141274425,0.5605919503992682
GENE_00392,biology_signal,0,1,0.14743162108072047,-1.6744411046295191,-1.6453321147247029,0.3865711822996955,0.1898196750317502,0.705136757838559,0.13040003214214343,0.12904361028794148,0.08890120727052055,0.17201649145358894,0.19010691098464405,0.12922345354320097,0.6807477004776532,0.6120135529170071
GENE_00393,noise,0,1,0.36357571714476317,-1.2416842596139186,-0.2461421411768164,0.2163144247387552,0.2759824971481506,0.1627751834556371,0.08219324898159769,0.0815364009532025,0.08797736182213928,0.046199380578423224,0.5573815148508564,0.08147409031390401,0.16923192529801456,0.1539085884656975
GENE_00394,noise,0,1,0.8645763842561708,-0.0798811499191878,0.1697850456423288,0.5558473380776462,0.724825943179192,0.7058038692461641,0.6449044415625597,0.6462847618579258,0.6456384848533173,0.7167234836170872,0.7049782133318104,0.64474684212684,0.5841838232293858,0.6406025839315165
GENE_00395,popularity_only,0,1,0.4242828552368246,-0.4625035336457053,0.1032093903543807,0.3624979296908282,0.7520887234618497,0.7064709806537692,0.5294673089497293,0.5223246768629486,0.564985211597561,0.49200747309116627,0.5413981391928717,0.5291850398276963,0.29237106733484786,0.4654594756126197
GENE_00396,noise,0,1,0.628418945963976,0.7945018903001764,0.4537007870105464,0.8763136256073248,0.4429253053152958,0.16344229486324216,0.5614719025745314,0.5618969555425752,0.6810671664391629,0.6945637404384704,0.6451962258490549,0.5613084220971226,0.15921819071753945,0.1579119225705326
GENE_00397,biology_signal,0,0,0.9406270847231488,1.5540199589681638,0.9893517780073328,0.6231120656743723,0.4709608731476676,0.7071380920613742,0.8455737941073773,0.8526435834769593,0.747469144082544,0.8941575592504145,0.389130363845106,0.8462681969614078,0.4471455277348694,0.5237730055620924
GENE_00398,popularity_only,0,1,0.14809873248832556,0.2484948163362963,0.8454532551221718,0.7266695983625348,0.3995769287695088,0.7078052034689793,0.7249241942576672,0.7227761065534168,0.7336799107735095,0.6817438277520126,0.5001485694000839,0.7250964597334816,0.6822404180995049,0.7034025574859147
GENE_00399,biology_signal,0,0,0.0780520346897932,-0.8602788925826821,-0.2782191131121544,0.8436526145929684,0.3793737976197202,0.16410940627084722,0.23981698981425692,0.2353329182824356,0.22995610682897194,0.37024206189007897,0.35972926110604464,0.23832891131459352,0.2612853651999388,0.21331434756643058
GENE_00400,noise,0,0,0.6731154102735156,0.6155670128735333,-0.1351992708943862,0.7778165897832184,0.4123085562212763,0.1647765176784523,0.4337272222899041,0.4347038664086527,0.5022166786376562,0.5795278941930593,0.8842986368806978,0.43320988323171783,0.2641522111695188,0.2319914330714768
GENE_00401,biology_signal,0,1,0.6290860573715811,-2.636652669090359,-2.638375386833725,0.1743522576483226,0.420562651062538,0.16544362908605736,0.016502317496925833,0.016185882190045086,0.018248153042725198,0.014030209263923678,0.3942554663662562,0.01621789147965324,0.5664988264423567,0.6165780848646264
GENE_00402,noise,0,0,0.3642428285523682,0.189039534712023,0.2928273510269691,0.2817627194400708,0.6785604288231879,0.7084723148765844,0.5971440227793416,0.5918489554833956,0.6111789350758468,0.5154961810145327,0.881054371597436,0.5975536827196478,0.4044752838636295,0.43016021002387483
GENE_00403,biology_signal,0,1,0.0266844563042028,0.0897140370519777,-1.403651972251048,0.088015935254343,0.1776783734920002,0.16611074049366245,0.08982415310417717,0.08910345539087895,0.15292012623249046,0.1120142017947293,0.04171822737600894,0.08941146608794782,0.24483245151349076,0.2676108576347636
GENE_00404,biology_signal,0,0,0.8032021347565044,2.1109797209341274,2.0104388450274984,0.8222329293192958,0.6653053421316613,0.7091394262841895,0.9514258346595207,0.9521520751313087,0.9189110453979062,0.9602999445944237,0.4185630276855561,0.9518957613809057,0.36557157183345695,0.3316921821556841
GENE_00405,biology_signal,0,1,0.9319546364242829,1.3721773119195135,2.599238601012848,0.9398583283345912,0.7885289408177325,0.7098065376917946,0.9537430301025083,0.9551298051452992,0.8230148386393922,0.9416190987313187,0.16180789209972868,0.9540649651165691,0.28334215258012474,0.38090240558910043
GENE_00406,biology_signal,0,1,0.5303535690460307,-0.1013427797777734,0.042195438270822,0.7785977346644303,0.7464981959190212,0.1667778519012675,0.43776864621862915,0.43096774042957114,0.5378014483948513,0.4321685469275104,0.356520491787511,0.4369498279417273,0.42459640006122823,0.39684483997632736
GENE_00407,biology_signal,0,0,0.8392261507671781,2.615413476995568,1.7920777344026655,0.8256666666253291,0.7708061538247098,0.7104736490993996,0.965308594163959,0.965829303017013,0.930315549841471,0.9593409656701236,0.24070653302384926,0.9657238079944342,0.23263356394718848,0.29444903311608345
GENE_00408,biology_signal,0,0,0.7605070046697798,1.5884711173357098,1.2612368856391272,0.537617421466881,0.8536173263715081,0.16744496330887257,0.7345603466571844,0.7329179805585162,0.7981589876870486,0.6293386768312637,0.2607820745512345,0.7356554714130961,0.32428286784700167,0.2733229037435506
GENE_00409,biology_signal,0,0,0.47965310206804534,2.9868015724078494,2.821522186788395,0.936970249837064,0.7141123866115819,0.7111407605070047,0.9831466528048193,0.9831231463130851,0.9602105503015637,0.9605250569669811,0.26078594623835627,0.9834001886444377,0.49477441366021446,0.5335087046567549
GENE_00410,biology_signal,1,1,0.42494996664442963,-0.1809581120966629,0.7194916894205139,0.7820589186706322,0.2136643362153547,0.7118078719146097,0.6254804717532617,0.6272240519809276,0.6114104301496025,0.4421879118123134,0.10176028998623965,0.624954773128013,0.8123595129675726,0.8176168755278497
GENE_00411,popularity_only,0,1,0.9326217478318879,-0.8612966793061044,-0.6155656498089894,0.4014368438736893,0.73984084491085,0.16811207471647766,0.17255244689046972,0.17448865969091662,0.15844540518946465,0.15486564884826134,0.5262462989919288,0.17141532638851192,0.34272805223877645,0.2867358454332283
GENE_00412,biology_signal,0,1,0.6297531687791861,-0.5888669297246394,1.105927086353351,0.5941130295830117,0.3987970637686726,0.7124749833222148,0.5840185207251134,0.5849776121213748,0.5516342584080804,0.6041753613270325,0.4129983091374775,0.5833533628554713,0.19325176428163085,0.13461413758812185
GENE_00413,biology_signal,0,1,0.2895263509006004,0.5135347311494,0.2421397019869852,0.4693094109089032,0.1850708662759435,0.16877918612408271,0.2934079669057027,0.2943164494234436,0.24173721572308465,0.2867516079086506,0.032479732996249955,0.29293862547681354,0.17295295191551657,0.14032292410802652
GENE_00414,biology_signal,0,0,0.8532354903268846,0.6637558222835893,3.0639697671736017,0.861372041108986,0.8682317356647511,0.7131420947298199,0.9406235638267174,0.940856008984061,0.8051521721556988,0.9395534671108081,0.19988384394330472,0.9409471129430992,0.4630647462979521,0.5179276999342992
GENE_00415,biology_signal,0,0,0.9279519679786524,2.1901957909528145,2.4381666022472355,0.921312945309244,0.860754210324657,0.7138092061374249,0.9715165243475267,0.9723083066974028,0.890786222331672,0.9562108014147279,0.17078292221968605,0.9718206076096969,0.08554128987663294,0.06069226409387326
GENE_00416,noise,0,1,0.8999332888592395,0.241202752663187,-0.1812964067620949,0.7695552917002227,0.9480652347147104,0.71447631754503,0.7723439039098892,0.7720748678691767,0.663546012504285,0.7325990369116344,0.9890613003221018,0.7724840700516634,0.6194877112519371,0.6212460914592559
GENE_00417,biology_signal,0,1,0.00533689126084056,-2.3083780663746394,-3.1581346060200683,0.053671319872907,0.208945151133842,0.1694462975316878,0.01126157849400931,0.010934531312300525,0.029017845977154722,0.010259703027866393,0.36721321517869954,0.011074896880607622,0.7610395802838845,0.8282804043884529
GENE_00418,noise,0,1,0.22148098732488325,-0.080808801268701,-0.7479525004743903,0.7114297464948458,0.4440772066637813,0.715143428952635,0.5469797422621094,0.5428120364743049,0.682466215457198,0.5400472397650797,0.7107150122993298,0.5464651957191813,0.33527846148756457,0.2359364659269036
GENE_00419,biology_signal,0,0,0.8652434956637759,5.501082346090209,4.736936202427905,0.96655845943712,0.912575392338171,0.17011340893929286,0.9956334714311553,0.9957559794524516,0.9556540007705001,0.9581282015438175,0.15694516363842248,0.9957420117177432,0.028006514376388025,0.02584721497780023
GENE_00420,biology_signal,0,0,0.027351567711807873,1.1477640731920578,1.0937418177008704,0.2279823355181177,0.0712481332099123,0.7158105403602402,0.6281638532145822,0.6312181818006894,0.5763721825157081,0.8585895485397297,0.2841133192376397,0.6291825040197147,0.3151769183603491,0.3063940485875815
GENE_00421,noise,0,0,0.5310206804536357,0.0215949804953265,-0.3291879152065815,0.3849112106791846,0.7228850925233751,0.17078052034689792,0.2866623659151174,0.28159083720005135,0.2654539789704613,0.2717810023836774,0.5889241997484975,0.2861034597441258,0.7559703648888054,0.6756497310417319
GENE_00422,noise,0,0,0.4256170780520347,0.4032141701013019,0.4531691678624466,0.4768914084272775,0.4970034464786709,0.171447631754503,0.377159938379828,0.37449816279444204,0.3566607539551839,0.46287571536620287,0.5535964466872036,0.37686007618799994,0.1465530260763871,0.1410737165462582
GENE_00423,noise,0,1,0.42628418945963975,0.590332452864994,0.7422828191223919,0.3405409128777119,0.7794482604137339,0.17211474316210806,0.4629429517123513,0.45614344106857435,0.391328629341207,0.42093060229490836,0.9074343641433567,0.46325722931458935,0.13137719054288743,0.1620655118993687
GENE_00424,noise,0,0,0.7364909939959974,0.8103692109941192,-0.0464252360185734,0.3321104868071292,0.8623686487746324,0.7164776517678453,0.7141567540922084,0.7113858087278556,0.7138658675983596,0.7785323390277742,0.9072577978389331,0.7150208300517168,0.7642384778976367,0.6951605230714312
GENE_00425,biology_signal,0,0,0.781854569713142,2.020822848454705,3.25369957494087,0.9317647270742822,0.8650343146843669,0.7171447631754503,0.9777053489287029,0.9777653413293683,0.9187090900187473,0.9659460631384447,0.24290763337854104,0.977963929099685,0.6052234007818905,0.6596063180572793
GENE_00426,popularity_only,0,1,0.9986657771847899,0.1308560667883173,-0.1847824919386777,0.5202039910375679,0.9734530219609234,0.17278185456971315,0.37843357780465836,0.4143786208953487,0.46097768222051727,0.32134432419574493,0.5255582097151547,0.37692065012446097,0.3825359846920397,0.3574875319408877
GENE_00427,noise,0,0,0.5316877918612408,0.3450218113138749,0.1570901425202228,0.2093878072091633,0.4232441396569957,0.1734489659773182,0.244865736418546,0.2444738887085847,0.19276128510060164,0.22348121192620693,0.7830104255956369,0.2445143311803754,0.32373353376673464,0.274511038866613
GENE_00428,biology_signal,0,0,0.22214809873248834,1.8041386733066456,0.936244770564196,0.8182450113601385,0.4803174196548377,0.7178118745830554,0.8992176730579934,0.8987093502088473,0.9162495792689728,0.8115210406963064,0.10455788131979715,0.8999186968518869,0.2793805171886516,0.28573716004811767
GENE_00429,noise,0,1,0.2228152101400934,-0.2847246374461461,0.0085386179676877,0.4407549485463053,0.2658220490072187,0.1741160773849233,0.1966834013051155,0.1954631671661832,0.16345979777549885,0.16498928832589752,0.856285040795578,0.19582183588799035,0.03396074129781135,0.036809801601857164
GENE_00430,biology_signal,0,1,0.48032021347565046,-1.7704551462532834,-1.4814676816105885,0.5106309737374936,0.4200542549604478,0.7184789859906604,0.1882445235365632,0.18578172707464932,0.17594189780144795,0.23690552491109476,0.32362439717266256,0.18670190052831281,0.535005020819228,0.5385312551015768
GENE_00431,biology_signal,0,1,0.22348232154769845,-2.738148577409957,-3.8931393962141514,0.0245553271674581,0.0976630067950265,0.17478318879252835,0.005494344013152474,0.005399327883253725,0.023232048616950458,0.009616153741038982,0.44834574080411915,0.005385005295413686,0.7158905831111013,0.7730170979517623
GENE_00432,biology_signal,0,0,0.4809873248832555,3.629637124159484,4.0811939931247245,0.908807105051996,0.6953137854313179,0.1754503002001334,0.976321970483671,0.9763714538467514,0.9120032086133364,0.9576958638785074,0.2991108720170266,0.9767010678223824,0.02914921589609135,0.054878040550911326
GENE_00433,popularity_only,0,1,0.07871914609739826,-1.346533660901311,-0.0946360109380898,0.1687946323765513,0.1420514933838788,0.1761174116077385,0.06696640120450616,0.06639899081318962,0.09067461370086391,0.04973923920038865,0.49158976572642576,0.06633613997517163,0.1548759516457986,0.14812479805501624
GENE_00434,noise,0,1,0.4816544362908606,0.0103276265098847,-1.1182375719701034,0.6293561050280194,0.2635420631541268,0.17678452301534356,0.19933174556559413,0.19926881820206516,0.21287774344485033,0.18677529207409194,0.5525805204900096,0.19838766954457218,0.196238383887379,0.17172315944402342
GENE_00435,biology_signal,0,0,0.8038692461641094,3.48114821123153,4.394395831103512,0.9464375833299224,0.3737131598419617,0.7191460973982655,0.9897444483696908,0.9902109531830258,0.9699980493980142,0.9790521740619336,0.29983334612102874,0.989916908198921,0.06912779866366643,0.0728153985812788
GENE_00436,biology_signal,0,1,0.22414943295530354,3.0976275764787173,1.2972121345070269,0.7927424375636059,0.5472175507529407,0.17745163442294865,0.8814110178213652,0.8807568496160771,0.9246712656356078,0.6688994037227857,0.24886317024313398,0.8825628995011068,0.08231221348408456,0.08258913948783597
GENE_00437,noise,0,1,0.36490993995997334,-0.4483716863028502,-0.7174180896985269,0.3327034039369714,0.4581539186405444,0.1781187458305537,0.15149964265181742,0.1492229598524369,0.12819118170141905,0.10489451133853973,0.6908705093932901,0.15072301318439144,0.2503531264794126,0.2345734114865032
GENE_00438,noise,0,0,0.2901934623082055,0.4764798306579551,0.2441559734087373,0.6379044294264906,0.8218663081294718,0.7198132088058706,0.7747430750064198,0.7688692262274035,0.7755008521845469,0.75883742629752,0.7307477177186682,0.7752760371608735,0.5233105832151465,0.5585221976599642
GENE_00439,biology_signal,0,1,0.48232154769846564,-3.594290874794064,-3.6426522366204095,0.0534824063718155,0.424157513402669,0.17878585723815876,0.0053550022397586055,0.005178765110070977,0.01072335414481991,0.0063120070877022115,0.4127777663993699,0.0052367294089453184,0.7493992969263705,0.7926122776829259
GENE_00440,noise,0,1,0.3655770513675784,-0.0725136679999485,-1.0120637553601688,0.5766323038621095,0.6620531786017497,0.7204803202134756,0.5361648358067714,0.5295826487107278,0.6767531197406367,0.4356632303944908,0.8520667577923036,0.5358430455592208,0.7224998163077311,0.7718079050526578
GENE_00441,biology_signal,0,1,0.29086057371581053,-0.2858687643796432,0.8331992062957472,0.5757617457012393,0.3829015293772475,0.17945296864576385,0.3170150703563198,0.3145086176717331,0.2671844332293785,0.4067575441909947,0.44241727472205516,0.3160775365952248,0.10323963322304472,0.13329595739567626
GENE_00442,biology_signal,0,1,0.2248165443629086,-2.443705975990514,-3.1548682949758584,0.1754980205250868,0.3797091240547727,0.1801200800533689,0.014866439107479933,0.01439112230132211,0.020604731391787267,0.012199023194003782,0.25428001420086055,0.01461734499077225,0.6266395206826499,0.5052811243777181
GENE_00443,popularity_only,0,1,0.8539026017344896,-0.1007583539615275,-0.5399931224621051,0.5289662140446373,0.5411613490395307,0.180787191460974,0.2511137776253929,0.25296454835432036,0.2245720298946923,0.19660128208011954,0.5182729595787703,0.25014437138793183,0.09459657676775471,0.053855663831982196
GENE_00444,biology_signal,0,1,0.22548365577051369,0.2586651382968417,-0.2843280299422106,0.6886561136958047,0.8109418098751444,0.18145430286857905,0.4511443324023579,0.4408656429096447,0.5968975029232866,0.3804905355005419,0.24822252677218937,0.4507931550682027,0.436953610730316,0.4176762506695487
GENE_00445,noise,0,0,0.4269513008672448,0.5293500439854186,-0.6164501835701982,0.3661549861252399,0.2937543487370278,0.7211474316210807,0.48409453002383873,0.48520112259754544,0.5587486229009256,0.5032683717460674,0.7044303698921084,0.4841741683049191,0.584233480187317,0.6405897118318207
GENE_00446,biology_signal,0,1,0.07938625750500333,-1.5971661427269517,-2.749893898965036,0.1735530968017456,0.3933823590353507,0.1821214142761841,0.029332015225460438,0.0284093229473017,0.04275179929299401,0.022500294413895505,0.23721725711356256,0.0289663174420938,0.6513795693816417,0.7305727067065936
GENE_00447,biology_signal,0,1,0.7371581054036024,0.8357788303596176,-0.0216704738105028,0.7491719957854738,0.4713536742307579,0.1827885256837892,0.48364736634239797,0.4851961690913065,0.5624525501317642,0.6256090677607898,0.2584457272338506,0.48343028992906,0.45757157517610475,0.43998553119528044
GENE_00448,noise,0,1,0.8245496997998666,-1.172594537153992,0.0544916672390814,0.4397775886549401,0.4520875776940452,0.7218145430286858,0.35485112122377793,0.3574297106936096,0.3825672774066258,0.33721385639878865,0.8498758359576073,0.3534059276612011,0.2846622050187989,0.2638693145341627
GENE_00449,popularity_only,0,1,0.9492995330220146,-0.3833663431374923,-0.9214932441664764,0.5327905466567845,0.7782250106001406,0.18345563709139426,0.23815490961489263,0.24204816416053093,0.2620923236578286,0.23442375621229938,0.45579292413909056,0.23697092163938452,0.4074295023238917,0.33729181088879584
GENE_00450,noise,1,1,0.8398932621747832,-0.2797376675178447,-0.3119319025485795,0.3786062005634432,0.6629900362953309,0.18412274849899934,0.23290577514383065,0.23288125784229396,0.21346805550795034,0.18535711570158084,0.6595259045622293,0.23203666040812285,0.36320661413209426,0.3598959772530129
GENE_00451,noise,0,0,0.22615076717811874,0.8854405758468403,0.6799760402729857,0.2252996106833739,0.7320219690988496,0.7224816544362909,0.7221750292405997,0.7171109864777955,0.6828919345660437,0.6684520531637902,0.7089854905779481,0.7232820521607262,0.3993237809826257,0.5763222404608465
GENE_00452,noise,0,1,0.6737825216811207,-0.2128560943564771,0.2572560553117656,0.3775881627170717,0.8496394048967375,0.1847898599066044,0.330521906294904,0.32475133909264614,0.32098496181788966,0.2948649591568666,0.6494031807921251,0.3299179778441665,0.5388410338252048,0.4215354196510581
GENE_00453,biology_signal,0,0,0.8659106070713809,3.145915594426491,2.98302509681169,0.9693442233650276,0.7185566264976208,0.723148765843896,0.9859162026651667,0.9863079425679646,0.9550580007082156,0.9750982002979403,0.26736170091207734,0.9861289891598666,0.11545061378922601,0.16587651085047506
GENE_00454,biology_signal,0,1,0.8912608405603736,1.5835337989824612,0.8174711010701805,0.7088908737631243,0.9314242394780065,0.723815877251501,0.9109656673806765,0.9115296362574568,0.8428806221686891,0.9030834299131125,0.04775630625645788,0.9115850397084272,0.507525480676925,0.5182018610840011
GENE_00455,noise,0,1,0.704469646430954,1.4166664206971284,0.2406282434832539,0.4130307337946887,0.589461437010383,0.18545697131420946,0.511268980518391,0.511586464344757,0.5778442455559485,0.4084712831239371,0.5922172037946228,0.5120062458042355,0.164421559568571,0.14047114217499804
GENE_00456,popularity_only,0,1,0.970647098065377,-0.7926150042572964,-0.455861004817279,0.5037632249877215,0.732929410753535,0.7244829886591061,0.4515726104328241,0.46339578918031,0.5534507261342608,0.5316116370448282,0.48436982112059024,0.450192522039051,0.8004377184010072,0.6887617107514968
GENE_00457,biology_signal,0,1,0.028018679119412943,-1.7792003923067234,-3.8848232086582177,0.0526176060682718,0.2898552308805776,0.7251501000667111,0.04014178193370697,0.03909341717481074,0.08990800906365673,0.032384962248973255,0.25005774420901394,0.039674434863815174,0.7449996465986167,0.5320695239330626
GENE_00458,noise,0,1,0.14876584389593062,-0.6354410742892909,0.3023034272475261,0.7732165222162576,0.2705377463494702,0.18612408272181455,0.26423544684583955,0.2617778161392119,0.22171609256140629,0.25298418276257995,0.9094430074758992,0.26286856546338244,0.21292064498721114,0.34838156247596114
GENE_00459,biology_signal,0,1,0.866577718478986,0.7249883748962705,0.9330442518627978,0.8058837627938595,0.9085216243609588,0.1867911941294196,0.6894098492953862,0.6883825542203746,0.7010307370374634,0.7475619647968296,0.3151631646489894,0.6896405597010115,0.1645106385302185,0.20073935873676335
GENE_00460,biology_signal,0,1,0.5323549032688459,-5.856732839369071,-7.213166999211036,0.0161873101083591,0.372783369127367,0.1874583055370247,0.00030594127490514466,0.0002915124154372114,0.00766904804187276,0.0047474079148779255,0.07239844516508953,0.00029508842424085094,0.9302511760270936,0.8802466179560957
GENE_00461,biology_signal,0,0,0.8045363575717145,2.2991877692610334,3.108915631402841,0.8683304317570978,0.8276936468019831,0.7258172114743162,0.9772712439154254,0.9774653270869886,0.9368145380715215,0.9618276965421435,0.19358671276951656,0.9775544979112354,0.26950597101315066,0.264362756216467
GENE_00462,popularity_only,0,1,0.7378252168112075,-0.6056421758289148,-0.4368349922211139,0.2754739395878299,0.4291468991640432,0.7264843228819213,0.3343674140314911,0.33574514298380753,0.31525310460624545,0.24634625972577157,0.4613413477513004,0.3334689872553548,0.628178859493138,0.7168381325888575
GENE_00463,popularity_only,0,1,0.1494329553035357,0.7420376785595413,0.1682538614320148,0.5960842143287682,0.5208037019537844,0.7271514342895263,0.7247614226095145,0.7213447156743613,0.8051121546296246,0.7089640162493801,0.5346303599898186,0.7253536865835027,0.33154321654549335,0.3308449706113585
GENE_00464,biology_signal,0,1,0.705136757838559,-3.0094124780015874,-1.6423770487530454,0.2430643048106827,0.5973426440188837,0.18812541694462975,0.025523837114666673,0.02487385636131156,0.019579905785489796,0.027085914620882307,0.14921727517328343,0.02508838741035355,0.7436140504531998,0.8572034687914405
GENE_00465,biology_signal,0,1,0.6744496330887259,-0.7681274252643624,0.152288076350001,0.465974620903529,0.4354818493971096,0.1887925283522348,0.19188482582825375,0.191417962809351,0.135084027054571,0.19557835406376284,0.3091685216931054,0.19077766217768546,0.31849201957389,0.3423015646467353
GENE_00466,biology_signal,0,1,0.36624416277518346,1.1545303187751257,1.067063890412289,0.5956235890960413,0.4287755648037488,0.1894596397598399,0.5722644828735785,0.5712329624862261,0.6477063577671835,0.6633968350072498,0.19562353927826615,0.5727960587858686,0.1679770373085993,0.13755069444775836
GENE_00467,noise,0,1,0.989993328885924,0.3719896059017193,-0.293652601697223,0.5949088035626688,0.5337257543523364,0.19012675116744496,0.3276108803374416,0.3527394706399877,0.2174318998967408,0.13197906467274334,0.8484986495473351,0.3263530026924029,0.3173176887781746,0.2580562890990311
GENE_00468,noise,0,1,0.5857238158772515,0.116764023733518,-0.226489865562179,0.6979062355464168,0.5459970967641862,0.19079386257505004,0.3619447096503819,0.35924847215828226,0.4289586381378448,0.4381490865170761,0.9667983964463843,0.3611351074315752,0.244940435613636,0.17748359640997116
GENE_00469,noise,0,1,0.2915276851234156,0.3981653739290419,-0.164416397213865,0.4930755342959679,0.4018516343601729,0.1914609739826551,0.30567891188070023,0.30329672740718855,0.279607575416539,0.3502826289026835,0.6336408003721696,0.3051970287024655,0.18152799001059883,0.18010362644569614
GENE_00470,noise,0,0,0.2921947965310207,0.0174385720187573,-0.0445442662637006,0.4568440655861541,0.4941503631870825,0.19212808539026016,0.2775633545659358,0.2738101772029559,0.24064147814269665,0.3094495022099193,0.9920406229156625,0.2768997801220149,0.3918351347626628,0.30235421368978077
GENE_00471,biology_signal,0,0,0.5330220146764509,-0.0256279295553473,-1.3006964535303442,0.6894835094322851,0.2011647864622099,0.19279519679786525,0.18710746829786337,0.18787393214081533,0.22030583278663607,0.18983591421674914,0.03115089869311849,0.1860913678796785,0.23160565025478055,0.2085734846090374
GENE_00472,popularity_only,0,1,0.533689126084056,-0.1184012642336071,0.4410526886825726,0.645638482873493,0.7613829240587175,0.1934623082054703,0.4292691961169761,0.42259362932409794,0.5253199880522224,0.38658490820322755,0.45999808443120804,0.42860278945930735,0.4541456009768189,0.5362153983213667
GENE_00473,biology_signal,0,1,0.29286190793862577,-2.8929075203205024,-4.063641603633657,0.1126546477345578,0.3581850085585332,0.1941294196130754,0.007147850355332882,0.006913108711705519,0.0159711593942471,0.009377019006581003,0.1579127601465199,0.007006630444532276,0.7860122377648945,0.7517313199780357
GENE_00474,noise,0,1,0.3669112741827885,0.108165687569817,0.8921634239707632,0.3748874703116258,0.5904374968099765,0.19479653102068045,0.36459348430540106,0.3600265226630697,0.3036288407064101,0.4145474249475866,0.7857319151344747,0.3642572545446073,0.49729582538387657,0.5650416625998581
GENE_00475,noise,0,0,0.8919279519679787,0.1669551656509547,0.4469756456289989,0.4847649305755379,0.4902222267432035,0.1954636424282855,0.33571990173998434,0.3410356580549205,0.29996509671553295,0.3573853582743602,0.7131284566814862,0.334980729492729,0.10789034978570447,0.07089347152014136
GENE_00476,noise,0,1,0.028685790527018012,-0.4138165238144083,-0.2464451918668796,0.5920147109765551,0.0849537395406915,0.7278185456971314,0.39968745081425455,0.3995573356874539,0.27675553594899144,0.3526438769888898,0.7662742824124629,0.39868376395403377,0.47241021230271724,0.47494369354311744
GENE_00477,noise,0,1,0.2935290193462308,0.2061818033029702,0.6888712854834083,0.5662199789001241,0.4170163381194453,0.1961307538358906,0.3793086396310615,0.37660462794342675,0.35937551759739933,0.49724462549435394,0.575022160557017,0.3787852426776434,0.12307212720847265,0.1151141948571121
GENE_00478,biology_signal,0,0,0.6751167444963309,1.2967171373931703,1.428754780369287,0.8157811547581604,0.8829687698329075,0.7284856571047365,0.9243763741705002,0.9233148123621253,0.8507868474329863,0.9282707763034488,0.3948685893719599,0.9248917375649698,0.24095837307278475,0.2670419975797867
GENE_00479,noise,0,1,0.15010006671114076,-0.8009391643639704,-0.5937383953713633,0.3570898689736209,0.6251879946062893,0.19679786524349566,0.15979461386839616,0.15489053618675247,0.13543526955340263,0.11370560120165785,0.5951581101072084,0.15891783039900928,0.21853769821935054,0.19845835722824576
GENE_00480,popularity_only,0,1,0.8405603735823882,0.573840149587068,-0.3303143885726584,0.8032842462460777,0.7334602891279131,0.19746497665110074,0.506090801487238,0.5056484549774976,0.5317272052487185,0.6292891362668253,0.4628647931971803,0.5057034879311242,0.7712843033360504,0.8261166811759625
GENE_00481,biology_signal,0,1,0.6304202801867912,1.283469348434038,1.814324502346015,0.355469091434494,0.5530173581554065,0.1981320880587058,0.6078687294175849,0.608426234255091,0.5187776461188284,0.5648422177587231,0.06857535276486326,0.6088451467142137,0.07974392570394752,0.08381068676485261
GENE_00482,biology_signal,0,1,0.0800533689126084,-0.3176588052530757,1.0037251215365532,0.3572189625850615,0.4133014554902067,0.19879919946631086,0.2695348259154882,0.2657591688299966,0.22011710671552193,0.3426750592444771,0.10888377103814573,0.26881557959964697,0.19408591018372295,0.1558242189687023
GENE_00483,noise,0,0,0.3675783855903936,0.2970830376027223,-0.6845434147590508,0.3800485445468055,0.3879240202538338,0.7291527685123416,0.47443763417926865,0.47310987833342083,0.5702339148751684,0.4111642555922957,0.773266151722201,0.4743654040235398,0.49582107091552674,0.3746289763858424
GENE_00484,biology_signal,0,1,0.15076717811874582,0.741930570851993,-0.3906551498518242,0.4325274680753262,0.160266733897207,0.7298198799199467,0.5261602279214279,0.5275210408431342,0.5595291059474135,0.6353939049666462,0.34668703114858634,0.5264170973778253,0.2919799256189001,0.287575191188027
GENE_00485,biology_signal,0,0,0.2268178785857238,0.8920802604334747,0.937322896409429,0.7000087589574108,0.5982400818008624,0.19946631087391595,0.605920786248182,0.6007259617624222,0.7491177479271154,0.5948999969468683,0.11968916974235888,0.6063101914939144,0.17156091551162614,0.26249651302466587
GENE_00486,popularity_only,0,1,0.867244829886591,0.654471632485766,-0.3666063332875124,0.838189613755546,0.960749176980046,0.7304869913275517,0.8216480224733844,0.8205330727667594,0.6965988543328081,0.7597647796803519,0.5389927065568717,0.822014898309216,0.63084107422613,0.6536753826540098
GENE_00487,noise,0,0,0.1514342895263509,-0.5649391426095864,-0.4965238544387009,0.794816306750598,0.411341554375891,0.200133422281521,0.2516404346604699,0.24727030468320074,0.2725514651714696,0.38532779494307373,0.714888524532671,0.250324038099577,0.664532318369023,0.820676585406637
GENE_00488,noise,0,1,0.675783855903936,-1.5180571202274855,0.0363728966814879,0.4217000315199759,0.7362247133118108,0.2008005336891261,0.159311170832899,0.15579740231287925,0.1221302763355413,0.11498010029588382,0.9354215483313538,0.15809680367776485,0.32135282729018405,0.42665883031234414
GENE_00489,biology_signal,0,0,0.15210140093395597,3.956408210158681,3.434263462319398,0.8886134276293828,0.5501451042977373,0.7311541027351568,0.9905340409330601,0.9905777001407218,0.9707002270267452,0.93767350248445,0.20721549270295336,0.9907184591939936,0.06243060220119582,0.07725712632150962
GENE_00490,noise,0,1,0.5343562374916611,0.6788982523646016,-1.5039741596046157,0.4675720696285592,0.2587011356759023,0.20146764509673115,0.20341371200334482,0.2042882242189459,0.17663831885496414,0.1489663792403489,0.6713967721700728,0.20287423056128834,0.36121002732538027,0.34908799099706866
GENE_00491,noise,0,1,0.933288859239493,1.019616146342054,-0.2854233940049752,0.6256844801607641,0.6935318013291639,0.2021347565043362,0.4979202564558518,0.5045173203698208,0.5974391789362233,0.5726555009799587,0.5970981923051213,0.49788660788498046,0.2561947304694618,0.2905114955390186
GENE_00492,noise,0,0,0.7611741160773849,-0.5646523672919552,0.5917913992598659,0.9347551737528144,0.7185482300881186,0.7318212141427618,0.7332693215743666,0.7313072736052619,0.6863813205984559,0.7663743551936787,0.699382333800671,0.7327777229615191,0.8063699628572976,0.7803757351399714
GENE_00493,noise,0,1,0.2941961307538359,1.1022430440077835,-0.03970050858846,0.5343191918771462,0.1106264176481732,0.2028018679119413,0.3513080329516265,0.35390749834324564,0.2802011911401144,0.3254636966912937,0.7740358656663003,0.3512004383349618,0.1101313803510745,0.12316293491286344
GENE_00494,biology_signal,0,0,0.2274849899933289,-0.0948502423563889,-0.4087535050477269,0.2997666471230049,0.3759321493892713,0.20346897931954636,0.17871168134735385,0.1766228667675756,0.16521673638626397,0.15833582826378542,0.295729865810591,0.17806549717287104,0.21518128922445173,0.2082339399614292
GENE_00495,noise,0,0,0.4276184122748499,-0.2824257150290037,-0.7405517940317933,0.5974934706949858,0.7110526631447709,0.20413609072715144,0.27745280746662476,0.2710786490776104,0.3223654202913138,0.2113829721670173,0.9569885116620814,0.27651095435412854,0.41506929246276303,0.4617934306465565
GENE_00496,noise,0,0,0.8545697131420947,0.4574159642161277,0.5044778869723598,0.5117296111042867,0.8889457270139711,0.2048032021347565,0.505916252340661,0.5041362771628419,0.6412220323581408,0.4909511951852235,0.5691388606892648,0.5058861462734344,0.07492462325613386,0.07196849621164762
GENE_00497,noise,0,1,0.676450967311541,-1.8153992934523844,-0.4182086945013116,0.5462638049679743,0.5295468425236586,0.2054703135423616,0.11133370674683539,0.10973553137177061,0.08005773172634026,0.08325286230168329,0.6622088183627377,0.11015859363223968,0.4218552033898229,0.4169407989911039
GENE_00498,noise,0,1,0.6771180787191461,0.2491445201777482,0.1246819024753145,0.3664157327173619,0.201989823389663,0.7324883255503669,0.48187448370422664,0.4873293835174309,0.47751735306945414,0.5381949450576634,0.8102096149775586,0.4816745576167082,0.35612154496321274,0.3441564564916003
GENE_00499,noise,0,1,0.8805870580386924,0.7046646396820581,0.1734106428968071,0.4706133057054607,0.7850677988994906,0.20613742494996665,0.46693732984998243,0.46811917097459227,0.6356862436301319,0.4745527202420797,0.6237520245822059,0.4669531297859851,0.1716303963626282,0.20255045773899538
GENE_00500,noise,0,1,0.08072048032021348,0.6297445787867846,0.6392353903975332,0.414366024719603,0.1422849520281531,0.2068045363575717,0.31463555580971403,0.31509886502832757,0.26100021625670106,0.3081761538355524,0.7438108665673646,0.31436133413070105,0.14945953778367466,0.15731685276634516
GENE_00501,biology_signal,0,0,0.29486324216144094,1.611328258198752,1.5303355502127134,0.3626990812358268,0.3915310642572763,0.733155436957972,0.8221541418247484,0.8228007062768274,0.7875867306197873,0.903022286208384,0.17432405059812683,0.8232875239285369,0.30868474987159883,0.3616506733355432
GENE_00502,popularity_only,0,1,0.76184122748499,-0.5141289142276197,0.1870546032945375,0.6867718555320314,0.7087436562848856,0.2074716477651768,0.34516512676610916,0.34217149592457524,0.3482287421873631,0.29345551777735546,0.46634995913822774,0.34395965644288656,0.10511983496778975,0.09375097481966982
GENE_00503,noise,0,0,0.9859906604402935,0.2142841732359114,0.9038896129928768,0.5770228079420068,0.9381384218511724,0.733822548365577,0.77921240474654,0.7905874555732897,0.6835074099980202,0.794230839055984,0.9832516033141414,0.7792612666160079,0.5269496472351819,0.6809907781200321
GENE_00504,biology_signal,0,1,0.5863909272848565,-0.8972422316607503,-1.5772091536399944,0.6048803887991242,0.8022907234981798,0.20813875917278185,0.17574925904181626,0.17053621329822066,0.21044621503393848,0.10018919299298136,0.4336980605286981,0.17459206905254168,0.40054948943213886,0.47892322199753756
GENE_00505,biology_signal,0,1,0.8679119412941961,-0.3522122561989738,-0.744888657361554,0.3458653772845586,0.7715641763467526,0.20880587058038694,0.20953126948346842,0.20888209654499285,0.23590626416439725,0.22806594100081304,0.2357218165802124,0.20866484681708705,0.38104149249234215,0.4186234782537781
GENE_00506,noise,0,1,0.15276851234156105,-0.1941860670120606,0.8626622806948449,0.5245770907584304,0.4177371708866848,0.209472981987992,0.3253877647373943,0.32153702208566953,0.2718620820829722,0.41737475841352434,0.6582150173059321,0.3246064371333431,0.5688965588934162,0.7410563069046334
GENE_00507,noise,0,0,0.6310873915943963,0.0085766653545438,0.2547196010461256,0.5659375323407102,0.6538401122728587,0.7344896597731821,0.6545183971334998,0.6519749529780855,0.6982536478261203,0.7403290672651393,0.6545112104786718,0.6545338507831967,0.7655237438190959,0.7542814536712832
GENE_00508,noise,0,1,0.29553035356904606,0.0136062629281333,-0.486980016697947,0.7105757140148573,0.1333017209226492,0.7351567711807871,0.49614151719552796,0.49778819283606546,0.5359211311565482,0.3970542371225337,0.8674112879558861,0.4954364246311006,0.9171196536052293,0.8493307154200929
GENE_00509,biology_signal,0,1,0.8685790527018012,-0.6907314191083405,0.2057794330948556,0.3221164897340364,0.7850719943243287,0.7358238825883923,0.49096050529572327,0.4909263635042706,0.4815280776345604,0.577002673582278,0.3743052379456786,0.4902967268924833,0.7425174588595326,0.6868858611633771
GENE_00510,popularity_only,0,1,0.22815210140093395,-0.0181097287756692,-0.1288775402988227,0.3690917470243666,0.4325352582515269,0.21014009339559706,0.23038424998884902,0.22736009784177097,0.1958096179015774,0.2342402477336115,0.4625031933657,0.22974025939648518,0.10849528638248479,0.0990444062793593
GENE_00511,biology_signal,0,1,0.02935290193462308,0.9912077170013416,0.599187409005519,0.2927370571430244,0.4280214063274073,0.21080720480320214,0.3977107880586163,0.3938250879439971,0.35558670957669797,0.548952193474959,0.28733421973675577,0.39812241060016684,0.14711787768008597,0.21866028018379827
GENE_00512,biology_signal,0,1,0.1534356237491661,-2.0137982038768123,-1.0243851470631984,0.4267973216522812,0.4533548672955258,0.2114743162108072,0.06477319776480103,0.06276712276887882,0.05316975746918688,0.03456356877948606,0.23984272004188512,0.06398824403393721,0.47717938499709533,0.5420071936279145
GENE_00513,biology_signal,0,1,0.030020013342228154,-2.033403895447865,-2.9160930639728155,0.0964995304565305,0.3134222568628273,0.2121414276184123,0.017407296529593393,0.016861342243496315,0.032629861838554784,0.012678461264195313,0.0816488741544027,0.017150237821025677,0.7455148075007931,0.8743436684928837
GENE_00514,biology_signal,0,1,0.9539693128752502,1.2401540771456754,1.062614844583298,0.6957973688556821,0.6182832981737048,0.21280853902601735,0.6548093102638174,0.6657554569008589,0.6912743408018425,0.6794655702497907,0.09698402401477557,0.655134057781625,0.14305206656456418,0.12458153692763628
GENE_00515,biology_signal,0,1,0.7384923282188125,-1.735411213313799,-0.3921319986714593,0.0538690340249876,0.5945907279399081,0.7364909939959974,0.18237583283903375,0.18095833948726459,0.11817382357155945,0.206972359591339,0.0276896385906249,0.18122036084164697,0.5589138294064709,0.5957292639563749
GENE_00516,noise,0,1,0.15410273515677117,0.0356958935433085,-0.2482263789759766,0.6920741477412631,0.1038406405816159,0.7371581054036024,0.5081296901045076,0.5093142071217934,0.48594119292163057,0.39430384923157186,0.6360726857682449,0.5075166759571379,0.4177727301109431,0.23524412387829594
GENE_00517,noise,0,1,0.3682454969979987,0.3141911750587853,-0.3495536855585526,0.6427485646020366,0.6107869711290397,0.2134756504336224,0.38043109431622607,0.3748143482695751,0.48023626069017605,0.40764814540974115,0.8702638636556904,0.37991598324334813,0.4211011550858593,0.5322036810692088
GENE_00518,noise,0,1,0.7058038692461641,-0.3689610032834612,0.5705578064801246,0.7039924060119094,0.5440947241833216,0.2141427618412275,0.3623063478932509,0.3610259561800621,0.37135911283089335,0.5164518728667343,0.6903277297436494,0.3611667889381817,0.5092002279082186,0.6142586089029959
GENE_00519,biology_signal,0,1,0.4829886591060707,2.678377217920884,4.287607330304261,0.8726064392626198,0.8701871132275234,0.7378252168112075,0.9892027808776223,0.9891017195772588,0.9253964858777284,0.9482554803592075,0.33516039651890994,0.989376892637174,0.2741034525490464,0.3794054774110467
GENE_00520,noise,0,0,0.9566377585056705,0.3502190532609526,0.5237073328822502,0.4491494768776813,0.8356853688669891,0.7384923282188125,0.7183610861802707,0.7256050042023119,0.6928020468663055,0.790740771198842,0.7004644818635473,0.7186119237655259,0.5047675406845104,0.5484545370577503
GENE_00521,biology_signal,0,0,0.8812541694462975,4.589059666361347,4.272541680840094,0.987931649634708,0.4291275304357142,0.7391594396264176,0.9951365424432965,0.9954189727280461,0.9790132849954528,0.9822145596784817,0.37399557797934246,0.9952400080913282,0.04132783097634177,0.09283365281482753
GENE_00522,noise,0,1,0.030687124749833223,0.8791295229433607,-1.7277370306702668,0.4950755155478643,0.1438475424477269,0.7398265510340227,0.4400286059323525,0.4398734514007189,0.5025028991572295,0.3971906108694994,0.5714796348858614,0.4400674973698347,0.40932341205921485,0.29981010065554164
GENE_00523,popularity_only,0,1,0.8412274849899933,-0.8386368674444991,0.4249224460018238,0.4625505483425696,0.2729372044952337,0.21480987324883255,0.1699663920621659,0.1733033521445783,0.10770167939000666,0.22697876263593006,0.5401016014168692,0.1687977920453481,0.24688009151560825,0.1398820592545231
GENE_00524,biology_signal,0,1,0.36891260840560375,1.601361282703857,0.9669067046998144,0.3402972288376229,0.6204174097394515,0.21547698465643764,0.5940331368367818,0.5907743145100002,0.5284076344256818,0.5038551737990407,0.14138911257650966,0.5952817970699668,0.1721861243339348,0.1625886623364063
GENE_00525,biology_signal,0,0,0.428285523682455,2.172976495210487,3.683570133117774,0.9773148244653492,0.4832505641365593,0.7404936624416277,0.9755060073306225,0.9757151804735532,0.9358347053336512,0.9376220272048972,0.14483878060560784,0.9757875260366008,0.12243605183540344,0.12680008409759758
GENE_00526,noise,0,1,0.08138759172781855,1.3264702056713236,0.3484566499411009,0.4507316097657255,0.1459045183046944,0.7411607738492328,0.6809946207640476,0.6829258254301006,0.6956693319958842,0.81348539939074,0.7838592213100892,0.6819239444174876,0.3385986835010997,0.31550847455786013
GENE_00527,noise,0,0,0.6777851901267512,0.7034561350232242,0.5139866165091556,0.502677307666052,0.8975337320143137,0.7418278852568378,0.7947244342018509,0.7914146830634177,0.7504742506320456,0.8272460095697979,0.8466847094790967,0.7954425020627733,0.3083829480710652,0.41873798918557825
GENE_00528,noise,0,1,0.3695797198132088,0.8133534487767098,0.2610908484085454,0.4711153144361883,0.3292145749752876,0.2161440960640427,0.37284539801942557,0.3726019983380942,0.3318804647789976,0.43623762303165614,0.6792344024722402,0.3727525650144418,0.36080598730142016,0.32141386197362487
GENE_00529,biology_signal,1,1,0.37024683122081387,0.0692956069764391,-0.0358370614587768,0.6360857097443751,0.8962537849670926,0.742494996664443,0.7227482114804652,0.7149255050402388,0.7250110128357088,0.6886089225529772,0.017874352078313116,0.7230065339898006,0.808914009880673,0.7800614303361241
GENE_00530,noise,0,0,0.3709139426284189,0.0059409218944754,0.5143441153074922,0.4133367238691404,0.4988406843798693,0.7431621080720481,0.5860799066007663,0.5833327364723625,0.5916941049130141,0.5806201188451806,0.9430387512774973,0.5861233818004221,0.4864293988875029,0.4091601280020635
GENE_00531,biology_signal,0,0,0.2961974649766511,1.497412111364724,1.6879115026580076,0.91896249816843,0.2930703597460439,0.7438292194796531,0.9012930201033981,0.9020462041507963,0.8864410701995779,0.7690348317766192,0.14065907754309892,0.9018450268087973,0.25103229663339094,0.1759155292088929
GENE_00532,noise,0,1,0.5350233488992662,-1.3158167745319496,0.4554352908604738,0.3797923698678132,0.2225618100446319,0.7444963308872582,0.29626407650159614,0.29756357205380113,0.1887137985265927,0.244139773141955,0.7252401896460627,0.2948333688992984,0.6343020725004811,0.7499297152200182
GENE_00533,biology_signal,0,1,0.5870580386924616,-1.1672753875823978,-0.4614865367514961,0.33642151656233,0.1902034095113773,0.21681120747164775,0.08451884097727762,0.0849236749718178,0.07557922006148986,0.06863055824036911,0.44138476910825564,0.08372700893493792,0.6924176057360482,0.6710486422351466
GENE_00534,popularity_only,0,1,0.8052034689793195,0.0672634815291379,0.5548446595809342,0.4904616214528521,0.2282482368694806,0.7451634422948632,0.5439991499332806,0.5516721497776402,0.5830531486354085,0.5854732072406581,0.494830608546143,0.54362929502515,0.8293225461381097,0.8028147324190263
GENE_00535,noise,0,1,0.08205470313542361,0.0919463890703545,0.1360921841110924,0.7074161147645487,0.1402052193497808,0.21747831887925284,0.2931323486569051,0.292546909853926,0.2655802650526904,0.1871385104448445,0.8015593489882143,0.29219438062310366,0.3782874216728804,0.2982201480350892
GENE_00536,popularity_only,0,1,0.9593062041360907,-0.39616723914848,-0.2578111746486077,0.4539067037075437,0.4794620005358386,0.7458305537024683,0.4435540167206152,0.4572889654865931,0.4901813568931059,0.30446793659648674,0.47694272784246783,0.442466936741431,0.8705335683274589,0.751453148325548
GENE_00537,biology_signal,0,1,0.8252168112074717,-1.73116365625401,-1.638926728957378,0.2012542735127147,0.3742674932530903,0.2181454302868579,0.039962661808036766,0.04019630656794926,0.03549926224428818,0.03860397943906575,0.18095462960635256,0.03945085097808426,0.5273976239536134,0.5572961318283645
GENE_00538,popularity_only,0,1,0.7625083388925951,-1.231763558763347,0.3047402630035531,0.4860935451175095,0.3022255046707769,0.218812541694463,0.14212490447339085,0.14336659784981715,0.09275479955838632,0.1647446515149336,0.4856780134130583,0.14093779798615574,0.19798997726133338,0.13762346145288204
GENE_00539,noise,0,0,0.03135423615743829,0.5275540531050603,-0.3720625994266762,0.6474901680858137,0.1686850226377558,0.7464976651100734,0.5755123562869197,0.5751559891149813,0.6087108585085854,0.4995557856441538,0.7160466642678766,0.5755090032255908,0.2507223518124986,0.14321066799917684
GENE_00540,noise,0,1,0.032021347565043365,1.2470310137929432,-0.4551866535384395,0.5594478743333675,0.1893161130266618,0.21947965310206805,0.3669551232724509,0.36626406362782,0.3268417981207591,0.34146513752217356,0.7250518401105438,0.3670154949907878,0.026839242964863872,0.05180900130678107
GENE_00541,noise,0,0,0.15476984656437626,0.3702991274641637,0.990686379161332,0.6204720304704731,0.6361796442829439,0.7471647765176784,0.7717258925564373,0.7673600814220322,0.7800453854406513,0.8058523407926755,0.8264718235409194,0.7722062636484764,0.6872625084249913,0.8070553101945412
GENE_00542,noise,0,1,0.08272181454302868,-1.2279887519707335,-0.2549097622433733,0.3466138481913846,0.5385826191639477,0.2201467645096731,0.12920306929418038,0.12530750032677454,0.11660506734902992,0.07987391474637,0.5890444194410679,0.12827086130130244,0.5510913028300658,0.5004442029409325
GENE_00543,noise,0,1,0.15543695797198132,0.1871725335590819,0.3797590697297896,0.4074625950611457,0.2237138130361858,0.2208138759172782,0.2555838624396097,0.25486520087781667,0.21500093332525244,0.2593562746804845,0.5969788357253716,0.25498880693742143,0.37697287524254475,0.32521335374083604
GENE_00544,biology_signal,0,1,0.2968645763842562,-1.0192686497112693,-1.3475430078549582,0.5218129156526315,0.6203666155996173,0.7478318879252835,0.33343041987816147,0.32644440811908243,0.437514872428511,0.23901175072107297,0.3650297737230491,0.3321576157611679,0.9462801747593794,0.9374948120471555
GENE_00545,noise,1,1,0.6317545030020013,-0.9439916029490306,-0.0738788938091966,0.6130900417047511,0.3271266284867126,0.22148098732488325,0.17625709585228982,0.1762162488282615,0.13836703469815279,0.18261262296233402,0.6928790545974158,0.1749871498461462,0.5707139615218586,0.6882025533905713
GENE_00546,noise,0,0,0.7631754503002002,0.5652856822208887,0.2592637132907917,0.7379944410695366,0.5264064939747126,0.22214809873248834,0.4796896061337977,0.48073087272257214,0.5536372796116075,0.6326773937922674,0.7096006943407368,0.4793079683201167,0.1338934239231252,0.10987469192504876
GENE_00547,biology_signal,0,0,0.8058705803869246,1.4318076849457777,2.3361697085650994,0.8861650402455858,0.9310865468331097,0.7484989993328885,0.9559228156195622,0.955738588857944,0.8634981237043106,0.950248163854277,0.12389107146928113,0.9562895002768913,0.2686671364221399,0.42786247092959667
GENE_00548,noise,0,0,0.8692461641094062,0.2532903981012864,-0.4914080064084019,0.7134549748656372,0.4849854699108863,0.7491661107404937,0.6234259850020382,0.6283701749826442,0.6887413559010979,0.6542806136310664,0.8661105169332338,0.623133132419454,0.37581722189364597,0.4064489262516182
GENE_00549,noise,0,0,0.4836557705136758,-0.1965513452149956,-0.5356249687349889,0.345129291402822,0.6388645667891694,0.2228152101400934,0.21809695871314586,0.21415644384932797,0.1778072949738713,0.19583813956339297,0.8828442482693115,0.2173926810978263,0.39778026659172905,0.4561406708675235
GENE_00550,noise,0,1,0.42895263509006004,-0.1445228363817904,-0.0838177529484525,0.1425702374866192,0.7403310757195767,0.7498332221480988,0.4780310899353456,0.47158786367271943,0.4845417139790695,0.3421568963036082,0.8309091595407464,0.47810341734741996,0.7187371816902886,0.7497028270484986
GENE_00551,biology_signal,0,1,0.29753168779186123,2.2020088253454486,2.470443816650244,0.8373597127326937,0.9149016133846556,0.22348232154769845,0.9154563387792758,0.9131185667301314,0.828224713894385,0.8313937205716528,0.2528221885825209,0.9162254130857703,0.06420116500039574,0.13241318220032702
GENE_00552,biology_signal,1,1,0.2981987991994663,-0.3738132839162708,-0.2268249376502203,0.2225091981025878,0.6024844762791276,0.22414943295530354,0.18513985154208654,0.1810396458958815,0.15400943283405263,0.16864184487490833,0.07434148909109417,0.1844826416393729,0.37711210000845263,0.2959250121722962
GENE_00553,noise,0,1,0.48432288192128087,-0.2572224105290183,-0.2356761949550876,0.4987656990113983,0.4586595449132024,0.2248165443629086,0.2340109208562596,0.23189782079396212,0.19731326607932878,0.23277640005920594,0.5969216490688993,0.23310032115413387,0.4327881978096099,0.5267195973702179
GENE_00554,biology_signal,0,1,0.6324216144096064,-0.9938040958103372,-1.6671429225095606,0.0215035515624169,0.2696570550689133,0.22548365577051369,0.04317021257517635,0.04323569003972953,0.06471545909346697,0.024063178749104092,0.10338611089211647,0.042755882719461326,0.43727547620863527,0.3699789933593646
GENE_00555,noise,0,1,0.923282188125417,0.3591249188779888,-0.4627442717156592,0.5002837848473844,0.9191581146853218,0.7505003335557038,0.680984433276674,0.6827254721012644,0.6846268379000418,0.8340767076550321,0.9213526130752833,0.6812184786747334,0.6398972852533629,0.5870885598786927
GENE_00556,noise,0,1,0.03268845897264843,-0.3071353902698045,0.1144344919996055,0.3649931974989792,0.1055281248647857,0.22615076717811874,0.15865842151486756,0.15815971062062842,0.14882365378120854,0.12175448829727004,0.7570050650341404,0.15787837821920261,0.16758541434559882,0.14287821322831926
GENE_00557,biology_signal,0,0,0.2988659106070714,1.0034357192615877,0.4565242796690292,0.7650037878438489,0.1704701160005635,0.2268178785857238,0.47907685901228353,0.48090578173665677,0.5218603091758205,0.44081380041116297,0.03857142475060371,0.4789680192091664,0.20046269505874892,0.18610224505079456
GENE_00558,biology_signal,0,1,0.6784523015343562,-0.6501397900095433,-0.0152253836132768,0.4249236062846512,0.8348635024806385,0.7511674449633089,0.5328139601475025,0.5267729634219086,0.5705895011443125,0.5876572430325753,0.3811504210163936,0.5322928720215051,0.7373970301244274,0.7090898417985098
GENE_00559,noise,0,1,0.7638425617078052,0.6190659742364238,0.0156949676555064,0.3866101664934875,0.7703070942348562,0.2274849899933289,0.40904115555314235,0.40649497357775555,0.49915432851985386,0.38188531450097274,0.9989383795970171,0.4090453299297421,0.29528634708120705,0.3135124042988003
GENE_00560,noise,0,1,0.6330887258172114,0.6007031165075396,-0.3787639103535831,0.6295403683259214,0.5992739226672344,0.22815210140093395,0.40969895537124634,0.40717945272665895,0.5103119806828754,0.4471616958830602,0.7134772484820846,0.40937650218247196,0.3195605571725066,0.24792973459254308
GENE_00561,noise,0,1,0.37158105403602404,-1.1097808371994071,-0.2967446855516674,0.6275272843383449,0.2150616140573057,0.7518345563709139,0.3393263726375892,0.338962129964413,0.27473035350932185,0.3526234929975773,0.908509289265568,0.33775987736523727,0.5236914382860535,0.6071218291116562
GENE_00562,popularity_only,0,1,0.29953302201467646,-0.5465156436938987,-0.8929645104275677,0.4934477602725869,0.3677626139516762,0.22881921280853904,0.15195412291936408,0.14993349950319604,0.13268442391499297,0.11189019950020884,0.4518049518770749,0.15102533802892,0.6133279321876957,0.6999153849680229
GENE_00563,biology_signal,0,0,0.4849899933288859,1.2342533447284063,1.0896581461045085,0.6514747453635336,0.3717101023059245,0.752501667778519,0.8203973765215054,0.8216244651941528,0.849852884342236,0.8264396637558628,0.3868017026423929,0.8211340544918501,0.34070661107837563,0.3282499117607452
GENE_00564,noise,1,1,0.5356904603068713,0.3100646992090732,-0.6667603886721853,0.5545120012468422,0.7070833716117628,0.7531687791861241,0.6284179499101672,0.6238094118503745,0.7112985264308372,0.5855639227438395,0.9671664618506158,0.6285930496486524,0.35360243950487064,0.3206881987467467
GENE_00565,popularity_only,0,1,0.485657104736491,-0.0108114538439453,-0.1879353421413799,0.415928682294798,0.6462485411671792,0.2294863242161441,0.2851103882491405,0.2806082270399863,0.25368735439964146,0.2633956294482754,0.4952046375328649,0.2844906466835109,0.48456518753498473,0.5407353497903453
GENE_00566,biology_signal,0,1,0.22881921280853904,0.6575090221938475,1.4290290694212366,0.924732953341432,0.3244669868631673,0.23015343562374915,0.6180931146119509,0.6169187848791917,0.7268098082323756,0.6422018378414232,0.3166667319992952,0.6180051966370452,0.2029517596241216,0.18599844506556376
GENE_00567,biology_signal,0,1,0.3722481654436291,-0.3567947046814523,-0.0185938122507324,0.5693412130818817,0.253891666313731,0.23082054703135424,0.21514151006455814,0.21456841029579568,0.17909413549083605,0.17980866705937962,0.2654651259063754,0.21410343707599913,0.48057989718873667,0.4335646966355074
GENE_00568,biology_signal,0,0,0.48632421614409604,0.67144269034623,0.0157967113393075,0.2979796590184608,0.5318747776474697,0.7538358905937291,0.6075509350368727,0.606076971158578,0.6625131604126252,0.5141522664220981,0.325361385922735,0.6081891755996932,0.6148510247603807,0.7333711231095773
GENE_00569,noise,0,1,0.6337558372248165,-0.92558706493241,-0.9436567413948068,0.3412159389419811,0.4308187838913174,0.2314876584389593,0.1058261173816576,0.10507950449614009,0.07886693822375425,0.05991743705954768,0.5800983605209225,0.10499907313255641,0.3937990062522222,0.294207907601499
GENE_00570,biology_signal,0,0,0.37291527685123416,1.0403503592626968,0.3838697962551459,0.801687125565248,0.5135938575098538,0.7545030020013342,0.8200639981164809,0.8188021070131722,0.851064747434432,0.7947222435459753,0.1662366720773455,0.8206477452076176,0.2888819612232372,0.23445695548727555
GENE_00571,noise,0,1,0.0333555703802535,0.0405886319516622,-0.807835420119386,0.3833473421149184,0.2950182405018204,0.23215476984656438,0.17392429751536626,0.17158723381786037,0.17136370024107658,0.16869525344831038,0.5704933096663952,0.17327223853460413,0.29933508073381887,0.22983352209601282
GENE_00572,noise,0,1,0.5877251501000668,-0.3662317382548535,1.2745910627098382,0.3168754645588403,0.4677969979497887,0.23282188125416944,0.2813077816477058,0.28044499749181373,0.21562729150589793,0.372955069291568,0.9443000762777044,0.2805460540068878,0.21479304384155407,0.17885925066481992
GENE_00573,biology_signal,0,0,0.7391594396264176,1.3806038672462484,2.990550769895171,0.6219805878315947,0.3082052265126351,0.7551701134089392,0.9003090579833927,0.9030818661941645,0.8422633918060037,0.9261026559809693,0.36175288537005656,0.900939511814559,0.2680685037437356,0.2474965710326348
GENE_00574,noise,0,1,0.8258839226150767,-0.2736768532098722,0.234756392347283,0.3969988159886208,0.4140068497666179,0.7558372248165444,0.4801804069092274,0.4849338874817623,0.5119784813060312,0.45071622073951734,0.790610325895001,0.4795820548942732,0.7501868833046645,0.7317835572813038
GENE_00575,biology_signal,0,0,0.3002001334222815,2.3083487371370026,1.8147105950850224,0.6419925327318767,0.4916144684988986,0.7565043362241495,0.9301526875956657,0.930237568479311,0.9263204756928897,0.8800544338693218,0.3541453170966299,0.93086940847231,0.11727178164101963,0.0697280547907685
GENE_00576,popularity_only,0,1,0.2294863242161441,0.0003191414959007,0.2435957094242279,0.3771958207471629,0.479526923776267,0.2334889926617745,0.271350496215828,0.2675672892216573,0.22531711606573934,0.30776662102594593,0.4523324894449402,0.2707642324122261,0.2669342527503724,0.21786755565265745
GENE_00577,biology_signal,0,0,0.08338892595063375,2.3608575848827864,3.915995174981869,0.8993947634805771,0.2488994851897497,0.7571714476317545,0.9711831930108584,0.9715859370505997,0.9305738867738497,0.8996015181724885,0.10528424402739822,0.9715251016169101,0.06504016184780337,0.061086597628372714
GENE_00578,noise,0,0,0.7825216811207472,-0.3012303814788915,0.4674039926645709,0.5713257935766526,0.6756460214331836,0.7578385590393596,0.6340528323874701,0.6334590360100972,0.6511328787905668,0.7338262151738117,0.7215168379324008,0.6337633534449049,0.8005511208704253,0.7633881384737591
GENE_00579,biology_signal,0,1,0.08405603735823883,-4.507143294947665,-5.600982044302411,0.0054042527283463,0.338996981148517,0.2341561040693796,0.001247874474651983,0.0011860228126905027,0.008160393425131555,0.005367726475556639,0.27865693290313975,0.001213021980462129,0.9168169868302151,0.8028096813382751
GENE_00580,biology_signal,0,0,0.4296197464976651,3.1691642523313126,2.870864468528532,0.9220543397928286,0.58672247817138,0.7585056704469646,0.9825655028017731,0.9826625666644649,0.9663750477832963,0.9532634742606946,0.3878027310837219,0.9828336086746676,0.1901706084846977,0.14343860188348295
GENE_00581,biology_signal,0,1,0.5363575717144763,1.3977374209544544,0.3711898817580471,0.8331872715742696,0.7603964353070419,0.7591727818545697,0.8865403781390077,0.8849261337588564,0.8427983638024903,0.8868346932077859,0.29307618957765136,0.887175118791836,0.26356916061309904,0.2744266712749823
GENE_00582,noise,0,1,0.0847231487658439,-1.2866699640857826,0.6044109409504393,0.3590592044058488,0.3057287153777926,0.23482321547698465,0.13369494158477405,0.1315777956202349,0.11554212660988111,0.08984054072774966,0.5667287735069396,0.13269173320396638,0.27604336715970973,0.2610186712517811
GENE_00583,noise,0,1,0.08539026017344896,-0.2229224787667618,-0.8544715627698322,0.5724911249029383,0.1982362646809464,0.23549032688458973,0.17097869950755834,0.16955615830862186,0.16208284667900905,0.12292079777379629,0.5653694325315075,0.1700625553001084,0.23507310556286384,0.22029096347565014
GENE_00584,popularity_only,0,1,0.9006004002668445,-0.4244620649770278,-0.0372800752206027,0.6758969382299465,0.6042019515936743,0.2361574382921948,0.304447165195333,0.30735011014134256,0.2289596006505107,0.26936535587655247,0.5221448174967009,0.3031380146484371,0.2055087079962966,0.14562347672788903
GENE_00585,noise,0,1,0.48699132755170116,0.4046140157814057,0.1519884629869544,0.2952981709669324,0.7217900299224888,0.7598398932621748,0.6314304126684958,0.6268810249378041,0.6449347049545378,0.5762681094939863,0.7045642973441136,0.6320168862753074,0.5257828393034345,0.5975794199542273
GENE_00586,noise,0,1,0.6791194129419613,-0.7093459361519989,0.3780871372046301,0.4969412443274528,0.667121798336547,0.7605070046697798,0.5386711279575,0.5354162368586335,0.5841855020848381,0.610393444324859,0.8231100821213442,0.5379831709277403,0.844511181374916,0.8164905536696849
GENE_00587,biology_signal,0,1,0.43028685790527016,1.6014277578879073,0.844361438061968,0.6913099966245052,0.4517789706721315,0.7611741160773849,0.8587772046426841,0.8590391237744304,0.8899008375833702,0.8379928380462159,0.10479049929479334,0.859584163942202,0.33146471261246285,0.42603229574655577
GENE_00588,noise,1,1,0.23015343562374915,-0.2458927120018349,0.1581669964267711,0.7254546412343301,0.6821918450119284,0.76184122748499,0.6735180913093498,0.6666776423398498,0.7455753595521476,0.704263417719476,0.7247735442888051,0.6733433965215291,0.5768061300203713,0.5882612255067112
GENE_00589,biology_signal,0,1,0.1561040693795864,-1.895740503157592,-4.010664539569783,0.1910500230749804,0.733359899662,0.23682454969979988,0.023037329276625065,0.021784678818375453,0.045318562490163146,0.023713838213563154,0.0942565253752512,0.022721462459610126,0.8833683870973016,0.7103547180703166
GENE_00590,biology_signal,0,1,0.3008672448298866,-0.7426270703494473,-0.4197440234581101,0.200594463673941,0.395553905203823,0.23749166110740494,0.113753276478552,0.11211009201006925,0.11757319308441783,0.06580209130141021,0.40547526942808476,0.1130477488662781,0.3715577221852664,0.35468510210265114
GENE_00591,biology_signal,0,1,0.30153435623749164,-1.9503592976413,-1.7480487751655966,0.0498360235769169,0.2749057423539128,0.23815877251501,0.02508366539394955,0.024657084866450116,0.04364573414463403,0.011684520697893393,0.35590473321572724,0.024746151199889044,0.6052875132107045,0.719537945543212
GENE_00592,noise,0,0,0.9012675116744496,1.0480768304135497,-0.7517618164610267,0.4756776296808958,0.7149361128555104,0.7625083388925951,0.6922975222784439,0.6960133174333955,0.7068971496371931,0.77242577083521,0.9830134911998092,0.6929434908338623,0.5332225560177706,0.5238370937866106
GENE_00593,noise,0,1,0.15677118078719146,-0.0550622571020091,0.1101752819347921,0.1937536240419956,0.3762023756857026,0.7631754503002002,0.4267350707365973,0.42414009215276377,0.45888047753826366,0.39628767354977373,0.733653347645574,0.4266009977031214,0.5513317234566719,0.6735203154504252
GENE_00594,noise,0,0,0.8552368245496998,-0.3388374053639387,-0.2039393338214022,0.3520196352331123,0.6877782776779737,0.7638425617078052,0.4899242548742068,0.49109229415845357,0.5292109422078438,0.5085804980564631,0.5519992890456781,0.48942501934802285,0.7456211490346812,0.7292626392927781
GENE_00595,noise,1,1,0.3735823882588392,-1.1839484498041914,0.1796412378001776,0.310977867005207,0.6978834156872455,0.7645096731154103,0.3932124579706662,0.3858769395281562,0.4059403904113025,0.32039608803774544,0.5709830437905213,0.3922030458699375,0.7931411188095049,0.834857626525883
GENE_00596,biology_signal,0,1,0.15743829219479652,-1.0536541154664008,-1.0638646415071285,0.3776645584599518,0.5475718686499256,0.23882588392261508,0.11367274045952612,0.11024208655754995,0.09708524931884113,0.06642479064760518,0.3554255572186841,0.1128199193484654,0.714442408069221,0.8194888410278496
GENE_00597,biology_signal,0,1,0.8699132755170114,-1.3843244157573995,-2.041393682478751,0.1861650700510847,0.6155261883614483,0.23949299533022014,0.05376110093179514,0.053669946197788344,0.04461137510284196,0.08737031213310882,0.26355848443649166,0.05318038168122509,0.5644104663413834,0.47636482817099995
GENE_00598,biology_signal,0,1,0.30220146764509676,-0.4684446695384058,0.4621507932623088,0.2328654432923498,0.8512856896947285,0.24016010673782523,0.2732948485757172,0.2649620624893008,0.21545775993137717,0.2760998664499447,0.3675559942510873,0.2727077682179261,0.4541281288816384,0.5708593384919342
GENE_00599,noise,0,1,0.8065376917945297,-0.3824971597949473,-0.5063520781755031,0.3422179081490096,0.3862184700689193,0.2408272181454303,0.15499950581420271,0.15662256180392448,0.10345621359454887,0.1132731823631533,0.7608770051251259,0.1541429029988806,0.5304519195586064,0.5893563805864447
GENE_00600,noise,0,1,0.6797865243495663,0.0725348038828453,0.4634397407207491,0.5148948701612418,0.7927904233783342,0.7651767845230153,0.6987714031557658,0.6951981140990436,0.6861988307685958,0.7819819913678576,0.9082922326801119,0.6990206458139581,0.6483535023118465,0.6824163552883701
GENE_00601,noise,0,0,0.9753168779186124,0.871965586473145,1.3882127780951157,0.5006522945007067,0.9326724236605466,0.7658438959306204,0.8522698724819525,0.8590210950676918,0.753764412174101,0.8699425093625014,0.9549323231931459,0.8527956357590071,0.4349994551279554,0.5975611592721438
GENE_00602,noise,0,0,0.7645096731154103,0.8924077495949149,-0.4857868167373756,0.5875435387611007,0.7734278946918175,0.7665110073382255,0.7436053401394845,0.742249952244984,0.7438516402587473,0.7754804315625574,0.6645088653093314,0.7442342900633275,0.41912306898545176,0.37610788388415284
GENE_00603,noise,1,1,0.9412941961307538,0.5943256728479616,-0.1884367085364323,0.5174038244261987,0.5859752717645381,0.7671781187458305,0.6547473211635997,0.6638026360084293,0.6652175790608144,0.6579996949314493,0.5702851917424108,0.6548918734328765,0.1973806322745525,0.1554942731908227
GENE_00604,noise,0,0,0.7398265510340227,0.5797069465443245,-1.4938302566814283,0.1613918712391856,0.6765570738051937,0.24149432955303535,0.19848397009441524,0.19694808618283466,0.2097985975311904,0.278646968597847,0.5783189557828781,0.19820113500384376,0.32887823101113167,0.26622367113442963
GENE_00605,biology_signal,0,0,0.9906604402935291,1.075331006074156,2.2807298430354064,0.5698777556890675,0.9330890147487236,0.7678452301534356,0.9065476717449987,0.9148768307282543,0.7024745625483363,0.7556249715829272,0.1591972051221623,0.9069425084578759,0.2878483625717299,0.5513495719229086
GENE_00606,noise,0,1,0.23082054703135424,0.7118530192983717,0.0559629498957707,0.349254078744781,0.3154279078778653,0.24216144096064043,0.29981127356797965,0.29871713083204626,0.26104631959780084,0.3644617650339812,0.6001121751619627,0.29964122705369767,0.2283166696869454,0.17158063884114583
GENE_00607,noise,0,0,0.6804536357571714,-0.1707662957100617,-0.5871276636545554,0.7254510524711801,0.5108227589381852,0.2428285523682455,0.2918254601041493,0.29029738536683575,0.31782072072675016,0.3508614302757926,0.844883168148882,0.2907037458710175,0.34700116241875434,0.38143213762039213
GENE_00608,biology_signal,0,1,0.1581054036024016,-1.2357141587442353,-1.1143522079924697,0.4365668139469999,0.1965329518611982,0.24349566377585058,0.07555596952490991,0.07464033802621943,0.06986621544262493,0.0477059716236516,0.11088093781517006,0.07479482523653279,0.5346701293347006,0.5418683091915926
GENE_00609,noise,0,0,0.9846564376250834,0.6345978342981977,-0.2946297960501606,0.3049603042614382,0.7138749711127161,0.7685123415610406,0.6033829664198506,0.6218318985905991,0.6522861324370844,0.5419571522699811,0.9493372402804265,0.6034632468759162,0.6773835023390933,0.46236037899148197
GENE_00610,biology_signal,0,0,0.5370246831220814,0.1234009565935422,0.0086554319946265,0.4083336554278418,0.2992266020477355,0.24416277518345564,0.2360566545919959,0.23670977532013251,0.18746211986906042,0.2378726977916554,0.3918467561043081,0.2353658238467685,0.17478453746516245,0.16395250044290224
GENE_00611,biology_signal,0,1,0.3742494996664443,-2.267689748461105,-2.056640173458639,0.0995741261236614,0.3034172335380491,0.2448298865910607,0.020416511767288852,0.020024853870398897,0.029449248196780776,0.010822857350888499,0.08073740183632316,0.020107186801133,0.3770939234265102,0.4194171568572646
GENE_00612,biology_signal,0,0,0.9019346230820547,4.097823439466826,4.299443597388939,0.9719365264825552,0.5190535812203663,0.24549699799866578,0.9809968946103711,0.98194611884476,0.9528471710728471,0.9700809969644476,0.09961253418998584,0.9813095709028017,0.026914226492866726,0.06093462066343336
GENE_00613,biology_signal,0,1,0.2314876584389593,0.0208323967898573,-0.097564878874441,0.7189615283412345,0.0936522904868094,0.24616410940627084,0.2584354928266667,0.2591447793967738,0.2472889388595961,0.1667299759577371,0.14370265217814904,0.2573969314750691,0.1462156231134558,0.10582032950058652
GENE_00614,biology_signal,0,0,0.4309539693128753,1.0790083327421405,1.463818309476146,0.4469824777325233,0.2876142734000282,0.7691794529686458,0.7639494315062516,0.7661667571945251,0.7280473140870181,0.8529931462743962,0.2819613029252248,0.7648010997626302,0.6139473254210784,0.7163379656929124
GENE_00615,noise,0,1,0.23215476984656438,-0.1301296214945946,-0.1708198874313432,0.6923431104724361,0.212491342430059,0.24683122081387593,0.2540837791816099,0.25316858480204785,0.24139962877526439,0.20591675334235165,0.9846364725368043,0.25302609709557883,0.2744368869129166,0.364156136530501
GENE_00616,noise,0,0,0.8925950633755837,0.2074497112643848,-0.3703585369116917,0.4608851869421744,0.6053111300590192,0.7698465643762509,0.5720608054176777,0.5766632773987383,0.6343892695747291,0.5834313922333362,0.8173105643205305,0.571927065734979,0.6461458466064366,0.6597013762084809
GENE_00617,noise,0,1,0.5376917945296864,0.6622766750290086,0.239285551448357,0.2977783305556279,0.3834039439950523,0.247498332221481,0.3064347119133085,0.30685867131670314,0.24140603667459193,0.3218802839457628,0.725143429421829,0.30627271727300137,0.1367418062294355,0.15442636354252043
GENE_00618,noise,0,1,0.6344229486324217,-0.3813543622822921,-0.575550205718149,0.6344246915586883,0.7593464764421921,0.24816544362908605,0.2982279735190516,0.29272796160595405,0.3421603073102527,0.21224296684177624,0.6318202018001249,0.2971748158553247,0.34431809662206875,0.39186652776495684
GENE_00619,popularity_only,0,1,0.9993328885923949,0.0383735189897788,0.1104719063303346,0.6820690069272636,0.961710066325572,0.7705136757838559,0.7174545237364095,0.7490230495223683,0.6631323256333826,0.5304049399711387,0.5396102178694265,0.7166304336519076,0.45255227428944134,0.593880174467036
GENE_00620,biology_signal,0,0,0.08605737158105403,3.789065220964064,2.048387401344786,0.9747390859409084,0.7771881963854491,0.24883255503669113,0.9626937889636389,0.9619394891607081,0.9337753159481513,0.7909518293960717,0.31964880982928034,0.9632530291091319,0.09309896261722342,0.1347746964711453
GENE_00621,biology_signal,0,0,0.7831887925283523,2.07937012472198,2.289239371126922,0.7455866479814207,0.5995745929125875,0.2494996664442962,0.8477706693108771,0.8496281817541067,0.8825846053815057,0.8847372216813888,0.33139568713925827,0.8487147880899657,0.31203310386642635,0.2977554936035879
GENE_00622,biology_signal,0,1,0.8559039359573049,-1.6967095883840058,-0.581340921100868,0.2839138092393002,0.7614826143448218,0.2501667778519013,0.10009612390089379,0.09901853519790582,0.05674076887192702,0.12147897127299455,0.21277094437879385,0.09913676295456493,0.4561958316692709,0.33892681701543154
GENE_00623,noise,0,0,0.3749166110740494,-0.0100973079088037,0.2456629142314095,0.3204157026012538,0.7445756799433769,0.25083388925950634,0.31539909306331126,0.30860562194025226,0.2529883178335329,0.3119135716107464,0.8498819430736866,0.31499165314416283,0.333717707828491,0.3972711145687035
GENE_00624,biology_signal,0,1,0.8418945963975984,-1.3253693731475378,-0.7828375614364711,0.3123777344034663,0.506022907957673,0.2515010006671114,0.09166231997173473,0.09196100637884742,0.052751084940200886,0.08627401405372158,0.16771978459904135,0.09079793945655622,0.4808814945167567,0.38360341335498266
GENE_00625,noise,0,1,0.03402268178785857,1.394147056382916,-0.4444094360540099,0.6763073960322215,0.2558564499105763,0.25216811207471646,0.4490277108225041,0.44732347372393777,0.48127873459578435,0.41544666785470225,0.811942535725473,0.44928083688556175,0.1390515245908384,0.11536814037298532
GENE_00626,biology_signal,0,1,0.7838559039359573,-3.38455196926042,-2.5361856241866043,0.0513561166692667,0.5731832010435404,0.25283522348232157,0.01071999031696356,0.010493853364462034,0.012112973006875133,0.01818660269270231,0.2816967797460034,0.010507677827279014,0.7110713682350639,0.8078301830012791
GENE_00627,biology_signal,0,0,0.9359573048699132,0.8977083311941862,0.8377896725007195,0.7969073145399418,0.8631635623175352,0.25350233488992663,0.6862520230661572,0.6903439794006769,0.6976008987576047,0.779943940938836,0.32788148738486633,0.6864616999009732,0.30696608243831386,0.1917324716636715
GENE_00628,biology_signal,0,0,0.7651767845230153,0.4515266146516801,1.198198320276343,0.7999187769989012,0.3288823930647661,0.771180787191461,0.7730969324792977,0.7770032778689108,0.7548887318847202,0.7526996381181039,0.026175375747172547,0.7732637632689368,0.424700785273663,0.4245158302371411
GENE_00629,biology_signal,0,0,0.0867244829886591,-0.5064896583431354,-1.6477992369246883,0.1571180592429969,0.3171757718801909,0.771847898599066,0.20436483171050632,0.2018637769512523,0.2213879895983795,0.11453964416754936,0.2834963220832609,0.20363657695429016,0.6366747504980874,0.4590501629449404
GENE_00630,noise,0,1,0.5383589059372915,-0.8034026892040731,-1.2540769458303136,0.2626579363066941,0.7109068692211077,0.2541694462975317,0.12314812918961089,0.11991815372952738,0.10402276861315878,0.11542064022870087,0.8971113789407175,0.12238206633720629,0.8744823855258615,0.8738511357681629
GENE_00631,biology_signal,0,0,0.8425617078052035,1.025874087337524,0.3891121629972877,0.3694023265219983,0.7900568393340908,0.7725150100066711,0.7637691195417763,0.7645598973669773,0.7543824777086224,0.8163056620691266,0.3306478509670018,0.7646592663028171,0.3290854162378017,0.30264123474370724
GENE_00632,noise,0,0,0.00600400266844563,0.1851117330756773,0.2845657555948146,0.3805881052782077,0.535609074519982,0.25483655770513675,0.31441940019696574,0.3078272173915355,0.2786448817464646,0.4105301359307673,0.9221610385282766,0.314064272429979,0.1331466613767914,0.17498582806357177
GENE_00633,biology_signal,0,0,0.8819212808539026,0.5553235740465214,1.2594094100346835,0.6634306171782639,0.6745825189390365,0.7731821214142762,0.817274998298468,0.8198072020323651,0.7445316579832668,0.880781073650223,0.11280655423187658,0.8176841160887934,0.6394339458211132,0.6352711267783612
GENE_00634,noise,0,1,0.37558372248165445,-0.5372193181729753,-0.2589791735496847,0.4051511107506148,0.6054301993599044,0.7738492328218812,0.45752564664956147,0.45186066269716424,0.5138589968961911,0.3608292331971088,0.6043376949479258,0.4569102972501266,0.7333704214256904,0.7773043171306981
GENE_00635,noise,0,1,0.6350900600400267,0.761079972824168,-0.4732472898804891,0.3950882520797273,0.4162930083532312,0.2555036691127418,0.29909116721800855,0.2996898544476935,0.24990405949165367,0.25790502221963363,0.7536997699662029,0.29883643596485737,0.31517134611419345,0.2577883607675565
GENE_00636,biology_signal,0,1,0.8265510340226818,0.2754023160463691,0.7125498203388276,0.5160962296315736,0.6150293637885492,0.2561707805203469,0.42201468873371734,0.42336920739843564,0.4690132244740823,0.42911412487625744,0.1621251589354682,0.42158505817969055,0.29312694159159725,0.24866620405078582
GENE_00637,noise,0,1,0.15877251501000667,-0.798401886497234,-0.000878010755329,0.4235268794465507,0.4581083875548391,0.256837891927952,0.1780350408210843,0.1743977598030379,0.14319354439147544,0.1496009089807558,0.7843203106932916,0.1770517672190136,0.28215116867514645,0.23695455025225504
GENE_00638,biology_signal,0,1,0.03468979319546364,-1.5122495598790922,-3.087221239535626,0.1615306911974982,0.2243282174641339,0.25750500333555704,0.022218533564786626,0.021691088397560142,0.04663600964237193,0.02170610659957419,0.09377270801635129,0.021925387715458707,0.6877827350668013,0.7216244158500191
GENE_00639,biology_signal,0,0,0.7064709806537692,3.022883204308835,3.2742470849168472,0.910134617409472,0.3988269880274769,0.7745163442294863,0.9791050294222988,0.9797396742650074,0.9620981686147138,0.9709666341848621,0.1694105707806669,0.9793975604305056,0.13828969902736216,0.15057761535770636
GENE_00640,popularity_only,0,1,0.8272181454302868,-1.1825986408010347,-0.4319519822215981,0.6539417793611372,0.8826145210244155,0.2581721147431621,0.24187830452722608,0.23775623928807438,0.2319951140212618,0.11326763958134142,0.5171178895656543,0.24037395286201443,0.28899717844221723,0.2869632051638288
GENE_00641,biology_signal,0,0,0.9286190793862575,1.5929930081547528,1.8450756120679968,0.7445519026689545,0.8401681397752006,0.7751834556370913,0.9343843210234987,0.9359861094944515,0.8511322997796305,0.9277139117044658,0.014595042516751255,0.9348750645588466,0.44886375797921224,0.5055181526789111
GENE_00642,noise,0,1,0.035356904603068715,0.629516284120157,-0.3496752443607019,0.2498523128784703,0.2842978729266026,0.25883922615076715,0.22693064197252671,0.2250107765177473,0.2332444726151571,0.33428667859019756,0.6931903956052321,0.22668491501331342,0.24129730634572402,0.18788365100764343
GENE_00643,biology_signal,0,1,0.5390260173448966,-0.9907477244099118,-2.1726126339822995,0.1590582312124423,0.2261748512048947,0.25950633755837227,0.04169840562671643,0.041627031341948756,0.0626235623888851,0.02326429375241146,0.3886997326696977,0.04126636814352124,0.80597205050627,0.8872021900983754
GENE_00644,biology_signal,0,1,0.6357571714476318,-1.294310777406774,0.8184300885978055,0.194157914570008,0.6666572254716026,0.7758505670446965,0.3831566259075398,0.3793230011075571,0.32677920711739544,0.32745659776485636,0.4225559679523694,0.38214033906703565,0.8574030470223948,0.807658572871224
GENE_00645,noise,0,1,0.43162108072048033,0.3532199066974792,-0.5962986103657093,0.7059502943420974,0.4352991837005642,0.2601734489659773,0.338519857360666,0.33607237978458293,0.41551082678158163,0.4259600973719919,0.9176465397615523,0.33780283125921073,0.27291995578507816,0.21726537224500203
GENE_00646,popularity_only,0,1,0.9292861907938625,-0.6297331205124732,1.3543408049215446,0.4303255989516721,0.7501308551588506,0.2608405603735824,0.34931546905420513,0.3530407164864871,0.3154169645829288,0.3535983204679872,0.541860613094151,0.34821584439685643,0.27724361694136074,0.2114086884108627
GENE_00647,noise,0,0,0.23282188125416944,1.590826553513363,-0.2838774981913974,0.6546057729518062,0.269351422114344,0.7765176784523016,0.7530079316734876,0.7538625377273639,0.8441982907837563,0.6545916281304808,0.8422885006340074,0.7539114258779775,0.4251994064194171,0.3746619887876625
GENE_00648,noise,0,1,0.3028685790527018,0.0583127946632432,-0.4429705009093225,0.249400017320349,0.2365873912456768,0.7771847898599066,0.37299496432311574,0.3734552905323242,0.38615014426332855,0.40217273723730995,0.6375970846851018,0.37265194703755145,0.6102931433128181,0.6044254215126332
GENE_00649,biology_signal,0,1,0.7071380920613742,-1.164215858625708,0.332457521045449,0.205852402692288,0.577268080489977,0.26150767178118745,0.1382599705146621,0.1369996771182434,0.09656623834291574,0.12138180295027633,0.05342920168005094,0.1373427390662478,0.16144979290788494,0.19739517037994045
GENE_00650,noise,0,1,0.2334889926617745,-1.282272279440488,0.0132987375078026,0.2195878210808888,0.4015798827078306,0.2621747831887925,0.10102385530193733,0.09913768742535536,0.10643647123216898,0.04968042670710239,0.6770289478530878,0.10022747751146806,0.3488271552913807,0.35613596004567794
GENE_00651,biology_signal,0,0,0.3035356904603069,1.957674139418464,1.862894627953576,0.8236474648978978,0.6580064651728126,0.7778519012675117,0.9450472950620498,0.9444298409114867,0.9245039568027487,0.9051192138878097,0.1391206048273177,0.9455698994570496,0.19515800764027763,0.27961525624927036
GENE_00652,biology_signal,0,0,0.3762508338892595,0.0001906430100423,-0.7899354478918514,0.6447503540171898,0.2022930115794303,0.2628418945963976,0.21147354791939857,0.2114272953978598,0.2157259223798502,0.1814667418841149,0.3767489958816528,0.21050988751794394,0.2062240247953143,0.161311167227877
GENE_00653,noise,0,1,0.6811207471647766,-0.2501938482374468,0.0300441230638318,0.6484344499969338,0.8293316291961913,0.2635090060040027,0.39017610564675786,0.3838618547208708,0.4621488303924454,0.3065014304184738,0.6723045642380722,0.3893176285917644,0.3775219495476305,0.33160616218164624
GENE_00654,noise,0,0,0.2341561040693796,1.5858417639152038,0.3909686877866637,0.349763628129512,0.5053812126235616,0.7785190126751167,0.7681779906167545,0.7667634022089281,0.8094994363968077,0.7677007953960272,0.9244694473327408,0.7694280092962842,0.3464873717022444,0.3569862520056019
GENE_00655,biology_signal,0,1,0.08739159439626418,-3.8113607479943714,-5.733513417864298,0.0034021055368304,0.1757820867576123,0.7791861240827218,0.004790439018671169,0.004636207573330921,0.04956107403140922,0.013181824348807174,0.0818028061524827,0.004680527071211825,0.9553240501467729,0.7909405673454734
GENE_00656,noise,0,1,0.923949299533022,0.0584825083628919,-0.3979695515038368,0.4136171405988301,0.926077114297858,0.7798532354903269,0.6176355391679622,0.6191602094649362,0.6407760967810071,0.813177383141562,0.8299366249307306,0.6176398849210566,0.36605839506405596,0.34415125492795057
GENE_00657,biology_signal,0,1,0.15943962641761175,0.2034580421937794,1.2012981720324962,0.4995603084735723,0.2511585549437782,0.7805203468979319,0.640294029199199,0.6403527358909328,0.5321952082509916,0.6192346626755183,0.09309103824661202,0.6404609070423631,0.08552406437518002,0.0562142411040646
GENE_00658,noise,0,0,0.6817878585723816,0.5287627485521018,0.2075411007102448,0.7112281869110956,0.5222075305268007,0.781187458305537,0.7308969248452941,0.731213063150704,0.7753521840649067,0.8026083710601449,0.6133842813108608,0.7311702099928743,0.5331573946347218,0.6815527836213646
GENE_00659,noise,1,1,0.03602401601067378,-0.1330287661119052,-0.5109232658992267,0.4137703640625457,0.0774025361813782,0.781854569713142,0.3543636644614537,0.3546984546992421,0.27875918942813405,0.4177052306621992,0.5511917993899698,0.3536674482838729,0.24203313235627683,0.11109435539546357
GENE_00660,popularity_only,0,1,0.9026017344896597,-0.1708549637582481,-1.2964142423142464,0.3290484467308894,0.7519876456078123,0.26417611741160774,0.18569716670557013,0.18627252099586977,0.23324099281838895,0.2357725286053079,0.520517703754248,0.1848975550003859,0.6147815801324172,0.6920203763151979
GENE_00661,noise,0,1,0.1601067378252168,1.0364548008319792,0.3964339398005578,0.6656093277908189,0.3172429902804565,0.2648432288192128,0.48589058306316646,0.4843353405905316,0.5417561108283717,0.4971764787958226,0.83312486524452,0.4860282087394826,0.11997986205496596,0.08594153787340138
GENE_00662,noise,0,1,0.16077384923282187,0.0493825413291791,-0.4474664014583511,0.2541582884700083,0.66856405556005,0.26551034022681785,0.23550406576364336,0.2293380540349648,0.19997522051207686,0.2682679788516502,0.6059255464371891,0.23506805819393814,0.276372787024779,0.3598905294642697
GENE_00663,popularity_only,0,1,0.9673115410273516,0.129880612513747,-0.633257895115733,0.3630347572876069,0.6891764537704642,0.26617745163442297,0.24931628412554926,0.2586127382021939,0.25417034371497954,0.19259897278358887,0.5337350321485339,0.24844148064994825,0.2482604236370062,0.22107131097597754
GENE_00664,noise,0,0,0.7845230153435624,0.672911606908201,0.5006544950357031,0.775132953377072,0.4767682695164193,0.7825216811207472,0.7739155880460965,0.776484425156181,0.7746515799100397,0.8346728273832423,0.6885852980108274,0.7742266728266363,0.33349707170005577,0.4664372343083116
GENE_00665,biology_signal,0,1,0.16144096064042696,0.3614975468333952,0.4916382658668514,0.7735760948395632,0.3239083709935609,0.7831887925283523,0.70797665876345,0.7066770934760511,0.7395189369439591,0.6066778494263135,0.07529822276566045,0.70809475103173,0.3744702510293463,0.3145023384855226
GENE_00666,biology_signal,0,0,0.4322881921280854,3.0355540855397813,4.192418931477636,0.9442540217279772,0.8168606277180221,0.7838559039359573,0.9913963091247261,0.991337883729489,0.9459223413766881,0.9605085725156458,0.3697425400338359,0.9915449773022273,0.16608689138901478,0.1957551159342487
GENE_00667,biology_signal,0,1,0.8072048032021347,-0.3974459391026832,-0.2248281929453972,0.3827639926006709,0.7498535756971654,0.266844563042028,0.24577685450732142,0.24380581228356465,0.23385884867673973,0.21470701387018976,0.12785266491068314,0.24489138496707147,0.5941512049379795,0.6199912669908549
GENE_00668,noise,0,1,0.08805870580386925,-1.240112065681549,-0.0667988869065351,0.3697208897342875,0.1925781904685182,0.2675116744496331,0.09893948143967311,0.09783204164054468,0.08742497784108735,0.05945680337985769,0.6015941025499424,0.09807676355273008,0.11381122805129727,0.12632133936646078
GENE_00669,noise,0,1,0.5883922615076718,-0.50019038466033,-0.0771298027624149,0.7322440193171358,0.7742492603338542,0.7845230153435624,0.6410725504100747,0.6352256701147075,0.6910568247459369,0.6864509772775291,0.6287003471291985,0.6405883157790663,0.7030728530742129,0.719348652456805
GENE_00670,biology_signal,0,1,0.8705803869246164,1.3129126794201702,1.3221097171862917,0.8382758468988384,0.3929565198005092,0.7851901267511674,0.8722786296683248,0.8762862452269501,0.8021906030296727,0.8934864701520455,0.299934664014479,0.8727919379062994,0.19932044033777616,0.22255580638253283
GENE_00671,popularity_only,0,1,0.7658438959306204,-0.8752702158379029,-0.3529306689254637,0.3467129993913459,0.7720630472530646,0.26817878585723814,0.18431520208202043,0.1814336686732896,0.13963333886491527,0.16546957713364085,0.47850507458037395,0.18331226511663348,0.7245876421861687,0.7529802274932358
GENE_00672,biology_signal,0,1,0.16210807204803201,-1.982702366122668,-2.1210623472531767,0.0829353607644966,0.1565826109332965,0.2688458972648432,0.01973733622530056,0.01943720765869258,0.040380822849110105,0.013589938321318789,0.42324418788577844,0.0194516664657161,0.44762740868179196,0.3500715218881004
GENE_00673,biology_signal,0,0,0.8078719146097398,0.9493443762772245,2.072077523957355,0.7644789283205391,0.2058543364466129,0.7858572381587725,0.841244250944512,0.8464683366152219,0.7700149830366607,0.8558310077410672,0.186034079756916,0.8416965876159905,0.21117553331231792,0.3807560812551572
GENE_00674,noise,0,1,0.08872581721147432,-1.004118630887831,-0.5726783212812926,0.4509403063783992,0.5132266718931093,0.2695130086724483,0.14575749841047234,0.14164876121220135,0.1213934912084728,0.10284141279108833,0.9914009455109692,0.1447698693099036,0.1374331003565233,0.14383274283364705
GENE_00675,popularity_only,0,1,0.8932621747831888,-1.1354608109592232,-0.3562056247881777,0.2311080626890893,0.6205246830136765,0.2701801200800534,0.11824502379306238,0.11902903617528504,0.064689436889967,0.13089360057102886,0.4625443642807421,0.11733166821491153,0.22556382562885394,0.2123375948638868
GENE_00676,biology_signal,0,1,0.0066711140760507,-2.8063482698803304,-3.890408722500324,0.041011456296069,0.1621135879512244,0.27084723148765844,0.005866068032950947,0.005687485567951265,0.020529715655125118,0.009366557233299563,0.1970384613884245,0.005750615488718076,0.7726391912326819,0.8486909942450378
GENE_00677,biology_signal,0,0,0.4876584389593062,1.8054088755180877,0.956150882150008,0.8913086378345769,0.6415466927082948,0.2715143428952635,0.7891344879774471,0.7872415588696461,0.8831245392123227,0.7759620944256894,0.4241682410633111,0.7900013416224302,0.09012685465000267,0.10159572401983738
GENE_00678,biology_signal,0,1,0.23482321547698465,-3.939415798543589,-3.897142702458954,0.0213136095127763,0.4115791529172629,0.27218145430286855,0.0037350893750455966,0.0035744390646034233,0.009449737005481035,0.005286554384878302,0.1983711091122684,0.003646987950903151,0.9000485428743751,0.8462633325158251
GENE_00679,biology_signal,0,0,0.7404936624416277,-0.354237634190543,-0.7603135788416777,0.4183286181888106,0.6632497340198897,0.27284856571047367,0.2076800242158682,0.20555163119985803,0.1903938000982328,0.17196586653555415,0.3465596673851308,0.20679070250157952,0.596009719493634,0.7274243131575648
GENE_00680,biology_signal,0,1,0.23549032688458973,-4.172582763119607,-5.702920987111309,0.1014005707290954,0.3493358850439514,0.7865243495663776,0.005426242420897069,0.005205401888280154,0.03689767384785733,0.01101787615188595,0.41360943060651534,0.00529649090958954,0.9651460629237313,0.9091659513561465
GENE_00681,noise,0,1,0.2361574382921948,0.3508204527860744,-0.257796568826551,0.3799934178237126,0.5032415315008931,0.2735156771180787,0.28298438306379115,0.27892704228680254,0.25057095308131033,0.3161348411237635,0.8486757350535711,0.2825982902138528,0.2873154468929564,0.2429445410135026
GENE_00682,noise,0,1,0.1627751834556371,0.4576631339965222,0.2123231160225189,0.6919321445763122,0.381858798179389,0.2741827885256838,0.4081353598407788,0.4047618821856736,0.4614787538108598,0.46901630199702465,0.776497184434807,0.40768410953661377,0.3970253507765835,0.39819339388682096
GENE_00683,noise,0,1,0.43295530353569045,-1.9915451867216076,0.1750140329783476,0.3033388228285336,0.4267670099542581,0.27484989993328884,0.0816750913769685,0.08022396137756375,0.07515627629434607,0.04567485022984224,0.7849250454469264,0.08079076660472831,0.547187650236638,0.38687236658981206
GENE_00684,biology_signal,0,1,0.37691794529686456,-2.6868365559628167,-1.4083139072754285,0.1225415787866746,0.4435030235702317,0.2755170113408939,0.024368008596497015,0.023674734298921758,0.030569825896415326,0.012182077050815152,0.12640907212644803,0.023988134835416095,0.37157388430735294,0.3054150992373396
GENE_00685,noise,0,1,0.6364242828552368,-0.0907643668707196,0.3251946501274186,0.5015951447728751,0.2720133681536827,0.7871914609739826,0.5179087123962446,0.5212179382165097,0.5308082956738533,0.526614995707565,0.9751156262541639,0.5174433280768194,0.5116868411375587,0.5822569878689406
GENE_00686,noise,0,0,0.5396931287525016,0.2892859390882838,0.2759249520715039,0.2851270801644373,0.5450498962526339,0.276184122748499,0.2961190842401996,0.29398413318907546,0.22977786877473497,0.2655804340696435,0.8242925267777064,0.29578832202839284,0.10343129707937641,0.13702922369864884
GENE_00687,biology_signal,0,1,0.7078052034689793,2.5164595170989736,0.5593906025291848,0.7791724911096507,0.5114033663129754,0.2768512341561041,0.7834355400350775,0.7853841729446531,0.880052516500272,0.7712158433475611,0.21266315897681687,0.7846399027305946,0.23181345148889437,0.20128165646067775
GENE_00688,biology_signal,0,1,0.7851901267511674,1.823039465862725,0.6256466462283115,0.4417355998962108,0.7314722567663688,0.27751834556370913,0.6548720787178608,0.6552808810081284,0.7657808526099568,0.5417428029580319,0.08204823956684393,0.6561119943775121,0.10715860484376846,0.07667967857046362
GENE_00689,biology_signal,0,0,0.8712474983322215,2.338774487991285,1.0629473193773515,0.7757640835187832,0.9198726757408756,0.2781854569713142,0.8598453301665551,0.8602581121670463,0.8859473388290858,0.8680988430083831,0.2856429595529941,0.8608299570429475,0.1991478985345971,0.2477555438120286
GENE_00690,noise,0,1,0.08939292861907938,-0.4998065558966176,-1.090187479161273,0.6186378992781435,0.305116965666525,0.27885256837891925,0.1611803817538282,0.158608379240819,0.15726647239206337,0.1558200386635047,0.6565167794863658,0.16016813884618264,0.4527416375969222,0.45275557229560454
GENE_00691,noise,0,1,0.03669112741827885,-0.9527877625789236,-1.1973860922453696,0.3092211086922298,0.2190967707485824,0.27951967978652437,0.07484155681482227,0.07364835881597515,0.08581740241392635,0.04854314954753764,0.9199395525222382,0.07419165451896793,0.22760319178927296,0.2311328916871268
GENE_00692,noise,0,0,0.7084723148765844,1.2631887866506488,0.2676516343496232,0.6746147845458831,0.8014979920397365,0.7878585723815877,0.8509869873666348,0.8497165201684203,0.816303903772685,0.8704978959552383,0.6235610488116662,0.8517215074108138,0.27171391158351527,0.3830856759571283
GENE_00693,noise,0,0,0.3775850567044696,-0.4164525702595666,1.0731384321801054,0.6130959344989775,0.4179054608103864,0.2801867911941294,0.3395518365838121,0.33689424796273143,0.30462759095532355,0.479179685732159,0.8994998616990415,0.33852155117066296,0.13133068386377258,0.11092501190091861
GENE_00694,noise,1,1,0.7858572381587725,-0.5140932819552422,0.3669338833033741,0.4861240211640439,0.6681186357682095,0.7885256837891927,0.5616886575263543,0.560919821516448,0.5931755541471264,0.6263460380172418,0.7893597024361814,0.5611536439652944,0.8056538961581586,0.7516634612927122
GENE_00695,biology_signal,0,0,0.4336224149432955,4.8183598089804525,4.246052242868228,0.984242652709293,0.3778747267655657,0.7891927951967979,0.9956022564809931,0.9957353989642073,0.9802440077356988,0.9790523631698104,0.4008958658417302,0.9957029358699042,0.11224258278143076,0.06808245072701434
GENE_00696,noise,0,1,0.7091394262841895,-0.4233241055821696,-0.0268554814872805,0.1956791367547343,0.4913261457208888,0.789859906604403,0.38650925782417583,0.38702002681042286,0.35317346672354016,0.2713449333176241,0.655180770326347,0.3859457005793099,0.670241206554956,0.7353223355256332
GENE_00697,popularity_only,0,1,0.5890593729152769,-0.0796400498278013,0.0666139224402934,0.3156417458883085,0.4388222934702688,0.2808539026017345,0.22206455595212285,0.22142113707614772,0.16752147286275534,0.1915132722299095,0.5170862515165651,0.2213820321036285,0.32103976605025775,0.24070142494632912
GENE_00698,noise,0,1,0.6824549699799867,-0.1323450178963722,-0.0253644660587679,0.2538384370624681,0.572295251028955,0.28152101400933954,0.22073394460878873,0.21934292245886158,0.15844850321715614,0.17853320993434224,0.6645744831567468,0.22009367391573836,0.062434205913040955,0.0702909569166876
GENE_00699,biology_signal,0,0,0.5403602401601068,3.6625897773617218,3.6609339177113336,0.844577662810196,0.9173984633402806,0.790527018012008,0.9926105383489555,0.9925635910235825,0.9554875892452498,0.9479856618971274,0.4456567170929675,0.9927569036682898,0.1949439080559436,0.21039655893397433
GENE_00700,biology_signal,0,1,0.16344229486324216,0.1571072869060006,1.2038931509509774,0.591025485529531,0.0775700500906178,0.28218812541694466,0.3367104849001843,0.3382184257974584,0.26142164455231354,0.2250072252101588,0.14091346724417675,0.3359763582147925,0.16623485848094666,0.19141755986160136
GENE_00701,noise,0,1,0.9679786524349566,-0.2466314414472787,-1.0548053281526426,0.4355546580084381,0.7063136812492188,0.2828552368245497,0.20258736676150632,0.20990693969246527,0.20058112549007362,0.17826345396338464,0.9585384947328627,0.20149709812123792,0.2579914422829105,0.29902467399200355
GENE_00702,biology_signal,0,1,0.8825883922615076,-0.5048944921380807,-0.8299881252233218,0.3134921702847447,0.6378069877936147,0.2835223482321548,0.16010401441460506,0.16091982741257718,0.1334330397765771,0.13898280931497864,0.12521466714256047,0.1592207944384632,0.5843687035972777,0.7228411402484833
GENE_00703,biology_signal,0,1,0.37825216811207474,-2.279142981796326,-2.955521542188603,0.1328203944578714,0.2337047384467907,0.28418945963975983,0.014054586129074639,0.013813095736075202,0.025865711561743564,0.011651095181208127,0.4363884667280332,0.013821784952734943,0.7704667734720407,0.7817474871298534
GENE_00704,biology_signal,0,1,0.30420280186791193,0.1698047171583939,-0.9819285878790834,0.3424038648375906,0.29990938785901,0.2848565710473649,0.16704375631343438,0.16603638670941287,0.15659372482254957,0.14079310480021404,0.1322668785970984,0.1664401747567986,0.206077974985933,0.16349579681371312
GENE_00705,noise,0,0,0.5410273515677118,1.5837716080882742,-0.5716925781989938,0.2319820125152597,0.7401199324278265,0.7911941294196131,0.7151492369395492,0.7123570493721392,0.7527032590150151,0.6036498797813337,0.599088166683601,0.7165515750162059,0.4742724362691946,0.5618751639666668
GENE_00706,noise,0,1,0.4342895263509006,-0.8597502245302662,-0.7028772492932792,0.3915934012005693,0.3271140236971166,0.7918612408272181,0.2931402586798674,0.2920297043795325,0.24094453948636488,0.2719539660823445,0.670568671644261,0.29198325976920125,0.37657944101928287,0.4421564450622026
GENE_00707,noise,0,1,0.3789192795196798,0.554285128707789,0.2658518486679977,0.6569896145968185,0.7178136259961062,0.28552368245497,0.5094379044613019,0.5024065991101471,0.6541703166445495,0.4836382560315032,0.9576510422783981,0.5094230976354112,0.4119811752308753,0.4688652029916878
GENE_00708,biology_signal,0,1,0.037358238825883926,-1.095111617130524,-0.2786659264674304,0.2749312500597201,0.3418908196314929,0.28619079386257507,0.10314964036212412,0.10097429558645836,0.10652539739666807,0.056407416382769464,0.34475959196741335,0.10236889283161003,0.13519605209015992,0.16936938256302192
GENE_00709,noise,0,1,0.23682454969979988,-0.0974234983552125,0.1120150188545195,0.6026511924181783,0.0836948472550988,0.2868579052701801,0.22661192993038792,0.22742537883150762,0.19244102555588144,0.1366417260667715,0.677715054488252,0.22563461005493293,0.1805005246482286,0.1435316491716893
GENE_00710,biology_signal,0,0,0.4349566377585057,2.0900655485258026,4.594573578736671,0.9409668661858324,0.7157106144110061,0.2875250166777852,0.9540872842675068,0.9537147039320572,0.7707108269398808,0.931822304412878,0.431508550865916,0.9545497601195634,0.03788682954185511,0.04350744259037174
GENE_00711,biology_signal,0,0,0.85657104736491,-0.4994469845145087,-0.3634739078143306,0.5683438025140881,0.7781692780355979,0.7925283522348232,0.5540148930771767,0.5532306540153552,0.5998063146709514,0.6091500783507876,0.15486645052418446,0.5533311960362225,0.607581520824774,0.6449447242509075
GENE_00712,biology_signal,0,1,0.7865243495663776,1.170043489335312,1.74336178891611,0.5745879170727083,0.7974022496762079,0.28819212808539024,0.7167462757971097,0.7159841056037566,0.7593261243088919,0.6259605014685075,0.21608954944655812,0.7175554055133151,0.17363436665293522,0.13155035834347853
GENE_00713,biology_signal,0,1,0.23749166110740494,-2.8300359066590315,-2.227271498345131,0.0939562569273056,0.3970806221527101,0.28885923949299536,0.015082666185329897,0.014590777735304879,0.021853170699813407,0.00880442296192113,0.006195016766609829,0.014823129367847188,0.8601300315311325,0.7542432111574204
GENE_00714,biology_signal,0,1,0.5416944629753169,1.5010580676782197,1.6678416763223711,0.7124126654525045,0.5191402581728787,0.7931954636424283,0.8964828120683579,0.8968205047926863,0.8935282263531309,0.8996364194096912,0.03438953395082189,0.8971543926324621,0.2914248400492181,0.3240147988465049
GENE_00715,noise,0,1,0.304869913275517,-1.262346783300184,-0.6561747045073565,0.775710285073524,0.1773958179270156,0.2895263509006004,0.13203863536671756,0.13115117801236112,0.12343846916974573,0.10918815938980023,0.6516086561297368,0.13075240670443952,0.2112956173319908,0.18678982458212837
GENE_00716,biology_signal,0,1,0.37958639092728486,1.085445241189566,0.4711628957059404,0.5938002598779882,0.2747843131538329,0.2901934623082055,0.4607477058545356,0.46172917810673747,0.45975832112734416,0.511565684646087,0.4148630462951719,0.46088975229261236,0.13077263938858838,0.13553361557113158
GENE_00717,biology_signal,0,0,0.7411607738492328,0.448768423049993,1.7878558642864195,0.7325453548100531,0.6672415872019496,0.7938625750500333,0.8509248091365939,0.8509215403944307,0.7862241514509242,0.9119740797408233,0.3889164389419434,0.8513313497657713,0.3304302405804855,0.3791114774057432
GENE_00718,noise,0,0,0.5897264843228819,-0.2171855192669823,0.2880751846572225,0.5055793593256089,0.3241056655419235,0.29086057371581053,0.24748490132977258,0.24799924798298742,0.19731299436118635,0.2869561742931998,0.7869130420805599,0.24653937726683942,0.20675968911683035,0.20497847638149141
GENE_00719,biology_signal,0,1,0.23815877251501,-0.8758462935546334,-1.0351154594297098,0.4330383481503505,0.6698835706084442,0.2915276851234156,0.15261037379563477,0.14759217301506652,0.13248671469280135,0.0896232128505352,0.1733229364568306,0.15166775213885123,0.2527979946314326,0.27439674800204955
GENE_00720,biology_signal,0,0,0.7418278852568378,3.2600877645396382,5.023627112757504,0.9883247244458112,0.6777857744917138,0.7945296864576384,0.9938718469399872,0.9939975193807127,0.9625739428998874,0.976163749908731,0.4099140961587474,0.9939824029737917,0.0750974591957855,0.06690072619836818
GENE_00721,noise,0,0,0.23882588392261508,0.0039327476812903,0.572040586098277,0.5389181215115283,0.5025695370749276,0.2921947965310207,0.3542064953960879,0.34952988266016866,0.3348642426749196,0.45716255861831034,0.960525148198562,0.35358124222184784,0.2754321621533717,0.22492787503965725
GENE_00722,biology_signal,0,1,0.3055370246831221,1.785374311038187,1.3395539347359098,0.6438514500801151,0.3329653842809811,0.7951967978652434,0.8705305372303596,0.8713891224013577,0.8932244715253819,0.8411924209724458,0.17016120447285665,0.8713902925621919,0.3139818605573527,0.3809442132931707
GENE_00723,biology_signal,0,0,0.7098065376917946,2.018925759789496,0.764948336550133,0.8659337613406818,0.6651088863903458,0.7958639092728486,0.925389517542187,0.9256150893818436,0.8787198109527812,0.946260919456988,0.2467421847817196,0.9259868200693353,0.23364730051965873,0.35200249761452174
GENE_00724,noise,0,1,0.00733822548365577,-0.0439595901812866,0.174366353662414,0.380580124929455,0.1662056679819289,0.29286190793862577,0.19970256937172642,0.19835993692321746,0.1788577428250537,0.1674032767799377,0.6232669302879946,0.1990061152741003,0.44022569973248554,0.4007857371049352
GENE_00725,popularity_only,0,1,0.9786524349566378,0.4596640798766799,0.0684256164589543,0.2132552591641417,0.7694817875201707,0.2935290193462308,0.31693327766705126,0.3298587458576653,0.4252273472663472,0.2523954552181508,0.5333468585714661,0.3164425758850615,0.2257107191306845,0.20187589359518868
GENE_00726,noise,0,1,0.8939292861907938,-1.127438909653676,0.5641854298732614,0.4417475843190755,0.6560469023780297,0.7965310206804537,0.46248876855269355,0.4651661516386444,0.4803562189242382,0.4532363877817399,0.997041584771489,0.4612459788101146,0.597503368161635,0.6409544025415667
GENE_00727,popularity_only,0,1,0.6370913942628419,-0.5794642460269719,-0.4340943885156688,0.4975383222848,0.3835696225084298,0.2941961307538359,0.1743357838518125,0.1739886276571725,0.1368554876358575,0.14062749755866744,0.4519416493024476,0.1733040131634184,0.5728304169636259,0.6018793088459954
GENE_00728,biology_signal,0,1,0.590393595730487,-3.161742008815543,-2.168791846404633,0.2367096231987289,0.6260577500131291,0.29486324216144094,0.019736027928312475,0.01903137498335507,0.01732195590203536,0.016676049303835417,0.36997677280416696,0.019380453181511468,0.5212111948781295,0.5973258144349912
GENE_00729,noise,0,0,0.637758505670447,1.910929330337216,0.0717136185982607,0.7401036207817691,0.8201208570845046,0.29553035356904606,0.736888804852863,0.7335647601490418,0.8456989526447097,0.6793548967366406,0.8135474004653243,0.7379625677695545,0.19425312719613488,0.1657422564821051
GENE_00730,biology_signal,0,1,0.23949299533022014,0.273559955517649,0.4089303666251372,0.5529365004913382,0.3717810964351592,0.2961974649766511,0.3484311582581998,0.3459184488001894,0.31782152741700515,0.42039500730373697,0.2463434094353828,0.3478975579803547,0.4639849318326733,0.4292673966043807
GENE_00731,noise,0,1,0.16410940627084722,0.6516876597347497,0.0076087072759321,0.4202250558398813,0.1791145976534912,0.2968645763842562,0.27773833325968295,0.2778642637710972,0.23595384391723187,0.279384549377598,0.6935440946381924,0.2773860336897323,0.32731859053464124,0.25835551319561884
GENE_00732,noise,1,1,0.03802535023348899,0.4232703744143918,0.3100413577016232,0.8556597686237836,0.1023718626121938,0.29753168779186123,0.3926325746332435,0.3923897050561465,0.41074040500336495,0.25472628215904836,0.9899794300696837,0.39185774408587787,0.2494865422460722,0.19394272683826655
GENE_00733,biology_signal,0,0,0.1647765176784523,4.257258501557336,3.4633262031898906,0.9093593725821788,0.6194650132266268,0.7971981320880587,0.9930178710071917,0.9930302226396814,0.972548194369931,0.9456016276880069,0.3624122999370275,0.9931650276055216,0.3654194829497759,0.4718321706054527
GENE_00734,biology_signal,0,1,0.542361574382922,-1.6242176382625997,-1.3192390542475985,0.4444766553813448,0.6155387230411897,0.2981987991994663,0.0877072527804134,0.08539300114967346,0.06449623652337245,0.04258800798306039,0.07855967523971508,0.08680215904161681,0.24392461345970556,0.20507205445779084
GENE_00735,biology_signal,0,1,0.30620413609072716,0.4134877410810349,0.2503097479693421,0.2645449260076332,0.6186048756765652,0.2988659106070714,0.32412552334251665,0.31903807549784247,0.2576582363606092,0.3366606964651611,0.38382455233641477,0.3240189986600131,0.34749831045915713,0.3695226543649366
GENE_00736,biology_signal,0,1,0.16544362908605736,-1.3249760810373967,-2.870902674900747,0.1088051619837264,0.2778075281661336,0.29953302201467646,0.026447471600074404,0.025891328431648257,0.05341751110415116,0.019960669804064104,0.4418851138857629,0.026130950025932506,0.5618030663358822,0.6666435694897674
GENE_00737,biology_signal,0,0,0.038692461641094064,0.5199961672764711,1.6018866650628862,0.6562221872597143,0.2457471395203157,0.7978652434956638,0.7593442842067036,0.7590063552501892,0.6649660078228486,0.6210780619817483,0.09221489158445084,0.7597779234634557,0.495148181443073,0.576069856286294
GENE_00738,biology_signal,0,1,0.4883255503669113,1.0610982549700627,0.8172858563765584,0.4845261135071257,0.1827835675617263,0.3002001334222815,0.42319002788599197,0.426968492400832,0.35175560741619893,0.4986406946315737,0.2007789865764601,0.42330365344030246,0.3015393282978648,0.2456867113604595
GENE_00739,noise,0,0,0.9599733155436958,0.4428378843456637,0.5107140973079224,0.6308044554750446,0.814189444325562,0.3008672448298866,0.5162529067274005,0.5250853320418234,0.5792474426941265,0.5627805660388617,0.93302125449731,0.5158232020775881,0.4159284989000934,0.5315190413786142
GENE_00740,biology_signal,0,1,0.543028685790527,0.0229937695244263,-0.0840565156276621,0.4031211787242046,0.5486607852146316,0.30153435623749164,0.2705010883704583,0.26790658033071707,0.22391694278907837,0.25370077302839245,0.4403727150034491,0.26985838408582113,0.19356190854779529,0.21399189518371298
GENE_00741,biology_signal,0,1,0.43562374916611074,-0.1085144577043016,-0.8628492220959453,0.7439822460805392,0.3688681003465547,0.30220146764509676,0.2539076628780382,0.2520408613808819,0.310355707427929,0.3421637739247144,0.3096541653194931,0.25280992222555193,0.08960585991766938,0.12053875404454129
GENE_00742,biology_signal,0,1,0.3068712474983322,-3.331321521300659,-2.050287582449084,0.037035465145548,0.3728807109924347,0.3028685790527018,0.010619683343021514,0.01028994678225572,0.019079232742557115,0.007171411207410443,0.3597862877585456,0.010415114491695271,0.605091997727591,0.6758131095271476
GENE_00743,noise,0,1,0.8085390260173448,-0.2822891828986997,-0.8098225168239679,0.3032276136611604,0.6079971283922592,0.7985323549032688,0.4035675779360524,0.40407972773507983,0.4651098023138008,0.3140792454763938,0.662268021976933,0.4029671777834219,0.5568064871490672,0.6392101277509096
GENE_00744,noise,0,0,0.24016010673782523,0.765381163678187,-0.262847807370803,0.3416945212517759,0.1324080746934391,0.7991994663108739,0.5004887926091113,0.5030539029188695,0.5173996841318533,0.6586375765438266,0.9774849153096389,0.5007920004152424,0.757627317329418,0.6175232809775544
GENE_00745,biology_signal,0,1,0.638425617078052,0.5899052687594029,0.5203806102906603,0.3282844027428333,0.6152815515190714,0.799866577718479,0.6706066272003083,0.6696853634778526,0.6709347967133936,0.6536991165790373,0.25747673720056574,0.6712696595811101,0.9033466877847293,0.8754296584132066
GENE_00746,noise,0,1,0.03935957304869913,-0.3193651735184037,-0.4050635938503439,0.3750330179652809,0.0868138471921315,0.3035356904603069,0.1324241395209875,0.13198131652450956,0.13410425692157454,0.09802474550421315,0.930629966160105,0.13167281899882136,0.21389741475654647,0.23087379436124678
GENE_00747,popularity_only,0,1,0.742494996664443,-0.5839805756301666,-0.787207094956603,0.3946216328379844,0.3473736110757327,0.30420280186791193,0.13134693665640917,0.13205395100822928,0.09926180902256405,0.08411558257393548,0.468069225292319,0.13046248944286484,0.5219593697006106,0.5786207007215153
GENE_00748,noise,0,1,0.3802535023348899,0.5581067348250426,-1.1425912264952238,0.3960171748807597,0.5293134275707022,0.800533689126084,0.5178255378869208,0.5142805071072062,0.6646034939399653,0.31922740402896144,0.7654997470005255,0.5180591163092595,0.4900259130649398,0.40728285980383266
GENE_00749,popularity_only,0,1,0.380920613742495,-0.7794539399149174,-0.5601763256053148,0.7735522667241942,0.6662001259576712,0.304869913275517,0.2707523631700623,0.26404636897155087,0.3330015930736405,0.23747402653940802,0.533876742565739,0.2693683611376324,0.32022462975058824,0.2793396421761563
GENE_00750,biology_signal,0,1,0.4362908605737158,0.6752514849779478,-1.2966713154412906,0.6325288235012488,0.5947243007613697,0.3055370246831221,0.34098909442511743,0.3363082988334768,0.43346808092812233,0.3647352346799444,0.149818041823909,0.34059196203596376,0.3962604601925669,0.37889528681290435
GENE_00751,noise,0,1,0.16611074049366245,-0.9418428714118844,-0.2162197499493311,0.5882482243303939,0.5036527797577421,0.8012008005336891,0.437862485666581,0.4315367740312405,0.45856748871458647,0.5041960713524484,0.8690638528287113,0.4367094132523101,0.7066543483499002,0.7256497950321282
GENE_00752,popularity_only,0,1,0.5436957971981321,-1.8744371882929,-0.4032177678459933,0.3925565211314667,0.3208270509639787,0.30620413609072716,0.07149961682690534,0.07088762011541785,0.05232213785063658,0.04690130388044479,0.5081826219633316,0.07066245233693558,0.4438319169721801,0.4109783139145532
GENE_00753,biology_signal,0,1,0.2408272181454303,-1.0874453696947923,-0.947281949715379,0.6460881508491281,0.4847997814735953,0.8018679119412941,0.3641966185937952,0.35843091575741975,0.430269568849383,0.44581312065484824,0.13664267620650405,0.3627366393752411,0.687172940442638,0.810475594294249
GENE_00754,noise,0,1,0.3075383589059373,-0.2967816618304922,-0.8733262670296685,0.5465795181751573,0.2354223465037684,0.3068712474983322,0.1634269054300832,0.16259933512797656,0.1532833641365836,0.12155745177023285,0.9280772779995327,0.16249984562812578,0.3607318793326291,0.30178100439372846
GENE_00755,noise,0,1,0.1667778519012675,-0.3932063173409049,-0.2953561622373202,0.6371524710565877,0.0758321844621313,0.3075383589059373,0.1792089174738249,0.17924485920840846,0.1584693274897462,0.09761730057334646,0.7210290387673078,0.17813736474349187,0.1166937433848862,0.1171521985474511
GENE_00756,biology_signal,0,1,0.7431621080720481,-0.0531466668608289,0.6197576126103399,0.5868125318666197,0.8567381495593092,0.8025350233488993,0.7302963151769358,0.7269132630463792,0.6847232416232203,0.8055679465376566,0.2615904282994751,0.7304672991477538,0.6418288254704895,0.6481273455089107
GENE_00757,biology_signal,0,1,0.6390927284856571,-1.6258278620283144,-0.7547921177932773,0.329274944258598,0.2305441765220711,0.8032021347565044,0.17024786182042242,0.17108287064061375,0.1119051883542344,0.19318047594564075,0.3630006618307623,0.16891086449072662,0.9352321093381447,0.9022921606556871
GENE_00758,noise,0,1,0.7104736490993996,-0.5783612087322775,-0.1959123154182743,0.4564431703536979,0.7634280866880432,0.8038692461641094,0.5171145276173216,0.5127280924350822,0.5778874812280133,0.5502668563079364,0.6951761363165434,0.5165154605720211,0.8251799783861972,0.8087347709525073
GENE_00759,noise,0,0,0.43695797198132086,-0.3332436711925967,-0.139025204238134,0.3164111174560079,0.698014752965298,0.8045363575717145,0.4943070397806934,0.4880890836360221,0.5348675185443412,0.38464478054754747,0.8842881269905992,0.49405468669114444,0.33263004522447365,0.382860408300373
GENE_00760,noise,0,0,0.6397598398932621,0.1769849645019243,0.4384505513834499,0.6150653606571335,0.7574871457645951,0.8052034689793195,0.7316671881801287,0.7283628004799061,0.7254925012554241,0.8099835005631949,0.8956643950475776,0.7319353168467051,0.30349599152818596,0.32555318062555755
GENE_00761,biology_signal,0,1,0.3815877251501001,-0.7732254050882157,0.9069033453919184,0.309893156991792,0.4207932543077632,0.30820547031354234,0.20033304479327035,0.19822319365654573,0.16635200734063316,0.20970886543644984,0.05741092491492339,0.19939785799237647,0.3047559406859589,0.24777257278135345
GENE_00762,noise,0,1,0.5910607071380921,0.5129101013096541,-0.6004060722449908,0.7254134493411922,0.3983571631423358,0.30887258172114745,0.35576107731550694,0.3555170755115683,0.41589262376609953,0.455919301703921,0.6491981389412252,0.35509639431286993,0.1913568332415624,0.15960803922176892
GENE_00763,biology_signal,0,1,0.7438292194796531,-1.5883214386725917,-0.9041323540120396,0.0723031728438955,0.6048665164403235,0.3095396931287525,0.06155031800578823,0.060700107146437685,0.050184703704102794,0.07157230753582937,0.4112600739078671,0.06094143098250651,0.47679812177297765,0.5374837110193443
GENE_00764,noise,0,0,0.8432288192128086,-0.4962631207858569,-0.3501551442948616,0.5262083769269742,0.8814030461099612,0.31020680453635757,0.2941263602418546,0.2908169905240228,0.34055181317735234,0.22475930887363385,0.7010763012464921,0.2930708918418475,0.2559938894958994,0.18896517239952393
GENE_00765,noise,0,1,0.24149432955303535,-0.5314846622377445,-1.058106483379183,0.3470340163656558,0.5408416817541584,0.31087391594396263,0.1439343625016198,0.14040521612042872,0.1277283703211596,0.11169364213306417,0.8020387907751075,0.14315918691578378,0.12385006634744838,0.11310325170176636
GENE_00766,biology_signal,0,1,0.7111407605070047,-2.884499037425849,-4.377711395157109,0.0467193067858479,0.3072401311592814,0.3115410273515677,0.005380444858935942,0.005312251106761262,0.021180826488119912,0.008731659701195929,0.37997023104200955,0.005269143545722077,0.9093718570247415,0.9334748194946499
GENE_00767,noise,0,0,0.8719146097398266,-0.1443407442360429,0.8405319178589346,0.4827270498907817,0.6576258733029146,0.8058705803869246,0.6520162801157581,0.6547049728266643,0.6275600982695679,0.6913311541455136,0.776330309527347,0.6519161767241979,0.6565214936284725,0.6745133543872532
GENE_00768,noise,0,1,0.437625083388926,0.6515110974098831,0.6662583793295541,0.4569191303680767,0.5705522617914656,0.8065376917945297,0.7206927241556628,0.7186600212398749,0.7477250377604832,0.7575714721567691,0.7547581908737463,0.721353616558837,0.6523604589023538,0.6266678092473292
GENE_00769,popularity_only,0,1,0.9853235490326885,0.7541179044723748,-0.8320350639873627,0.5568234692029967,0.6248822710332932,0.3122081387591728,0.35258299385627667,0.37053980084530413,0.31740172585452747,0.21167151874491355,0.5264619757959108,0.35180667415476824,0.37331682192026255,0.3115218882366406
GENE_00770,noise,0,0,0.6831220813875917,-0.4043546725002978,0.7590710589863197,0.3070553218469284,0.6823592263562501,0.8072048032021347,0.557447692567524,0.5547659464467747,0.5048122411269855,0.5458934552935566,0.6155515494086848,0.5572694173499348,0.6249236432452746,0.6955392522398735
GENE_00771,biology_signal,0,1,0.48899266177451634,-2.0436587867774425,-1.6959231039770934,0.3460624744637566,0.4676428533056982,0.31287525016677786,0.045026480322732806,0.04397487871639169,0.03369519407767154,0.024307253521960892,0.23694132758522113,0.04442830178800489,0.7579221376965599,0.882457388929359
GENE_00772,biology_signal,0,1,0.16744496330887257,-1.8214577122296896,-1.863318383322878,0.3942526383031164,0.1356273898551935,0.8078719146097398,0.10695677608828585,0.10602034069500357,0.08249044614965292,0.16086657937820692,0.277607115049068,0.10586107135292981,0.8542002496242506,0.8721813797909664
GENE_00773,biology_signal,0,0,0.9606404269513009,2.2372680465007866,1.0718991026158509,0.8441151557003259,0.4742350590851316,0.8085390260173448,0.9215855970991348,0.9265961421274329,0.749647797791862,0.9405533312666314,0.1672686312827688,0.9221372533451067,0.328809096714752,0.3729078795867157
GENE_00774,noise,0,0,0.30820547031354234,-0.3663153016781411,1.0771296371256514,0.742251250394962,0.4323187168690184,0.80920613742495,0.6753248319485176,0.6728802875845209,0.6575073538136732,0.6615461295092672,0.6017764630437225,0.6749925328689439,0.5251771218330094,0.6714269885686116
GENE_00775,biology_signal,0,0,0.7871914609739826,1.621348723779172,2.1994188449946828,0.7719136054994192,0.7080385284350995,0.8098732488325551,0.9383326452493839,0.9388436918458586,0.8976783947174856,0.9519948203615143,0.3825452465680468,0.9388311640781781,0.34738549451384215,0.2654162746105984
GENE_00776,noise,0,0,0.4896597731821214,-0.0213005885043903,-0.0107652527163189,0.7412483376288879,0.6356410890024341,0.3135423615743829,0.40126888102375413,0.39591204085441745,0.5033475911026031,0.4462811177110547,0.6640715755257777,0.40044906294236665,0.27896032710152013,0.1976283830820752
GENE_00777,biology_signal,0,1,0.16811207471647766,-1.174965586432372,-0.7857628252483199,0.489600583048428,0.6313375713650015,0.314209472981988,0.14616031091641138,0.1412016721639765,0.1287619802650814,0.07978332899070013,0.1618980821809496,0.14510169743444756,0.5706855994501443,0.7303890742161531
GENE_00778,popularity_only,0,1,0.43829219479653103,-0.3790314048326322,0.8609930574005904,0.4468278596633448,0.5384651014587486,0.31487658438959304,0.3043730461678224,0.3007674854654494,0.25402352645738574,0.3880722301840717,0.47208190127349225,0.30353597893199047,0.06802209505877585,0.05008249226904538
GENE_00779,noise,0,0,0.9186124082721815,0.0163507310343369,0.8509333438629215,0.5568230576805202,0.8208475931316038,0.8105403602401601,0.7340077814162604,0.7365745829597788,0.6561541382236779,0.7801980274053032,0.6408399323363547,0.7341166821715711,0.6054868085725602,0.651582171280104
GENE_00780,noise,0,1,0.38225483655770515,0.3423035229286912,0.1049415419744959,0.580962556192018,0.1861937782248925,0.31554369579719815,0.2939663214405873,0.29498693774229534,0.256212646535589,0.2627685128402436,0.608319738286777,0.29326981123334134,0.16226242585965406,0.1667423521085708
GENE_00781,noise,0,0,0.8278852568378919,-0.2995472268372753,0.8724747300080203,0.7541779275640249,0.6643052755409651,0.8112074716477652,0.7213499616783067,0.7219437431934893,0.6744341414928722,0.7923211788176322,0.9309389313072219,0.7210994595882939,0.38246650519576764,0.5479424380420934
GENE_00782,biology_signal,0,0,0.5443629086057371,2.175295581813386,3.659985625735769,0.9533024797648084,0.5985262363083216,0.8118745830553702,0.977477899316979,0.9776074203064665,0.9354416015147784,0.95346348058103,0.29657008518883954,0.9777460261714918,0.19333136033995132,0.24856623395314584
GENE_00783,noise,0,1,0.24216144096064043,-1.1606245522906673,0.2865153025006829,0.6089726323882024,0.2975984584502356,0.3162108072048032,0.17314266531049619,0.17109256195057548,0.12372926181952365,0.1399281093147336,0.639537164241816,0.17185701049859642,0.18889749344661647,0.20734944177037198
GENE_00784,biology_signal,0,1,0.30887258172114745,-1.4439076568616953,-1.767943242515619,0.4159062976326685,0.3932080953662827,0.31687791861240827,0.06364040421155465,0.06222924184523564,0.054249809470777906,0.03531174723460348,0.2951450263679223,0.06294319847445101,0.5749222265039658,0.7321771376867098
GENE_00785,noise,0,1,0.7118078719146097,-0.5586490369137641,-0.6543322669721757,0.5232604738560656,0.4057543102576816,0.31754503002001333,0.17256702678820315,0.17258798237237113,0.14187472036061005,0.13517393684479145,0.7725647966931587,0.1715140617325379,0.09774245938030533,0.08991331762830902
GENE_00786,noise,0,1,0.0400266844563042,-1.7806450838803565,-0.5383443189363066,0.6084029518972807,0.1604819321287399,0.3182121414276184,0.08230606227835136,0.08099303658087117,0.058967038531310446,0.046588016608381064,0.7005090998371845,0.08133363980776734,0.23237359434484772,0.21173925492593595
GENE_00787,biology_signal,0,1,0.7878585723815877,0.4573434606119428,-0.4914381774058838,0.3432636803406978,0.7401738358055566,0.3188792528352235,0.318698826904498,0.3169112456196951,0.38034064357250563,0.33057807928386407,0.22923567666760825,0.3184074249237022,0.3776475480209114,0.3637834093943595
GENE_00788,biology_signal,0,1,0.7885256837891927,-0.5209202886091849,-0.1449564421933066,0.4975164887601674,0.5930338296109277,0.31954636424282856,0.23512448094887545,0.23446167195261286,0.19277403856727565,0.19089351982405123,0.3596205646273154,0.23404422879113151,0.2139627392262321,0.1921499554407274
GENE_00789,biology_signal,0,1,0.3095396931287525,-1.581916168177921,-1.5816031594637423,0.3305962061926495,0.5366769254856801,0.3202134756504336,0.06526819590335331,0.06327449082443945,0.053547550210469516,0.03364523133896414,0.06026800784998321,0.06457619525728524,0.664019698455441,0.6634435199275348
GENE_00790,noise,1,1,0.5450300200133422,0.8792661955113535,0.5465868298444989,0.580372570090593,0.917867711173832,0.3208805870580387,0.6124901669065026,0.6049590321678355,0.7017777090804442,0.5225906018092455,0.9150754500462704,0.6130665006433726,0.13716698706501965,0.1894650441101245
GENE_00791,noise,0,1,0.09006004002668445,-0.3957539743990586,0.2654925908621331,0.427767835836521,0.2019367579781943,0.32154769846564374,0.18751124101218908,0.18628764132190104,0.1548394512363777,0.1395195307664572,0.7349566872276806,0.1866289344032574,0.6057686475197579,0.5831492026088485
GENE_00792,noise,0,1,0.008005336891260841,1.0955524984092082,1.1089935250762262,0.4681141694534573,0.1491472649408397,0.8125416944629753,0.7185215607828166,0.719472601772436,0.6561581693863919,0.7901018954148773,0.8740594959963254,0.7193732885941496,0.2920157400452798,0.3772369639527251
GENE_00793,biology_signal,0,1,0.3829219479653102,-2.9507921653742013,-2.9082006558905897,0.0616426957289172,0.3693558837940912,0.32221480987324885,0.010002354211618108,0.009714427904285465,0.01632483433912551,0.007673894781848938,0.2652294116847812,0.009815397925809138,0.676426374125289,0.8354305563493296
GENE_00794,biology_signal,0,0,0.5456971314209473,1.3623768567211645,1.865536833034577,0.6788103237580242,0.4342157616705536,0.8132088058705804,0.8809589372321838,0.8818967365516978,0.8747595654415911,0.8849137695956025,0.12103018895445639,0.8816442590346298,0.468430734921174,0.613024117799516
GENE_00795,biology_signal,0,1,0.4389593062041361,-0.1924946089373129,-0.9922420710684842,0.2995288473823338,0.5315116209381427,0.3228819212808539,0.163199831205493,0.16055777697587847,0.14229927958915237,0.14090878612563026,0.30361695437496705,0.16252549306773056,0.5091927869548677,0.6664254768711704
GENE_00796,noise,0,1,0.9032688458972649,-0.6151609788041534,-0.2257580503417866,0.7095643650289645,0.4325474466672618,0.32354903268845897,0.2378629915406952,0.24208674333954988,0.15684060634626742,0.24418822690437356,0.8419205489802047,0.23641482961322505,0.17829856981570766,0.1280065933863281
GENE_00797,noise,0,0,0.6404269513008672,-0.2204275008754749,-0.3498962458256456,0.4429017993572196,0.2906105663810046,0.8138759172781854,0.418763411266014,0.421199075863376,0.44488301886621434,0.41374849090442906,0.6207227795949911,0.4180412769519787,0.8631552847271208,0.8097018982670126
GENE_00798,noise,0,1,0.4903268845897265,-0.7255338950598109,-0.6679953437631357,0.4173476180521613,0.3738457028425163,0.32421614409606403,0.13533010635157436,0.13421583600303602,0.10752876672794856,0.08349322407470669,0.6039483694799496,0.13442007528174077,0.33398462045282523,0.4069814984878733
GENE_00799,biology_signal,0,1,0.00867244829886591,0.841983978143382,0.2476465576367545,0.4935664451348206,0.1264939175913682,0.3248832555036691,0.3329669921528351,0.3326519082760376,0.27517979910074086,0.26433594306226027,0.33392822854517845,0.3327799949064812,0.15603430325229117,0.10708560309811294
GENE_00800,biology_signal,0,1,0.80920613742495,0.8994071811124743,0.901829806492474,0.3989595092270728,0.7431771697611852,0.3255503669112742,0.5308061824748374,0.5306126955342795,0.6142846430811899,0.41897142268509147,0.33989894115044805,0.5312778712118944,0.2826449191131792,0.21028465119609505
GENE_00801,popularity_only,0,1,0.9192795196797865,0.2047063146274328,-0.847662718085863,0.6831555920119537,0.8744506746930747,0.32621747831887926,0.39479930200919866,0.3953111022360546,0.4555001327916037,0.4761058411558986,0.45614667898381256,0.39400808826221795,0.16800955724995031,0.17507516306428872
GENE_00802,noise,0,1,0.31020680453635757,-0.5281791045610009,-1.500426794139881,0.2420556979203109,0.228585210261493,0.3268845897264843,0.07855845224268944,0.07803847830988508,0.09735062387860535,0.05097018586434658,0.9709903837065683,0.07797832366846698,0.5812428025166161,0.5171653251769947
GENE_00803,biology_signal,0,1,0.5917278185456971,-1.7828276663681455,-1.2682557786221422,0.3343164621157498,0.6013971402817014,0.3275517011340894,0.06922832563000277,0.0675445939094667,0.04690548260566791,0.04232670980715961,0.39853225010314053,0.06846210494082478,0.5687516071299962,0.582065410648608
GENE_00804,biology_signal,0,1,0.31087391594396263,-0.9185924318124268,-1.083407731550252,0.3261894497645884,0.6890108460597792,0.32821881254169444,0.13081055375396286,0.12652016854398943,0.1108799840599863,0.08989676269796777,0.25814176698327584,0.12997541248106964,0.4835037375087276,0.5296931730288631
GENE_00805,noise,0,1,0.7891927951967979,0.4033651204991882,0.1172740847489051,0.3703755898995318,0.7654496704758095,0.32888592394929955,0.3789179781379266,0.37684313364366906,0.4432523703572711,0.3409504218045092,0.9634937739848958,0.3787168345077083,0.3607423097838553,0.4093262094992834
GENE_00806,biology_signal,0,1,0.38358905937291526,-3.5516565158180136,-3.0061132009221057,0.0466115372167363,0.1766651907499175,0.3295530353569046,0.005235299341993087,0.005129948389091811,0.014399759696029949,0.007268773990046743,0.10617107974193629,0.005119168738604198,0.7789586749403857,0.8111305908797032
GENE_00807,noise,0,1,0.7665110073382255,0.1824757943118501,-1.1244279624404747,0.444539457074652,0.4918694636814086,0.33022014676450967,0.21304734927376795,0.21341534839970067,0.1973094678318946,0.14732474306624377,0.5707497201961363,0.21231715694809547,0.23294420587932008,0.17045521212339007
GENE_00808,biology_signal,0,1,0.49099399599733157,-1.7641430714465596,-1.9861868141344707,0.4836686377202179,0.5569502782581461,0.33088725817211473,0.06358251991433599,0.06180794211702584,0.053937355415350226,0.032457979992806425,0.32361525147434533,0.06281750160106345,0.37498736453726067,0.47530552503564955
GENE_00809,noise,0,0,0.9873248832555037,1.127446916619863,-0.0828257069601121,0.2967548741820688,0.9353353590591468,0.8145430286857905,0.7368525154719315,0.7529225213688276,0.7231190398759431,0.8078449992336,0.619756480460445,0.7374637984514963,0.5688820172581942,0.6180008509632814
GENE_00810,biology_signal,0,0,0.5463642428285523,-0.1328659758269013,-0.7017401853462967,0.6732582308836458,0.5359434471277819,0.3315543695797198,0.2796129480380475,0.27647307618392347,0.323592369657957,0.3046120513991466,0.3268089215936467,0.2786020737137649,0.5432894839982562,0.5946713981888049
GENE_00811,noise,0,1,0.5470313542361575,-0.9685026469717644,-0.180727369182973,0.3899230802755909,0.2971838896799968,0.3322214809873249,0.12451188106981873,0.12424995787971477,0.09654999162841149,0.08920541565982316,0.9130749041613953,0.12356906093137103,0.21395380340988107,0.2792509798288064
GENE_00812,noise,0,1,0.5923949299533022,-0.2868085111544853,0.0014701407523845,0.6911573684840792,0.5631238657666978,0.33288859239492996,0.3273590442530472,0.3242024734498247,0.360111418470261,0.3956734545424798,0.9246619514608729,0.326280428338531,0.2671146532233358,0.28274883392237543
GENE_00813,biology_signal,0,0,0.7444963308872582,2.824845107930001,2.117517390833496,0.9315943144500212,0.7145798645406871,0.333555703802535,0.9254689337573958,0.9258415849841122,0.9204349580709644,0.9315624779614425,0.05611440204846563,0.9262031660403961,0.13129599515238446,0.14808440786877247
GENE_00814,noise,0,1,0.5476984656437625,-0.1373377461166882,0.0827131959092326,0.5390372866403442,0.7009080766142713,0.3342228152101401,0.34160197669383285,0.33623464873446923,0.37177901893992255,0.3010242588986065,0.5647323496655112,0.34086154980777256,0.298148073925376,0.1951401143013195
GENE_00815,popularity_only,0,1,0.9546364242828552,-0.56281210375779,0.9199355500720588,0.3206957468689488,0.9075099139191488,0.33488992661774514,0.32333937695195486,0.3280981853785395,0.39908242061031496,0.3893783879040908,0.4855413378268236,0.3223339530032971,0.45889591630504617,0.6200908861272416
GENE_00816,biology_signal,0,0,0.2428285523682455,1.4194835542534638,1.7779236210597276,0.8804201537139305,0.3795040394677348,0.8152101400933957,0.9040947263121768,0.9041484121971967,0.8963971045014468,0.7732298763813027,0.3196877078280186,0.9046550822520524,0.1610727769651419,0.12731810820329847
GENE_00817,biology_signal,0,1,0.09072715143428953,-1.1152088876281387,-1.6336116557708504,0.176049411572237,0.0948437825404163,0.8158772515010007,0.12359747497153022,0.12312384901327715,0.11988099349712195,0.10944530751588351,0.4330055253903504,0.12272598041881294,0.7648516935583497,0.7662834455388854
GENE_00818,biology_signal,0,0,0.5483655770513676,1.6285735458576789,1.8777946552018112,0.6138797414879062,0.6471031318813785,0.33555703802535025,0.7617754618456885,0.7604675407351773,0.8032583559966715,0.7056181863686135,0.1954153754042549,0.7628268563731199,0.042461777587725395,0.056970756900042815
GENE_00819,popularity_only,0,1,0.040693795863909275,-0.7147221508285826,0.253037581986434,0.3329919641068628,0.3982244528602597,0.3362241494329553,0.17119880061469933,0.16777599024185194,0.15010299100136262,0.1423207661419003,0.5228945978190391,0.17033261599372504,0.1771122842110498,0.17991345864217237
GENE_00820,biology_signal,1,1,0.0913942628418946,-0.7478667393059124,-0.1637214079933259,0.2573966225749535,0.5531273294333691,0.8165443629086058,0.37064925841932,0.3639542000696997,0.3785116670857239,0.2567978904042082,0.18969224735302936,0.36993842929596005,0.7310668703465034,0.8117895307139922
GENE_00821,noise,0,1,0.6837891927951968,0.7707248838411038,-0.676914685931387,0.8058192400441361,0.6047107778873637,0.33689126084056037,0.4715222129684249,0.4692843559773533,0.5438698522713095,0.5741094191457274,0.6216232419628945,0.47121935850578195,0.6010302362851527,0.7198126074386287
GENE_00822,popularity_only,0,1,0.9686457638425617,0.0012323820143184,-0.4315028965849313,0.6105612628873837,0.8442226337435192,0.33755837224816543,0.3615114406379765,0.37031900783210114,0.41473859159327336,0.39062909136500273,0.46423085819864984,0.36042962890962965,0.29345815140146503,0.3129657839813904
GENE_00823,biology_signal,0,1,0.5930620413609072,-1.597501236198276,-2.268171265479702,0.1561805676236598,0.4823294965663697,0.3382254836557705,0.03705177206679123,0.03636317583975506,0.038768220545532424,0.029011903850447468,0.38061386117878926,0.0366087301459402,0.4654443676109841,0.5489315464846993
GENE_00824,noise,0,1,0.7124749833222148,0.1549065803772376,-0.1342719699492453,0.3358192006503325,0.6686543326220451,0.3388925950633756,0.28950803106547907,0.2872286809330442,0.26196113244073566,0.25195286117334253,0.9589237593661925,0.28902026477499493,0.5723534603017335,0.6800456676095017
GENE_00825,popularity_only,0,1,0.9573048699132756,0.2591352259562312,-0.0719944993041532,0.644634014780927,0.7888663186719115,0.8172114743162108,0.7074815170292224,0.7149783981613871,0.6768905063727101,0.7645385143068227,0.46765334561226224,0.7074262359838547,0.7775799741847836,0.6148249962674845
GENE_00826,biology_signal,0,0,0.09206137424949967,0.655806608246007,-0.407140629644534,0.4202534379217283,0.4216031055177927,0.8178785857238159,0.5818875135783355,0.5784580144530193,0.6979989415214003,0.5583122824153349,0.34194280151973766,0.5823427262803698,0.5771002962376023,0.5656820928476569
GENE_00827,biology_signal,0,1,0.24349566377585058,-1.393627318180757,-1.874830216136696,0.130144987890415,0.2177261796453347,0.33955970647098066,0.03518555226364404,0.03472005585063576,0.05801719662824252,0.019798985051737317,0.28641775114125223,0.03478189336461542,0.7870667683234716,0.8207550974722506
GENE_00828,noise,0,0,0.24416277518345564,0.7966527456125967,-1.051056205844864,0.7092452170493785,0.767264918791799,0.818545697131421,0.7281081993999095,0.721385789500697,0.7773489843033218,0.5740967847598587,0.718850618934974,0.72865572559217,0.6331835740962123,0.699854277974102
GENE_00829,noise,0,1,0.09272848565710473,-0.2595119731273704,0.8813356665445078,0.5887496701562965,0.1820673429204579,0.3402268178785857,0.28117947998719584,0.2801311854193251,0.2095069787014664,0.18867565685582335,0.805899556281405,0.2801930898357167,0.27861872834317164,0.24144602758395803
GENE_00830,noise,0,1,0.43962641761174115,-1.4584135072022315,0.4732675891677951,0.2397620307291817,0.1062795807500024,0.3408939292861908,0.08032329718992942,0.08068649071102092,0.08295795989484031,0.08887953876781526,0.9017577355426291,0.07954574120607237,0.39168948159635814,0.44056880984032637
GENE_00831,noise,0,1,0.3842561707805203,-1.2652663114772753,-0.1354338986246325,0.8354781412672437,0.5998299725930436,0.34156104069379584,0.2465552859118838,0.24070409279509453,0.27877041890373844,0.3271960145015693,0.6287995382021236,0.2448829019199904,0.8381084895825481,0.9069668948153302
GENE_00832,biology_signal,0,1,0.16877918612408271,-1.817812359117554,-2.171396952020185,0.2528055130401364,0.2625441299553937,0.34222815210140095,0.030628650143837418,0.029972573397581116,0.03778434042647792,0.019692863241841992,0.1613368843632661,0.03021571106268747,0.5390245260397375,0.5724393630144899
GENE_00833,popularity_only,0,1,0.5490326884589727,-0.289885304396575,0.724682145037792,0.4196400950960151,0.2808622658449257,0.342895263509006,0.2380460928047932,0.23881966189063844,0.18500534012643707,0.29539510731250174,0.5136771946228613,0.23715210895999234,0.3106125539437775,0.33426369741095363
GENE_00834,popularity_only,0,1,0.0933955970647098,-1.4640151747756742,-1.540343877687168,0.4404038730043808,0.1136511474831993,0.34356237491661107,0.05242463237781651,0.05181633672554173,0.056529551543464555,0.040543132636492625,0.5256631550550309,0.051798203399506304,0.5939214442158124,0.5351353443574682
GENE_00835,noise,0,0,0.6410940627084724,0.5340373555183846,0.9748561696261432,0.5830246078339673,0.7078175756756825,0.819212808539026,0.7897873569842508,0.7880731507723817,0.7698832710247177,0.8732530630969483,0.8247298367604979,0.7903325520150074,0.5613464609297635,0.5586988257587798
GENE_00836,noise,0,1,0.9299533022014677,-1.034277186750444,0.9042093787458512,0.6609051547299107,0.403909053598332,0.8198799199466311,0.5129304575841235,0.5226021263206679,0.5460294948575657,0.37662072715318257,0.9288795847751796,0.5114386370235808,0.5458901743479118,0.6035269723057022
GENE_00837,noise,0,1,0.6417611741160774,-0.2921705874640347,0.3796294922587114,0.402649906986349,0.7824682605191531,0.3442294863242161,0.32140779472780673,0.3161230218519103,0.29661440357520363,0.2786111107985435,0.9670424831150604,0.3207084246462645,0.5607511204440097,0.6315589753994847
GENE_00838,noise,0,0,0.828552368245497,0.2744895117819284,-0.3816784016149668,0.8353953675183264,0.8175465688423597,0.34489659773182124,0.4913194686892189,0.4885059872160715,0.49828284330552003,0.5460746966344968,0.8202106004729621,0.4906954340976348,0.6348941899434027,0.5742929670409759
GENE_00839,biology_signal,1,1,0.7131420947298199,1.6491113485949438,0.3365342922346745,0.5339042973545736,0.3465948223293167,0.8205470313542361,0.7824409923638246,0.7861721912350423,0.8094841263984236,0.8702985335578488,0.046630160261320386,0.783414807306214,0.38350155932879615,0.3181294324030374
GENE_00840,noise,1,1,0.38492328218812544,0.8378032870138726,0.2086209878849823,0.3670670540501108,0.5833638744455775,0.8212141427618412,0.6849640536849559,0.6821716515933293,0.7403765191007243,0.641032737916683,0.7978773193886518,0.6857924572667904,0.30574642248915257,0.28025235969734763
GENE_00841,popularity_only,0,1,0.2448298865910607,-0.1759828832919361,-1.3749745968100564,0.6924973819021443,0.4556059290018105,0.8218812541694464,0.46950926055316133,0.46466537449324197,0.6370538784544885,0.398318154400088,0.5214844910244363,0.4687446822390367,0.7343980827685441,0.7978887838007095
GENE_00842,biology_signal,0,1,0.3855903935957305,-0.77905053105219,-0.1750881958447078,0.6243283823213072,0.2870210790203217,0.8225483655770514,0.4164217016962602,0.4153977703256125,0.38833229723358886,0.44006826018426504,0.005130890896429929,0.41517442333562454,0.5564777740651473,0.6346100927135416
GENE_00843,noise,0,1,0.24549699799866578,-0.0061499411868464,0.3940689585637882,0.7602400015880727,0.2836123530364837,0.3455637091394263,0.35294322351505264,0.3511908524854169,0.35641796952619204,0.36750686969265184,0.5639821158861262,0.35197429370490513,0.1311009469968981,0.13881125105395
GENE_00844,popularity_only,0,1,0.1694462975316878,-0.2667751636591567,0.2213894221738783,0.5188756789434118,0.4101501680254149,0.34623082054703136,0.2623081234911259,0.2586518329101578,0.2169370946704785,0.29913119516806325,0.4516171652737857,0.26142342887676556,0.07935082901537747,0.08369667069897653
GENE_00845,noise,0,1,0.24616410940627084,-0.7680950961005263,0.0155300617999951,0.4259859587033661,0.6198168160962338,0.3468979319546364,0.21126489214872246,0.20581148406215063,0.17788227610087706,0.17686931208712278,0.8952037168794817,0.2102763934530654,0.3025246865100011,0.3091671492318675
GENE_00846,noise,0,0,0.4916611074049366,0.3427989118031006,0.2186014051812195,0.4188279217328756,0.8864253286091665,0.8232154769846565,0.7096286183977905,0.7032550797958339,0.6934103215548763,0.7282623609445775,0.6217162241426942,0.7102202002625269,0.7222918850817426,0.7170208687047538
GENE_00847,noise,0,1,0.5937291527685123,0.2959012935971116,-0.3413136952065589,0.504488377853463,0.567814644979366,0.3475650433622415,0.3198698056043677,0.3173274430138692,0.33325926335879785,0.32058122528942257,0.6516974232059267,0.31932810129840117,0.4055153375769361,0.2644324075226723
GENE_00848,noise,0,0,0.38625750500333556,0.9184560354847976,-0.0500446871285941,0.5412721415439163,0.427065872862171,0.8238825883922615,0.6901116371102396,0.689328353002018,0.7913034384594977,0.6785776949576771,0.9546836970717881,0.6907475130076022,0.2934412838172491,0.2118178722647
GENE_00849,noise,0,1,0.009339559706470981,-0.2738820974298493,-0.8708718447584745,0.4240951055666627,0.1156896445765471,0.3482321547698466,0.12767973311553765,0.12668017529816622,0.13187128043524873,0.08899020525577404,0.7793059465018041,0.12693115881250547,0.3135827841484477,0.2523409780297972
GENE_00850,popularity_only,0,1,0.9633088725817212,0.4442194821579527,0.3177927411295459,0.5315361002496614,0.8004392032097902,0.34889926617745165,0.45787467449590585,0.46743134414537085,0.5664448385945237,0.47184429582159915,0.530676826035291,0.4574034380932727,0.40351694989046477,0.5358029189085872
GENE_00851,popularity_only,0,1,0.8098732488325551,0.2576844346765842,0.7210522247906843,0.3905172934498013,0.5556783211316445,0.3495663775850567,0.3612415077044606,0.3629779908239042,0.3257143722788394,0.34271035397068106,0.5129638580786433,0.36081550906402426,0.17779891493092798,0.13947507203714532
GENE_00852,noise,0,1,0.4402935290193462,0.565867624652838,-0.0545966683795361,0.4657570951184722,0.4543520957144422,0.8245496997998666,0.6226474822379962,0.6215260648267695,0.7166087808315528,0.6128355104883983,0.7451197120369596,0.6230309830614281,0.5610484144928669,0.4913553630993771
GENE_00853,biology_signal,0,1,0.4409606404269513,-2.035306435386957,-1.3676131002087426,0.4212235571230699,0.4468683041922223,0.35023348899266177,0.055316224114868966,0.054019142821828035,0.04079114962579181,0.029335936859615153,0.32954740032271224,0.054601874795519714,0.42040418730110235,0.5375850977663947
GENE_00854,biology_signal,1,1,0.3869246164109406,1.078164642817554,0.7904481491306488,0.5528538638956507,0.616669694382597,0.8252168112074717,0.8104456485131434,0.8084252701949721,0.8318838086013689,0.8321948399509688,0.4497458317624906,0.8112682918744456,0.5202657178879476,0.4917852562563748
GENE_00855,noise,0,1,0.4416277518345564,0.6276031805017144,0.5215440709444644,0.7106160993124395,0.4917646139240121,0.3509006004002668,0.49878417339983744,0.49615389259066267,0.6319147380852314,0.5941447009293368,0.7730917757772866,0.4986327690338429,0.13710532380991497,0.1481400152241515
GENE_00856,noise,0,1,0.09406270847231488,-1.5550559739791452,-0.9705037702884264,0.3133292180266417,0.0679059128864234,0.35156771180787194,0.0487363232085164,0.04836509434882172,0.05593411954872594,0.04009620492331158,0.8381777488357369,0.04816081006665489,0.20412542522762095,0.2189263739318569
GENE_00857,biology_signal,1,1,0.9246164109406271,0.3558567449103877,1.5643900139404918,0.6817416396070607,0.732374952437365,0.352234823215477,0.6016958574790328,0.6064864444683586,0.6037319096063234,0.6270609734190973,0.09789281313667919,0.6015062994333567,0.27215765153753246,0.32730199901057616
GENE_00858,biology_signal,0,1,0.44229486324216144,-4.86057461436743,-5.010670246161935,0.0606244161120288,0.2826950800165144,0.35290193462308206,0.0012591406904701337,0.0012138005137651401,0.00789535751877451,0.005589261058580462,0.16356006607739593,0.0012221226386213892,0.927888473941816,0.8649342532475562
GENE_00859,noise,0,1,0.09472981987991995,0.4368254640732905,0.1264396012691118,0.7270449559883996,0.2974293781102473,0.3535690460306871,0.38668972951199054,0.3840297015009855,0.41860942420005537,0.38928498997786615,0.7658382149166406,0.38611882085856974,0.4358940956509782,0.39885833482249233
GENE_00860,biology_signal,0,1,0.980653769179453,0.3150913496608027,-0.4799058337267205,0.4352630184169396,0.8613140365138611,0.3542361574382922,0.344631586577815,0.3571070173309903,0.4537040884739255,0.38141338877222225,0.0867427718656204,0.3438402694303294,0.3052258766424038,0.3088596406196077
GENE_00861,noise,0,1,0.24683122081387593,-0.4530213064883509,-0.569328442321491,0.5542257795236544,0.1816090143615776,0.3549032688458973,0.15936088247214167,0.1586945080403878,0.1417864530154681,0.10521538645039377,0.6243581492823911,0.15838189774535666,0.1999519535429944,0.1882965613484059
GENE_00862,noise,0,1,0.4923282188125417,0.2352887256189983,0.2059609643316386,0.8150451163259628,0.552136537119963,0.35557038025350235,0.46288371560901626,0.4590649528985067,0.5879482321735049,0.5791212144279402,0.6716863322439526,0.46224701526302187,0.4116494177396688,0.4672614287259662
GENE_00863,noise,0,1,0.5496997998665777,0.359539790627542,0.8780811604622647,0.4552087368075957,0.4273843508016834,0.8258839226150767,0.6628159465243018,0.6633979694836086,0.6604416333494018,0.7292592184109312,0.6052266833467809,0.6631546221340787,0.23712648352818802,0.20849528853823496
GENE_00864,noise,0,1,0.49299533022014674,1.465442754595244,-0.3797104172357676,0.6088863374349122,0.3398935765362413,0.3562374916611074,0.461941829385352,0.462985334086113,0.4903784470232409,0.4830036795909737,0.8519274307048431,0.4622975791997734,0.11410474704601552,0.10308606682330614
GENE_00865,noise,0,1,0.3115410273515677,-0.0100817673676278,-1.148312001899816,0.31090564281684,0.1064629568644928,0.35690460306871247,0.11412883712021614,0.1145320974630832,0.12636887025325944,0.09882311459148911,0.9500236265476348,0.11351436187119493,0.1745487923916347,0.18892692210093084
GENE_00866,biology_signal,0,1,0.7451634422948632,-0.6787449521703278,-0.9724001567266678,0.4523758928327396,0.4597834089691753,0.3575717144763175,0.1412500768304971,0.14098194931224,0.11110043214586797,0.0902566850075628,0.13664229188703825,0.14028672732432124,0.2994556591660571,0.21631795873927295
GENE_00867,noise,0,0,0.49366244162775186,0.4283501095894114,-1.385261432951385,0.3679221036983412,0.4802051020516251,0.35823882588392264,0.20391624225675142,0.20200523887220814,0.19205747195310363,0.17646523958709392,0.992881496372957,0.20341362993525516,0.559859672793845,0.4072645256583381
GENE_00868,noise,0,0,0.5943962641761175,0.2532552897070212,0.7052314658216342,0.3443502444482471,0.3610633556949774,0.8265510340226818,0.5758313345585957,0.577921983648698,0.5537350635077393,0.6273490270723912,0.8360967493351364,0.5759987917488635,0.21011955425793422,0.1984243544374074
GENE_00869,noise,0,0,0.3122081387591728,-0.2686742352787382,-0.015415650922822,0.7475078354870306,0.6890796254245017,0.3589059372915277,0.3828170752273851,0.3748461658008712,0.5013069224645105,0.3843355714234635,0.8773851029184105,0.38185735123155473,0.5601379738119874,0.7255277501421885
GENE_00870,noise,0,1,0.5950633755837225,-2.04002668574552,0.0176527272723416,0.550461083419604,0.2243972751157002,0.35957304869913276,0.08381648511341172,0.08371980996767299,0.0597498627893084,0.07121256465059665,0.6040132301919688,0.08277418196843295,0.5284202524046012,0.5179872931554518
GENE_00871,noise,0,1,0.31287525016677786,0.027902664089072,0.8780480696528511,0.6289301368578706,0.3462775993718544,0.3602401601067378,0.37244593813956894,0.37065483622833467,0.3422283061574753,0.4608419928820217,0.6282446950304706,0.37170199135235227,0.33747225528675145,0.41746536889119695
GENE_00872,biology_signal,0,1,0.5503669112741828,2.366181347901095,1.3887457204937723,0.7250955798009117,0.3144677072294099,0.3609072715143429,0.7705192163920377,0.7734387156530889,0.8602817146242965,0.7948096956994987,0.39631811318206134,0.7717213502841946,0.030397304103139837,0.027291196440694304
GENE_00873,biology_signal,0,1,0.6844563042028019,0.9230759785691194,0.2813881849482156,0.5205375263671344,0.4487794811195959,0.361574382921948,0.43810672832041714,0.43938223817205063,0.4656771912115817,0.5100520951853322,0.049944023403770244,0.43815039958323904,0.07356624044534801,0.049856804870873905
GENE_00874,noise,0,1,0.4943295530353569,-0.1385144402297302,0.7624085949431848,0.29220620454388,0.3324893260262753,0.36224149432955305,0.23537536616425034,0.2353834249225031,0.19374363041661946,0.2812665154713781,0.6027782959018152,0.23469610059952947,0.31207244273412516,0.25262849745133437
GENE_00875,noise,0,0,0.6851234156104069,0.6350852122677978,0.3027036167718184,0.648192441703932,0.5365395138639436,0.8272181454302868,0.7361966493359465,0.7365272286478927,0.7791300203354551,0.8178826486396967,0.9773425970586666,0.7366039116480381,0.5348954045722738,0.6613094065026659
GENE_00876,biology_signal,0,1,0.7671781187458305,-2.12282679144857,-3.505175780209668,0.2080058515727221,0.2726146013263655,0.3629086057371581,0.014358433893916557,0.014349832040027242,0.036989609290467386,0.020370689193211017,0.16533870592775757,0.01411500629845761,0.7520228900761123,0.8434400424925695
GENE_00877,noise,0,0,0.17011340893929286,0.8859152509372246,0.4827605113263473,0.6227065900219309,0.3190848396535568,0.8278852568378919,0.7276418483222007,0.7271147718681517,0.781202777329067,0.6981549198496467,0.6676152367702051,0.7282350256725814,0.6189806021911861,0.7133934245411133
GENE_00878,noise,0,1,0.494996664442962,0.2618137394207429,-0.3211388007887568,0.3585467100805669,0.6473172950708284,0.36357571714476317,0.2925713458488586,0.28825950734872935,0.2610346381661183,0.28424338665309157,0.796466144966066,0.2921713227237341,0.12766883136099424,0.12916761992414605
GENE_00879,biology_signal,0,1,0.7678452301534356,-1.305537128302408,-2.1584369518821016,0.0650264435127704,0.3574653935305705,0.828552368245497,0.10313056153022697,0.10369314035655225,0.09277289344327284,0.07184661004903026,0.008242460727482692,0.10230784243792174,0.755062423001346,0.6350637045179673
GENE_00880,noise,0,0,0.8945963975983989,-0.0729698117604569,-0.8868509882074831,0.8195632823810668,0.5634824000046579,0.3642428285523682,0.31699911531556846,0.3199030457666228,0.23526551862552536,0.3793558148607211,0.9493983861247032,0.3157197877915453,0.7528847484680358,0.8077963052896329
GENE_00881,noise,0,1,0.09539693128752502,-1.627953617435219,-1.3107331107089562,0.4371558043208077,0.141003935051444,0.829219479653102,0.15153114458098624,0.1502157278591761,0.09147030421928308,0.19420353626492934,0.793872411726409,0.15023870466834585,0.8225452220418326,0.7615875925707151
GENE_00882,noise,1,1,0.247498332221481,0.2525841456961464,0.2382168559967293,0.3990342768017423,0.7096674893812754,0.36490993995997334,0.3688074666607659,0.3612031266436575,0.33474595694385634,0.37022445757838457,0.6220641680818602,0.3685938153500122,0.5640895405307933,0.6337608239268696
GENE_00883,biology_signal,0,0,0.971314209472982,3.335541832211342,4.348417540709194,0.9618514501667428,0.8416949111159516,0.8298865910607072,0.9930838227162205,0.9935618166073255,0.9374698729992677,0.9583145114515919,0.34593693971009876,0.9931993250286211,0.10505282780800215,0.1759577382987418
GENE_00884,noise,0,1,0.7138092061374249,-1.0316768612454643,-0.3677616717568069,0.5939508914204511,0.3135396907352605,0.3655770513675784,0.14737650462498866,0.14788011600740952,0.11911327454225015,0.13707968405427864,0.8101462122414109,0.14617268622129545,0.3895269856480383,0.36613522502129336
GENE_00885,popularity_only,0,1,0.8105403602401601,-1.396678611660158,-0.4403547537281849,0.2813017131496193,0.3171772462939363,0.36624416277518346,0.07830224820806535,0.07915836602097887,0.05473605817631441,0.07168049927821774,0.48703881012464134,0.07751004917920096,0.6893898280113471,0.7773145907328021
GENE_00886,noise,0,0,0.71447631754503,-0.0663642648588843,-0.3350215934378102,0.6377600410566147,0.4109262336315858,0.3669112741827885,0.274775830114777,0.27532385536161025,0.2693647255933084,0.3354881241679645,0.6327706719393793,0.2737617530237464,0.39278213688947283,0.3485074126254353
GENE_00887,biology_signal,0,1,0.8112074716477652,-0.4525362862292663,-0.4632487533256696,0.2307798237063949,0.6159160983020564,0.8305537024683122,0.3869259690053436,0.3873528406073965,0.38847840000992584,0.30590277705159935,0.412159431526802,0.3862821914722254,0.42177439766250724,0.5555519189309556
GENE_00888,noise,0,1,0.49566377585056703,0.4775069181760318,-0.2268700559082292,0.4404285245775461,0.3154453973328991,0.3675783855903936,0.27341556197292805,0.2737189757667793,0.2254752089726936,0.27550804983750127,0.9718574697102789,0.2729217364826869,0.14608199891936002,0.12041362691446274
GENE_00889,noise,0,1,0.715143428952635,0.5059819580729081,-0.4711775099808212,0.6961116423781285,0.7252240278375685,0.3682454969979987,0.4447217013573761,0.4410168584983491,0.551384341106072,0.46398340885793554,0.8820554534352535,0.4443509075035329,0.19389522079373608,0.19158213044066297
GENE_00890,noise,0,0,0.9199466310873916,0.5979822850273815,-0.3420817776122465,0.4164088212933979,0.845642339321407,0.8312208138759173,0.67874699016005,0.6814390918256074,0.693692891825802,0.8181388451192211,0.7575179867048776,0.6792012830011489,0.5030638223652899,0.5237122179452506
GENE_00891,biology_signal,0,1,0.09606404269513008,-1.0124663315448776,-1.5227123989265166,0.1731637544144486,0.1695176212356296,0.8318879252835224,0.1453610061717966,0.1443234118606854,0.13242919529625735,0.11557632434430287,0.002048061726443784,0.14447104526433285,0.7686512310556602,0.6591663287052376
GENE_00892,noise,0,1,0.5510340226817878,-0.295244312877587,-0.6825845600571346,0.2636565580333398,0.3801565494251904,0.36891260840560375,0.14046893606637115,0.1398774117146172,0.11937329179432088,0.09117386163316397,0.5608798016934329,0.13977113986818704,0.30992163337653245,0.27877848341877604
GENE_00893,biology_signal,0,1,0.17078052034689792,0.2041438800068615,-0.6430654743895174,0.421601793624704,0.0829364950828728,0.3695797198132088,0.16970074999882148,0.17011274105109195,0.16039484324753167,0.13689277095279442,0.35474348467660966,0.1690281443512023,0.3768429796990225,0.432603233369678
GENE_00894,biology_signal,0,0,0.4429619746497665,2.0957872342933426,3.425382142723528,0.8643425796793611,0.8322310479729493,0.37024683122081387,0.9319946613454372,0.9308176109685508,0.808676741834081,0.8989306540357231,0.1508930634795791,0.9326265997478032,0.0784753648248283,0.1113002603749928
GENE_00895,noise,0,0,0.685790527018012,-0.379333890057318,-0.275797145950151,0.5834764859733912,0.6326507496519186,0.8325550366911274,0.5490362750592266,0.5463156347754032,0.6485710116106924,0.5969925914091628,0.9945680738644546,0.5484594298808393,0.45623154107203473,0.39545834347684566
GENE_00896,popularity_only,0,1,0.9826551034022681,-0.3025836007608309,-1.9309619010265504,0.6497302151659797,0.8467836418735895,0.3709139426284189,0.21661063438337197,0.22569273288857025,0.3019081224456602,0.2960152266747162,0.5346986979894877,0.21522646904165227,0.38169102549253847,0.5705784799452677
GENE_00897,noise,0,0,0.8438959306204136,0.95750075700113,0.0317169646734192,0.6530697952613108,0.741307626239895,0.8332221480987325,0.7941287193076491,0.7949909661346447,0.7562032216087797,0.859055162110367,0.5635853514393274,0.7947243781280218,0.6333651512756957,0.6602680791900902
GENE_00898,biology_signal,0,1,0.24816544362908605,-0.8658290303238794,-1.685077070867033,0.2102380570055693,0.1739102829518026,0.37158105403602404,0.054806533833201734,0.054391932583452235,0.08078228757071695,0.037870486102544454,0.024769368301763683,0.054300518419411636,0.32368796193191535,0.25203216226559155
GENE_00899,biology_signal,0,1,0.04136090727151434,-2.6603559617156347,-2.85202981195561,0.0578721029051283,0.4716496887031053,0.3722481654436291,0.013782517337220588,0.01317568655207235,0.023297240792835388,0.009902190980492175,0.3315293730314153,0.013553393282784282,0.46363026774457117,0.5072480120681422
GENE_00900,noise,0,1,0.7158105403602402,-0.3027635060057531,0.8131471079549011,0.6750677157546112,0.6426059652425106,0.37291527685123416,0.4107280449566204,0.408100449743163,0.45058896755252215,0.4900667528328329,0.582917655320636,0.4097791650922479,0.24709831861243187,0.19679652170846926
GENE_00901,noise,0,0,0.895263509006004,0.8737918183225413,-0.01746960272569,0.4617879104100721,0.6085574505281107,0.8338892595063375,0.6986940495417497,0.7035075781019514,0.7066485787129538,0.7361929709077976,0.9319319641176037,0.6992588669523789,0.7796567870159333,0.7580775455310597
GENE_00902,noise,0,0,0.9499666444296198,-1.1653559375360758,-1.148929170264574,0.2278024049696957,0.7175887131579696,0.8345563709139426,0.2527279416600521,0.25763509313999217,0.33606602523224166,0.3787376208779717,0.8422642116057054,0.2514049709734478,0.8554888419735772,0.653212224322502
GENE_00903,biology_signal,0,1,0.042028018679119414,-0.0844748558692483,0.1271526672226435,0.0988941337030229,0.2569683714124939,0.3735823882588392,0.1497733483570559,0.1483383392536834,0.19688555731261378,0.1915758393718067,0.10016165551964284,0.14928441780488885,0.2616598311381321,0.26159821194075367
GENE_00904,popularity_only,0,1,0.5517011340893929,-2.158281192108891,-0.2110430712067806,0.5979816667127249,0.6579541205427463,0.3742494996664443,0.12117463894911958,0.11772613747372154,0.11883740479258459,0.07441894706572516,0.45952759110114993,0.11984957722127365,0.5786197914998543,0.7076033884020803
GENE_00905,biology_signal,0,0,0.5957304869913276,0.2034591046264897,-0.0618906038324593,0.8061811062304336,0.8248402198877677,0.8352234823215477,0.7660444125485709,0.7615168600952998,0.7265488685152619,0.7551259048876794,0.017260110128591744,0.7662290462085953,0.9025348256081399,0.8574097124829457
GENE_00906,biology_signal,0,0,0.686457638425617,2.384745006621388,2.286386976845701,0.8934558856235398,0.5361281899471289,0.3749166110740494,0.8864369360414033,0.8875028868865922,0.9137732256953329,0.9193252514798119,0.13875963209110342,0.8872787207998363,0.058423140624202244,0.057248565329639255
GENE_00907,noise,0,1,0.3875917278185457,1.445971796433615,0.0680274877031739,0.6882092084515017,0.6348696677755363,0.8358905937291528,0.8352555565077026,0.8332471236175477,0.8622488817805032,0.8123255677707361,0.7220380337195552,0.8360866366740833,0.6760576015254623,0.7154765797338306
GENE_00908,noise,0,1,0.44362908605737156,-1.877538094048505,0.8259222589300066,0.3551343257698238,0.3354239348247547,0.37558372248165445,0.1059455499574798,0.10484492248688274,0.0917305155541129,0.08585140165647548,0.9522592617842172,0.10489432360592976,0.6391451911183879,0.767883375484082
GENE_00909,biology_signal,0,0,0.895930620413609,2.0401164801861307,2.6777820146752105,0.980459601011316,0.8360867531867092,0.3762508338892595,0.9195667796474474,0.9206541344539568,0.860184510288257,0.9334500580420874,0.390324786497698,0.9201454121548985,0.14598484080868712,0.09335835525492324
GENE_00910,noise,0,1,0.09673115410273515,0.3640152521938513,-0.9753306584826212,0.391410531807738,0.4533905476603761,0.8365577051367579,0.48241486072664563,0.47769629761601723,0.6165046164222676,0.35815481007391764,0.9325682152936219,0.48246586075096637,0.710746277946631,0.8020400762455611
GENE_00911,noise,0,0,0.3135423615743829,-0.9095722034011272,-0.2132479941741132,0.7884107015173641,0.2991086057440318,0.8372248165443629,0.45533884158169163,0.45320062573316844,0.4775119074746461,0.49256187820290387,0.9250681646612948,0.4538875335175796,0.7663364828346383,0.7482535252351605
GENE_00912,biology_signal,0,1,0.8445630420280187,0.633673915337617,0.4328719511086044,0.6767815416997796,0.3927773563599386,0.837891927951968,0.7180698599447667,0.7234814134889328,0.7516670788934021,0.7921738413760266,0.38024161693822556,0.7182981114999948,0.4707945481093165,0.4677051281135976
GENE_00913,biology_signal,0,1,0.5963975983989326,2.458876114858752,2.104948734040839,0.6874132586346748,0.7290610484583309,0.8385590393595731,0.9577057421028572,0.9576469807399038,0.9338489289283962,0.9309239985326919,0.21307569996003772,0.9582173442911244,0.05609784733673303,0.09371819846772265
GENE_00914,biology_signal,0,1,0.171447631754503,-2.4532284624536103,-3.1080320791123803,0.2598940266222685,0.343686862100275,0.37691794529686456,0.016319604229926125,0.01579583781229684,0.02083832656842697,0.01454665046048768,0.0020351772056387274,0.0160432614579733,0.7817435905790693,0.8174545874354735
GENE_00915,biology_signal,0,1,0.09739826551034023,-2.420434370990556,-2.8750502069530426,0.1484949050872008,0.3786202307550512,0.8392261507671781,0.04975543487321126,0.04824588551519932,0.04706157097345967,0.037691651241514856,0.30577827765690535,0.04911300083942065,0.8593912263426486,0.8868298181027862
GENE_00916,noise,0,0,0.24883255503669113,0.2825770974308355,-1.1020513224755346,0.5026138328262817,0.2927619157891418,0.3775850567044696,0.2047733955260801,0.20325996446807923,0.19536813542081374,0.18419023288336553,0.6782751178865558,0.20409182742125676,0.16122148818276003,0.16884626848520354
GENE_00917,noise,0,1,0.2494996664442962,0.9207796110099514,0.1772383081163714,0.4703246742480265,0.4218287892759378,0.37825216811207474,0.40723057752395814,0.404546729920698,0.3957093876794769,0.4864943131026704,0.5583947547240555,0.4073519827892706,0.24576215882544947,0.23685897355916324
GENE_00918,popularity_only,0,1,0.6424282855236825,0.4783200439803681,-0.5120648024105885,0.2379844038011572,0.349273723512675,0.8398932621747832,0.4535982513668611,0.45614902082389547,0.4889384523470075,0.379232834534367,0.49072166892776214,0.4536958579841,0.5145540006760407,0.6819726281181961
GENE_00919,biology_signal,0,0,0.5970647098065377,1.9670680536451013,1.8727459543687657,0.7346341848998648,0.6496430263094295,0.8405603735823882,0.937301796004803,0.9373221371261352,0.9214826026045217,0.9336221563732079,0.13251426523845178,0.9378835685989302,0.3596176472424633,0.47744712703297987
GENE_00920,biology_signal,0,1,0.0980653769179453,-0.3709179279649829,-0.4419547225648665,0.6225121323799899,0.4157810587724678,0.3789192795196798,0.2330563104946451,0.2287789579094217,0.21696384880466138,0.2809856471439425,0.24230705725838575,0.2320233438446507,0.3938822647669386,0.4274633760311347
GENE_00921,noise,0,1,0.5977318212141428,-0.2251776963192625,-0.3110299484195878,0.7275407790383028,0.7342137609807098,0.37958639092728486,0.3656541592311886,0.35965818652380177,0.43500647241603435,0.3158119696208892,0.8179774778475041,0.36466365839891246,0.23362897053475,0.3035196482439661
GENE_00922,biology_signal,0,1,0.09873248832555037,-2.299534617640664,-3.8886601251496575,0.0601907803918427,0.1855053560188121,0.3802535023348899,0.008422023599007093,0.008211756633393562,0.027939191446428334,0.011511641762486369,0.023979846874979227,0.008274033003465537,0.8351105173828821,0.9050179178472719
GENE_00923,biology_signal,0,0,0.7685123415610406,0.688098220305417,0.7013773229642756,0.5022575625249993,0.2863709522393299,0.8412274849899933,0.6691515187082965,0.6749529117857798,0.7083600536532616,0.7769362307969327,0.1162538657444242,0.6695221899080147,0.2967740193025083,0.22321999884665927
GENE_00924,noise,0,1,0.8452301534356238,0.0355521845846661,-0.6826702981075987,0.6345178117077483,0.805255655474597,0.380920613742495,0.35353483102039246,0.3513773097908241,0.4164567824176572,0.3327758079444592,0.8207590510068672,0.35269820404736074,0.6956279169226273,0.658345848200173
GENE_00925,noise,0,1,0.7691794529686458,0.1239997503688339,-0.3107911737926051,0.3358073324386498,0.5387780220745336,0.3815877251501001,0.24272787381346678,0.2429443606052935,0.1939456240532074,0.18362788196369487,0.7669096836424623,0.24210628337331883,0.1988902720128277,0.16705481125803753
GENE_00926,noise,0,0,0.44429619746497667,0.1151488019516456,-0.8873979092413081,0.7873656424284673,0.7913804831922939,0.8418945963975984,0.6812825456428316,0.674289611493248,0.7199288255863499,0.5867249759315274,0.8979853436924609,0.6812483056526621,0.674241780092971,0.6400474947238304
GENE_00927,biology_signal,0,0,0.7164776517678453,2.5674300354820536,2.0545148196690515,0.7608085476758728,0.6254997973893944,0.38225483655770515,0.8796029398514951,0.8804505206435013,0.9073328748956677,0.8803503631414726,0.2881815689604652,0.8805995026938785,0.060067233383282195,0.07005539679258163
GENE_00928,biology_signal,0,1,0.5983989326217478,0.2195943005480378,0.5769080704709968,0.5583214807736178,0.8190283634031424,0.3829219479653102,0.478374741839348,0.4718059668550817,0.5675075603354274,0.4059114120037624,0.3625420765604055,0.4781708212668875,0.25742786055182604,0.2945498181704574
GENE_00929,noise,0,1,0.44496330887258173,-0.6290832980829835,-0.1584882656287309,0.4441807952780228,0.7146132621737301,0.38358905937291526,0.2371065920465444,0.23133972853343446,0.2057769336717511,0.17770463447279058,0.9399004732771119,0.23614407474272234,0.627231857059459,0.48211930329486713
GENE_00930,noise,0,0,0.552368245496998,0.1199475840374801,0.3941971056190435,0.7003667242424881,0.439204859281966,0.8425617078052035,0.6709759129405659,0.670652188690173,0.7341397529344521,0.7068348095834309,0.7351206385769001,0.6709051372096797,0.5894041337270504,0.718244382698987
GENE_00931,noise,0,0,0.4963308872581721,-0.4531759781481599,0.8659619195818333,0.6972908348131899,0.8462166152403398,0.8432288192128086,0.7316980234170561,0.7253985850076071,0.7298412515988196,0.810486627633821,0.7457331156394039,0.7316168648139432,0.5751239746381628,0.6423358234560512
GENE_00932,noise,0,0,0.9553035356904603,1.1798677404735474,-0.1928549321799037,0.661157213202555,0.7726576872825337,0.3842561707805203,0.5633498161912652,0.5721119735903555,0.6578157536376932,0.674660079478713,0.5741949067650838,0.5634911846527907,0.31849308710997654,0.2360117293821123
GENE_00933,noise,0,1,0.5990660440293529,0.2420106570428563,0.1176043056147965,0.5985495984092295,0.4034491954769112,0.38492328218812544,0.3391921530581229,0.3390424127928535,0.34051733531065753,0.44513464317785817,0.8861449785799063,0.3384997817761382,0.18352499705694034,0.1483334576817806
GENE_00934,biology_signal,0,1,0.2501667778519013,-0.0585411401187321,1.1628009437626106,0.6773649307391261,0.6633441675366951,0.8438959306204136,0.7557370441632801,0.7508691957327011,0.7576281826750217,0.8190396096914581,0.21989578503743323,0.7559322248285669,0.3889442723736172,0.42036592307980253
GENE_00935,biology_signal,0,0,0.4969979986657772,1.6543374104353623,1.6209767577004008,0.7506552819683839,0.3880629660975507,0.3855903935957305,0.7277028330617599,0.7289459698229768,0.8374773818205099,0.7941674531590742,0.21603384295728056,0.7285674947887923,0.02998789198968892,0.0357352246079076
GENE_00936,biology_signal,0,0,0.4456304202801868,1.2803507474271965,1.3881386306477994,0.7788745251976791,0.7332476378802668,0.8445630420280187,0.9057957219802947,0.9043593402315299,0.8732068099922946,0.9065799500971847,0.3819955486411326,0.9063901552354254,0.24384473241555354,0.4046140096387121
GENE_00937,biology_signal,0,1,0.314209472981988,-0.2026508864521724,-0.3560176793427597,0.4901341485362212,0.0983949483232459,0.38625750500333556,0.1654700477775883,0.16611870421944003,0.14857892760541686,0.11784412399267324,0.20257963519569255,0.16459285384233321,0.16775057751487693,0.1750960710257843
GENE_00938,noise,0,1,0.04269513008672448,-0.8873442389025106,-0.2708956194922884,0.4419723318420116,0.3395018618736777,0.8452301534356238,0.34684875323644154,0.34256640349349093,0.24997369492154373,0.32800693103543105,0.5711516144945813,0.34573983152876414,0.46476595155795425,0.6284457559424819
GENE_00939,biology_signal,0,1,0.17211474316210806,0.4510426069121201,1.1071727093710342,0.5390633029324995,0.169817489048094,0.3869246164109406,0.37710081996371136,0.3776453802851172,0.3032130461567343,0.34190298438200556,0.29772621283999257,0.37671149103932555,0.2337038939751664,0.1825459936861816
GENE_00940,noise,0,0,0.8118745830553702,0.8378455582650587,0.0232389538130238,0.5707012630081132,0.8563848304424361,0.3875917278185457,0.5327322045096976,0.5299680935751201,0.6974712613941793,0.5497108250638719,0.6055364469310979,0.5329684167639293,0.2316733858731661,0.3072906634106075
GENE_00941,noise,0,1,0.44629753168779185,-0.8391602451224316,-0.1976403005440347,0.5475266724513168,0.5224695638990564,0.3882588392261508,0.2002059948452907,0.19680865291641308,0.1647985145184998,0.18523893092305033,0.8139134565911179,0.19904630850611954,0.2494198796599313,0.26656777186765435
GENE_00942,biology_signal,0,0,0.25083388925950634,2.857464498222788,2.307041932033524,0.9237891162519852,0.3061070056585679,0.8458972648432288,0.9648231709433208,0.9652967090996509,0.957712321387773,0.8977465670044729,0.19066097513800362,0.9652547647719001,0.25391908245985206,0.3103588540875264
GENE_00943,noise,0,0,0.3882588392261508,1.0010517334147235,-0.1691956338580171,0.7515164012775554,0.6767363454871433,0.8465643762508339,0.8018806247921317,0.7986247702734851,0.8211338945897261,0.7753815793759125,0.7104417487578406,0.802514455454023,0.5292630496399995,0.4677450668678722
GENE_00944,popularity_only,0,1,0.31487658438959304,0.2276275852810129,0.3557138261970735,0.515254817822254,0.8250586952300628,0.38892595063375585,0.4478059375541721,0.4383594820586202,0.5047502295819714,0.38452516837508444,0.5047582321737656,0.44765217126663537,0.1512413255093141,0.16165588863123884
GENE_00945,biology_signal,0,0,0.7458305537024683,1.4883020914018597,1.994997295358339,0.5809538555599671,0.7658293640286552,0.3895930620413609,0.7681516460773569,0.767446219380494,0.7871117734322686,0.6601283268023708,0.057524853535261045,0.7691455610959482,0.11808961709444081,0.09414553565829616
GENE_00946,biology_signal,1,1,0.49766511007338227,2.697578224993083,1.8765020899386844,0.9782307921119736,0.5337896483236017,0.39026017344896596,0.9021993490990786,0.9023910035244403,0.932596835806349,0.8706717814620182,0.2792727579461005,0.9030258956999264,0.04483520757566966,0.037373778422485286
GENE_00947,biology_signal,0,1,0.31554369579719815,-0.1716150024747565,-0.1134779361436582,0.6814965750661924,0.5653319047189173,0.390927284856571,0.33343647622685973,0.3278212240552744,0.39215973909978613,0.396821701284741,0.39597062175546005,0.33250319915892157,0.25927593546122774,0.2648059539697316
GENE_00948,popularity_only,0,1,1.0,-0.2312509807759566,0.4398312576037469,0.4525137897345095,0.9311730404242512,0.39159439626417614,0.33588655561424186,0.3829214590376096,0.3433870377920265,0.20983009547143922,0.5238004729082224,0.33392157254493876,0.1879610039629174,0.21231959771897213
GENE_00949,noise,0,1,0.4469646430953969,-0.3040197496495654,-0.0689945115842843,0.3812944391706583,0.51725647156181,0.8472314876584389,0.47692754559456024,0.4736482583597257,0.50971122894597,0.38715210734110544,0.846682262055128,0.47650420774173124,0.5097386032251374,0.5164536564015924
GENE_00950,biology_signal,0,1,0.2515010006671114,-0.3074516896079193,-1.3580910477625605,0.6460707603544861,0.2013145306372554,0.3922615076717812,0.15234372119595718,0.15135482667862235,0.16999064638329772,0.13366178621776,0.30690892384399926,0.15136649265879326,0.6583926721858543,0.6827912641882474
GENE_00951,biology_signal,0,1,0.7464976651100734,-0.4999463144220919,-0.386219390144897,0.3696344274762879,0.7886164197042546,0.847898599066044,0.48650794130706526,0.4823490054026524,0.5324279576209714,0.5135713714421227,0.1789205066163888,0.4859852051448887,0.5926155038438253,0.5543418613750031
GENE_00952,biology_signal,0,1,0.3162108072048032,0.5392898788693655,-0.2302849210014193,0.4728484501375967,0.1432740882970723,0.39292861907938625,0.25256414547342165,0.25371409125734834,0.21001396794916077,0.22512993402425643,0.21822710375494825,0.25202748186105556,0.37979727955747783,0.32362834441151234
GENE_00953,biology_signal,0,1,0.31687791861240827,-0.3706158837428753,-0.7219045419542203,0.506801609924693,0.6915180423468936,0.3935957304869913,0.23979731112897712,0.23341290155366853,0.23726656592591036,0.18033218025164882,0.25525034393443513,0.23890666442728237,0.3204959040721658,0.267256099968824
GENE_00954,biology_signal,0,1,0.447631754503002,-2.2660782194471363,-4.264273986221153,0.0707857782582942,0.4596629060049166,0.8485657104736491,0.031953984573274315,0.03108239569902781,0.07650254123934407,0.019774214217330652,0.26314233480183347,0.03151375220856764,0.9600769701711279,0.9386513388501808
GENE_00955,noise,0,1,0.5997331554369579,0.9665362110052846,-0.2252902034612464,0.7394640514438899,0.4134998872738504,0.39426284189459637,0.46670208068853003,0.4669984970249732,0.5671429186523762,0.5612641949810971,0.8412961838571534,0.4665723194100555,0.08224109794095542,0.08981640850893081
GENE_00956,noise,0,0,0.6871247498332221,0.135900905651102,0.4331618725513681,0.4667548073249473,0.6719179129968041,0.3949299533022015,0.3777593710223059,0.3747529256885209,0.3916634237867896,0.34315101622853666,0.7183313563468797,0.3772978696629327,0.23711514207298168,0.29641118675441996
GENE_00957,noise,0,1,0.600400266844563,1.065724041101259,0.0916160397337859,0.4990462895757763,0.3070414834574719,0.8492328218812542,0.6763762798444335,0.6795051445526356,0.7537736651758257,0.7508067141536791,0.7941567544762059,0.6770417409965194,0.2307773180766748,0.1922620189664073
GENE_00958,biology_signal,0,1,0.01000667111407605,-2.226033469132817,-1.6344151789476429,0.5119073882605295,0.6484192875099765,0.39559706470980655,0.06428844239308533,0.06101295733620294,0.06639296257457902,0.029835399114895682,0.3268028761281886,0.06347121905270514,0.5786832272753547,0.5457451407827083
GENE_00959,popularity_only,0,1,0.9733155436957972,-0.7151336345387203,0.0755209152211413,0.6680818244656677,0.7603158405253521,0.3962641761174116,0.3020596596052253,0.31164204590034034,0.22163134230160614,0.23893176072666897,0.49726739139733867,0.30042151999173067,0.2558691415679273,0.351059174361028
GENE_00960,noise,0,1,0.38892595063375585,0.9301510451893936,-0.0833488963795556,0.5213216833677496,0.6025774155714854,0.39693128752501666,0.45238071856491163,0.4476689763779707,0.529944527639464,0.475263823036965,0.879200057939412,0.45259458702469507,0.42118099971167566,0.4949642044468629
GENE_00961,noise,0,1,0.31754503002001333,0.4463131061330498,1.1955534816045528,0.6448514598907152,0.2913771859681195,0.8498999332888593,0.7264378731996889,0.7270123696455576,0.6946894128813614,0.6610605902583099,0.6579785874664249,0.7267556109132755,0.2586432228017679,0.35654169066864777
GENE_00962,noise,0,1,0.17278185456971315,0.469628331298495,0.6246867438446886,0.6433019274701808,0.4897475326337634,0.3975983989326217,0.46153142737479036,0.4566336364445065,0.5335093752153554,0.5470159557350595,0.9332733254141695,0.46132358076253366,0.3953729762673622,0.4499966153834697
GENE_00963,popularity_only,0,1,0.9206137424949966,-0.6049093113830931,-0.775791630444971,0.3738460897085475,0.8608651975725241,0.39826551034022684,0.20364071457720337,0.20364747048086732,0.2620037464538508,0.24494254505125282,0.5118485709467228,0.20261998491286196,0.7012765279471873,0.605272818427884
GENE_00964,biology_signal,0,1,0.7471647765176784,2.1780202601155327,1.6136243803359247,0.9059015588625652,0.7506953941502658,0.8505670446964643,0.9565621381653752,0.9566740089887793,0.9136411630684602,0.9620202352225715,0.27509189767953035,0.9569971285058173,0.2060444592776615,0.17631846252039196
GENE_00965,biology_signal,0,1,0.8832555036691128,-1.145864914629657,-1.3258052576696682,0.2761306018875615,0.4431154717138088,0.3989326217478319,0.07447807108202963,0.0754614987487093,0.054551980109773454,0.06902847664456703,0.14299176841482286,0.07374763842454053,0.3756859961539679,0.3452854423270335
GENE_00966,biology_signal,0,1,0.3895930620413609,-0.3570676745194734,-0.0128721378979896,0.4816882294386027,0.269187501760005,0.39959973315543695,0.1975931200133038,0.19695202037262552,0.1605476908542427,0.16689451904451613,0.06023879745907357,0.19664978866253685,0.34752793623796674,0.34147546106691334
GENE_00967,popularity_only,0,1,0.789859906604403,-1.243313598225967,-0.7866728117295739,0.857001995521709,0.4979235119892995,0.400266844563042,0.18863328253801523,0.18798893716311624,0.18399634289977124,0.2113235464195889,0.4932725955425674,0.18699899679830825,0.4631627615985064,0.45221859484048166
GENE_00968,biology_signal,0,1,0.6430953969312875,2.0871713168998154,1.975709534748584,0.853149188185041,0.3017279692383671,0.8512341561040694,0.930001113740974,0.9316403464010439,0.9098801214363637,0.9221518607843758,0.12837623518704366,0.9305722009407679,0.3395423384275781,0.36092174029889795
GENE_00969,biology_signal,0,1,0.04336224149432955,-0.9447378754776348,-1.0785778120681233,0.3669376782678568,0.1256619495127734,0.40093395597064707,0.07665843752936367,0.0758674292553097,0.08468556856111287,0.05267151193522126,0.1812796420431858,0.07597070540503731,0.4356968794056152,0.3729582888708999
GENE_00970,noise,0,1,0.25216811207471646,-0.523846461696161,-0.7582907647420041,0.4486049808076677,0.2319402048056876,0.4016010673782522,0.13316476042492129,0.13216857814674515,0.121338548189297,0.08989448378051831,0.5651912237772969,0.13230644215336437,0.28506243900768885,0.24004860499077837
GENE_00971,noise,0,1,0.3182121414276184,-0.0262515491211578,1.4175525141912653,0.2316489982671638,0.4753822106452743,0.8519012675116745,0.5944912341265374,0.5922177003741648,0.522168197076334,0.5862524081686634,0.8503890991728917,0.5947853191409354,0.6220198281778865,0.742608222039498
GENE_00972,noise,0,0,0.857238158772515,-0.4404195642156894,-0.8961881522046021,0.5968600983219781,0.5952221803726865,0.8525683789192795,0.47058547380976123,0.47247186235073857,0.5986330749571551,0.4447742380518432,0.7785254195868214,0.46960799331697844,0.7792054883105621,0.7690147204531448
GENE_00973,biology_signal,0,1,0.933955970647098,1.0842784198630162,1.4988284334854252,0.6218778310700482,0.9337293865820928,0.40226817878585724,0.7268691389618818,0.72992890423014,0.7766503468673763,0.7721050774615017,0.3354122122166828,0.7274830279975559,0.20019593693734714,0.33188480704157347
GENE_00974,biology_signal,0,0,0.8125416944629753,2.821448097493709,1.6530020782820274,0.6963842233468869,0.8302564225797798,0.8532354903268846,0.9639645970287186,0.9642613208462545,0.9393408888438382,0.9327507107744835,0.19722137921393212,0.9644399573337477,0.2819531781494947,0.22953530584832763
GENE_00975,noise,0,1,0.7171447631754503,0.0112534636565451,0.5776206577889671,0.5029128179795807,0.8085728947309477,0.8539026017344896,0.6996044421637908,0.6962944449169971,0.6748692952863653,0.7893733553783228,0.6513505750599361,0.6998290668016958,0.5963132208600405,0.6410214228503102
GENE_00976,noise,0,1,0.8132088058705804,-0.8537437213226631,-0.4363293572040433,0.4598386869567727,0.654916610396174,0.4029352901934623,0.1852233375123611,0.1840582376353677,0.14089554654290443,0.13132747733671712,0.85859263375513,0.18409693350928918,0.6180741654619636,0.6984041981569638
GENE_00977,biology_signal,0,1,0.25283522348232157,-2.327917958732716,-3.1672856293844047,0.0750980764329131,0.0614661362916778,0.40360240160106736,0.00958119856300688,0.00947255589210843,0.030908447695165896,0.013611651842455686,0.053412983616730636,0.009412619262320834,0.4457298885702544,0.38053052814735305
GENE_00978,biology_signal,0,0,0.25350233488992663,4.648192947988445,5.697904856209619,0.9960180591706967,0.568947006658352,0.8545697131420947,0.9977864233846719,0.9978177786748215,0.9712162761430565,0.974266183858202,0.35704096091420234,0.997841134037303,0.013450566171602205,0.029385718889741227
GENE_00979,biology_signal,1,1,0.790527018012008,1.1120111319004118,1.3589647562907703,0.3825769343682545,0.6083202462159812,0.4042695130086724,0.5625235093284493,0.5644739247591802,0.5756165593247486,0.4545172199483251,0.21889443030458466,0.5632074179724933,0.20718235075964628,0.23713571036109088
GENE_00980,noise,0,0,0.9506337558372249,2.121315587310165,1.0581052909317328,0.4655000187009205,0.903791014211429,0.8552368245496998,0.9123640606702631,0.9151635229205839,0.8705477210004898,0.9188549235365339,0.7413194908929274,0.9131463911746224,0.181866347046691,0.20819028410325105
GENE_00981,biology_signal,0,1,0.3188792528352235,1.3260268002614124,1.2981367392397076,0.9017253907708792,0.6667530942151527,0.40493662441627754,0.7691825399666462,0.7653483201919064,0.8583558609596886,0.7508711824255928,0.284671429971855,0.7698591336209533,0.13121230056026534,0.13050701020494018
GENE_00982,biology_signal,0,1,0.4983322214809873,-2.844892756884225,-2.413369809198085,0.3994697066140673,0.2658030507541354,0.4056037358238826,0.01839987600615409,0.018080247712142113,0.023813026710265302,0.023742053814664956,0.3564365286443909,0.018057297877263494,0.8281086087095426,0.7911406863704562
GENE_00983,biology_signal,0,0,0.4482988659106071,2.4483568881270807,3.693179371570545,0.7714064866618741,0.3419279298981266,0.40627084723148765,0.9036495484626231,0.9050348572782749,0.8524204248924738,0.9237477441799745,0.2363075926825281,0.904498078093285,0.07886575429893349,0.0959834126629288
GENE_00984,noise,0,1,0.1734489659773182,-0.2720660640041752,-0.0638144141489792,0.5756632225888236,0.1246606127879427,0.4069379586390927,0.19911862023382518,0.19888109553385752,0.16747497872314465,0.11778280003149336,0.6775531257951096,0.19812591949378408,0.41692730280382084,0.34913097735037385
GENE_00985,biology_signal,1,1,0.553035356904603,-1.5343510015823176,-1.2177320190150498,0.1407365294923543,0.4779628305674571,0.4076050700466978,0.054905142103199585,0.053949215414128726,0.05362979615937026,0.03298443736765958,0.15227134367470674,0.054335041565510764,0.48312609780471377,0.5926162934555298
GENE_00986,noise,0,1,0.39026017344896596,-0.4517677933523601,-0.0616552668159577,0.6675634143518658,0.2555417637542628,0.4082721814543029,0.2270117795011904,0.22622852052679046,0.20066687566378513,0.20121165700795784,0.7553279663809683,0.22583064740484665,0.31779074696199466,0.3369355164126579
GENE_00987,popularity_only,0,1,0.9879919946631087,-0.4245910880919711,-0.2440753933812924,0.3565925306888243,0.8186136826211492,0.8559039359573049,0.48970002184139233,0.5110831862846227,0.6096229761661622,0.556444808537715,0.4798121113918875,0.4886259379290575,0.7344899713708853,0.686870022587058
GENE_00988,biology_signal,0,0,0.2541694462975317,3.387776878893688,3.317561432559218,0.9006781217045258,0.3564629380536225,0.85657104736491,0.9828247936461127,0.9830939464054443,0.9681565438086118,0.9406325561997309,0.38349277246614344,0.9830991453086765,0.1508627164553235,0.1351868033733746
GENE_00989,noise,0,0,0.6010673782521682,0.8034567180639066,0.3847131945542369,0.6959110308419904,0.3134399801125369,0.857238158772515,0.7267552449105315,0.729229750197065,0.794889661243233,0.7107197696256009,0.7564001884993845,0.7271480335439613,0.3525443956800127,0.40600435648614563
GENE_00990,noise,0,1,0.1741160773849233,0.7256843068686532,0.1005557033434541,0.3417035092257451,0.1604794401055412,0.40893929286190794,0.26702481095288133,0.2675591007942838,0.23420099804070926,0.3112354836991879,0.569928899765265,0.26676820765766,0.09355792561427509,0.07889751661629126
GENE_00991,popularity_only,0,1,0.9139426284189459,-0.0280064035865374,-0.4045594734038011,0.6600436164867942,0.8487339171366629,0.409606404269513,0.3860478173683999,0.3863914881360751,0.42953262616749593,0.39004240571658605,0.5296464446577731,0.38513488521755784,0.1186864528596097,0.1329625082327841
GENE_00992,noise,0,1,0.25483655770513675,-0.1933737303453515,-0.3095295333297539,0.6987851547947097,0.5986036161101762,0.41027351567711806,0.328521362202515,0.32184959586978085,0.40499869045735204,0.3655130298177908,0.552947433646448,0.32756903485664784,0.2446854287271981,0.23138377222287967
GENE_00993,biology_signal,1,1,0.7911941294196131,1.4843162086049666,1.1742190642171562,0.5499927484986123,0.7176828303275282,0.4109406270847232,0.6856141732776055,0.6860019253122122,0.7902450055057494,0.6232455092849458,0.32756149709799365,0.6865642607367177,0.05702518181478957,0.11089577920313748
GENE_00994,biology_signal,0,0,0.9579719813208806,2.383711025279843,3.42805073038487,0.8923451197523244,0.8363994214817586,0.41160773849232823,0.941417434128154,0.9440033919366937,0.87934090841531,0.8858165458387649,0.03206823676343962,0.9419358879455895,0.02299410607152406,0.023236681163981154
GENE_00995,biology_signal,0,1,0.09939959973315543,1.386557292778397,2.1416228300315705,0.8659716427416054,0.3413470812690388,0.8579052701801201,0.9089360277174379,0.908879778754201,0.8907270693499156,0.7546409566470498,0.0719820725140049,0.9094891869597299,0.32644426534635157,0.3576876152261273
GENE_00996,biology_signal,0,1,0.7178118745830554,-2.565295101635864,-2.0274763665326505,0.0284290500423388,0.314062600181636,0.8585723815877252,0.047848015644564125,0.04776380295793376,0.04305399339970694,0.045261254748909796,0.07615408519866218,0.04720623178028626,0.9645533503008246,0.9450522606093124
GENE_00997,noise,0,1,0.6017344896597732,-0.2182685946005269,-0.9446439368983358,0.474171979978141,0.7050540884275471,0.4122748498999333,0.23382271110242653,0.2294470792661882,0.2444032561079446,0.19685798813487548,0.8949735275633008,0.2329854320630084,0.3692996771412145,0.4124390956947028
GENE_00998,noise,0,1,0.31954636424282856,0.0349842841492545,0.4092910336347135,0.5092327870481963,0.2857235214219944,0.41294196130753835,0.2813328490319296,0.28044531457198163,0.231080533151002,0.29230818565218775,0.876826872281807,0.28057625745805187,0.18547952673404453,0.1628543056671506
GENE_00999,biology_signal,0,1,0.044029352901934625,-0.8208839046040715,-1.5748412766721045,0.106617454038015,0.2889238408412682,0.8592394929953302,0.1639224670654436,0.16158098833685414,0.16914259829598263,0.09328049649764715,0.22107671293849085,0.16313747864819936,0.7334466169664537,0.7079035916398551
GENE_01000,biology_signal,0,0,0.914609739826551,3.0877546650982253,3.0345823107608263,0.9528281982040648,0.834468627519631,0.8599066044029353,0.9870376177418377,0.9874158596620954,0.947691774559506,0.9689808098284082,0.32747807582060984,0.9872348524884837,0.1586882249898737,0.173506574447594
GENE_01001,popularity_only,0,1,0.9639759839893263,0.4253282495833279,-0.4154947898101619,0.3183591069665739,0.3862316312135661,0.4136090727151434,0.2238052356899796,0.23513640369071054,0.1385820078230953,0.18159915340753466,0.5480066581530999,0.22306457602451413,0.07545809568630815,0.031144309837679643
GENE_01002,noise,0,1,0.6877918612408273,0.8689234401536684,-0.2699635742341192,0.4506721166353162,0.7255715412783237,0.4142761841227485,0.43198555944475914,0.4285567725948802,0.5398363145346672,0.42569516196293955,0.9059538508941558,0.43215151926278833,0.6299616606088566,0.7463780776434784
GENE_01003,biology_signal,0,1,0.8458972648432288,0.8478687146894683,0.8404296222698406,0.6045934773525311,0.7130158543921544,0.4149432955303536,0.5809110681771428,0.5820028844530398,0.7059819764232556,0.6046916194030528,0.19236041890615585,0.5811686379179819,0.34086471720019973,0.28700333258569743
GENE_01004,noise,0,1,0.44896597731821214,0.6964156062024307,0.2765544978205977,0.4420912443004802,0.4598549535566471,0.8605737158105403,0.6635421235994348,0.6627453014648734,0.7296745537499313,0.6892922868493808,0.6746866009818246,0.6641221509863705,0.4117955152009007,0.5081043025923774
GENE_01005,biology_signal,0,0,0.8465643762508339,1.290670946643698,0.4040141393319693,0.6201903025172475,0.8586238776189271,0.41561040693795864,0.6513794804157209,0.6505522824807622,0.7897979340321267,0.6977000072480862,0.1095924782589206,0.6520833177335804,0.5850035109064885,0.6152124646952287
GENE_01006,noise,0,1,0.17478318879252835,-0.3228879081873896,0.4184267945575324,0.5881561104863456,0.0811548346787957,0.8612408272181454,0.47177335438754003,0.4733329196027004,0.3335914958498183,0.3767459499038502,0.8653739067475101,0.47096964048642614,0.4278828266356035,0.4838300546875466
GENE_01007,noise,0,0,0.6437625083388926,-0.0625689349380441,0.8166964210703554,0.5498699849571319,0.5500555223950727,0.8619079386257505,0.6604344564888225,0.659641599896461,0.6756875071635917,0.7545551493141913,0.7333360955734309,0.6604184882730153,0.5381734861365054,0.635451007928481
GENE_01008,biology_signal,0,0,0.8965977318212142,3.2520173094860807,4.684856703204736,0.9714160204275776,0.8517235184708115,0.4162775183455637,0.981135028884969,0.9815914494295516,0.9018116179011568,0.9485919140082444,0.180897186000594,0.9814148963025515,0.01045805197825806,0.039510067452161
GENE_01009,biology_signal,0,0,0.4989993328885924,1.848759033699288,3.095104108695067,0.904943445011689,0.8361373820685769,0.8625750500333556,0.9723548852231636,0.9719613234899848,0.9084712182816971,0.9542640883498965,0.1728252613642134,0.972660525846637,0.2533991767508096,0.34999384545811074
GENE_01010,biology_signal,0,1,0.49966644429619744,-1.587970052336782,-1.3643473681111238,0.2520301342630225,0.2765761440729385,0.41694462975316876,0.047292929901743816,0.04689439705314964,0.04787856811153215,0.025278765668008157,0.15270147266103196,0.04673703175218406,0.664589939050913,0.6712698355559569
GENE_01011,noise,0,0,0.390927284856571,-0.1612474365069549,0.7029036469401173,0.4145065935887532,0.3541527430655306,0.4176117411607739,0.2672821367479108,0.2660002640140202,0.21182014709043984,0.32659922524346857,0.5790025162779749,0.26651984405510765,0.23919784658958967,0.21680983024005468
GENE_01012,biology_signal,0,1,0.3202134756504336,-3.068045554167677,-3.4415942720586723,0.0250023320390524,0.1481886002604764,0.41827885256837893,0.005625232024930319,0.005518665143020304,0.017947573039590475,0.007599526427844775,0.31098025477716307,0.005509089023790358,0.6754274063966876,0.770700719352897
GENE_01013,biology_signal,0,0,0.2555036691127418,1.7862717086247852,0.9423908830720596,0.5071741855568052,0.7684610491370741,0.8632421614409607,0.8871034613462057,0.8847689596908433,0.8579312438256942,0.8415602339860714,0.4038101529585474,0.8880415894706433,0.2639174735706533,0.31829624678074375
GENE_01014,noise,0,1,0.1000667111407605,-0.1661913860586188,-0.5076201335589227,0.5951510943052364,0.1681191209543117,0.418945963975984,0.1955934238298506,0.19447959478323523,0.17690127935587488,0.1292111808449661,0.6852155255680235,0.19464615731581844,0.40124361998225466,0.3409815894642839
GENE_01015,noise,0,1,0.39159439626417614,-0.6125504892976155,-0.4711374830189156,0.4305514416063685,0.2903134329517539,0.41961307538358905,0.1439681139863246,0.14302755089586838,0.12072305188321951,0.09931444490434777,0.6323916252208257,0.14306211930188636,0.27203687162513285,0.22875201878211823
GENE_01016,biology_signal,0,1,0.9039359573048699,0.598734482598586,-0.6236388001584302,0.5039631916928999,0.6882585876489997,0.8639092728485657,0.6437752083626022,0.6476738330343134,0.6818772961111261,0.7164791025530728,0.12748818291265218,0.6440263085044928,0.681932224580622,0.6687847024553324
GENE_01017,biology_signal,0,1,0.5537024683122082,-2.154829000829956,-1.7632416568999505,0.2465693944230206,0.3064196320641708,0.4202801867911941,0.029873947217414928,0.029514493269975666,0.029637320072267635,0.018637688803111906,0.049558545637252926,0.029437361048483133,0.4907831307434546,0.578148658125324
GENE_01018,noise,0,1,0.7184789859906604,-0.3191535133535993,-0.4878631962995855,0.3125248862647532,0.7904961901989564,0.4209472981987992,0.2282225739183239,0.22433333124516783,0.20257083274142695,0.24169993824089497,0.5706349144531945,0.22748322814238445,0.2927895223783924,0.2964611590629627
GENE_01019,popularity_only,0,1,0.8725817211474316,0.1091212105959625,0.4949298196168884,0.9089821924300424,0.6186964032465302,0.4216144096064043,0.5165064282617188,0.5188076339073289,0.4399244625973859,0.6716410997579088,0.5480420701382518,0.5156485255272295,0.43122903854424094,0.395958454604616
GENE_01020,biology_signal,0,0,0.9966644429619747,2.745812660885265,4.358842249660549,0.9732492425071834,0.9606382355283882,0.8645763842561708,0.9906710640398371,0.9920050580391222,0.7551720744927488,0.8171894055528547,0.07114663807944543,0.9907847438796401,0.38148282950612483,0.5384742479330873
GENE_01021,popularity_only,0,1,0.6884589726484323,0.2936798738344918,-0.2518437857531184,0.3088399021074303,0.4537565171379893,0.8652434956637759,0.5047031920297091,0.5059967919025363,0.5560763865190765,0.4078227757218926,0.45236269120791395,0.5047475106581041,0.6543051613421222,0.7594585176126195
GENE_01022,biology_signal,0,0,0.6891260840560374,2.358099264786067,2.785852284740613,0.646429194425589,0.438601677012295,0.42228152101400934,0.852963389800615,0.8553133706412052,0.8577131661715828,0.8828116986218171,0.008501008366903817,0.8540552452380188,0.06665927271544743,0.05515398133992961
GENE_01023,biology_signal,0,1,0.10073382254836558,-0.8468606375166317,-1.2274096964613612,0.1715466507926726,0.1914287462211491,0.8659106070713809,0.17737076739305016,0.17617578379904475,0.15897591648283624,0.13960817320940905,0.35537789925620666,0.1764877641856122,0.6328843768340897,0.5481329438696159
GENE_01024,noise,0,1,0.1754503002001334,0.2877587905190091,0.0325432217455051,0.3356240146975863,0.2183534850993521,0.4229486324216144,0.22295525768102956,0.222357011052323,0.2035205163581682,0.2483212225910801,0.8576060814048617,0.22243776425028058,0.12126300137541626,0.12599007809344118
GENE_01025,popularity_only,0,1,0.9939959973315544,0.5703590199638716,-0.3400248748414258,0.541447375043716,0.953704138745854,0.42361574382921946,0.4443365239590406,0.46958946485084646,0.537490218493666,0.45747792081760086,0.5111069337127156,0.44348998613919804,0.2386868157980739,0.2658537597869446
GENE_01026,biology_signal,0,0,0.4496330887258172,2.5442750920070782,1.775443332556642,0.7903511043563396,0.5507096833268865,0.866577718478986,0.9524926236259224,0.9526102099415731,0.9473240458461408,0.9154480810263501,0.42630483973903277,0.9530314641718014,0.1287126605232613,0.10255144284287908
GENE_01027,noise,0,1,0.10140093395597065,-0.734717298516562,0.3564079157047865,0.2897830561106171,0.4057923535541658,0.4242828552368246,0.16709037781097977,0.1640151504462111,0.15170249856260717,0.13594009738317653,0.5679842467017864,0.16624887838089192,0.3465591102822802,0.31926536879568834
GENE_01028,noise,0,1,0.45030020013342226,-0.1182614053974126,-0.10533782053599,0.4687490860515862,0.1928385833147876,0.42494996664442963,0.1981941000226458,0.1988643179228388,0.16618191232690252,0.16949590151291832,0.6653078229916086,0.19733458280303287,0.445828897758739,0.3676198976965835
GENE_01029,noise,0,1,0.6444296197464977,-0.654083524816762,-0.1330817970218482,0.9343576922736718,0.827118336687879,0.867244829886591,0.6930997023698433,0.6870749121468224,0.6928741508053717,0.6586502608269879,0.6088725490506214,0.692474002266602,0.681781877926263,0.7183503885779864
GENE_01030,biology_signal,0,0,0.6024016010673783,2.49928506538824,2.178319436527801,0.8807047221093636,0.6339338557064501,0.4256170780520347,0.8987443545157009,0.8987656394846283,0.9121379030930892,0.9025239010839281,0.09671758300072741,0.8995906058810628,0.06281510962040406,0.07632244213470483
GENE_01031,noise,0,0,0.5003335557038026,1.099981974968728,-0.1530230429861246,0.5399159404911671,0.6599484573127348,0.8679119412941961,0.7568460056149904,0.7543616947430685,0.8073215288998433,0.7540230390618281,0.8867556588891724,0.7576807600988195,0.5804793444952902,0.596505337954715
GENE_01032,noise,0,1,0.04469646430953969,0.9302835647163766,-0.4016632684102592,0.359928836903471,0.2080302491672406,0.42628418945963975,0.27131086716534514,0.27032398952512354,0.24857976337222848,0.33627093730632085,0.7853427796297964,0.27117922736278605,0.246893493467454,0.2120223117103581
GENE_01033,biology_signal,0,0,0.5543695797198132,1.3608303644661377,1.4488887150494811,0.6158083288610415,0.4273177258216252,0.8685790527018012,0.8511450816340433,0.8522389584894433,0.8632419201174799,0.8818381173759118,0.23187854080847026,0.8519242038441135,0.35630196390147933,0.4062287965699007
GENE_01034,noise,0,1,0.5550366911274183,0.7565381871105673,0.0874436846419719,0.5591784719746689,0.6919604921393574,0.4269513008672448,0.4793161706211208,0.4746477727168396,0.6024217167431175,0.46547856899975876,0.7111913136898621,0.4794302469824006,0.4057625793195225,0.5210466716385659
GENE_01035,biology_signal,0,1,0.6030687124749833,-2.548583623941067,-3.6142503687886656,0.0285958525402398,0.2368180941607018,0.8692461641094062,0.024998665722140927,0.024822293888435536,0.06226577724733999,0.01791882479111876,0.24365842719057396,0.024612958688956587,0.9243144767767729,0.8582319655357555
GENE_01036,biology_signal,0,0,0.7918612408272181,1.3716191643833973,1.7819605021391165,0.7220520852882513,0.8053819408448836,0.4276184122748499,0.7841760016393565,0.7835574805615003,0.8102009982181053,0.7854536676974286,0.13314796995095712,0.7849725848493397,0.43165682129804306,0.4137024198513829
GENE_01037,noise,0,1,0.5010006671114076,-0.3124112503281352,-0.8359588370642586,0.3244174624067994,0.6361689671340727,0.8699132755170114,0.4168174375949265,0.4119137123032479,0.49801674197458895,0.23945551997145115,0.6776300953545905,0.4163302253547194,0.6524366865609287,0.6928168453529819
GENE_01038,biology_signal,0,1,0.2561707805203469,-1.7415435549519342,-2.692309214729122,0.1253218438728882,0.0781336707827581,0.428285523682455,0.01791767719471925,0.017767811561874347,0.044829167273974034,0.019418315508583535,0.10678448936870644,0.017657108686374143,0.5945922754863885,0.5664020696474527
GENE_01039,noise,0,1,0.9152768512341561,0.3216002721271949,-0.2479851323173666,0.4467658498735945,0.7783510733112933,0.8705803869246164,0.6414079320204461,0.6444180322763752,0.6640706573517143,0.7552415476197347,0.710247779788392,0.6415752032661003,0.8594862042204937,0.795003429558891
GENE_01040,biology_signal,0,1,0.5557038025350234,-0.9354074790248444,-0.4206121089243908,0.2823571378855066,0.5877466359591769,0.8712474983322215,0.33569802035614366,0.3319168822154162,0.3309570416879123,0.2139938107255356,0.13086075493192195,0.33470956094910026,0.6809312614890007,0.7559076061578294
GENE_01041,noise,0,0,0.7191460973982655,-0.4802394012632728,0.7928425118921314,0.6118877717696816,0.4047986489598131,0.8719146097398266,0.5783358838021436,0.5802435964259458,0.5976745919877293,0.6222021612749615,0.6769955649438169,0.5776704209169427,0.5209473926453453,0.5784273470572692
GENE_01042,noise,0,0,0.8972648432288192,0.3456414612061895,0.113522024389874,0.6990622937251658,0.6407662757225188,0.42895263509006004,0.4464551584273561,0.44977229599330887,0.4553773695749969,0.5190221385790844,0.6204250524827465,0.44582379406889,0.47741201094768876,0.4404079541995047
GENE_01043,noise,0,1,0.01067378252168112,-0.0845519822882845,0.2843181253878777,0.4939842908064057,0.2060466837384308,0.4296197464976651,0.23836335869208378,0.23630657479256745,0.19008503793657255,0.16704927417129192,0.8349558309137208,0.23756400690168147,0.22056917187674419,0.1860994655664603
GENE_01044,biology_signal,0,1,0.829219479653102,-2.216393342535006,-1.9241552488453857,0.1940578119926269,0.8231351215462717,0.8725817211474316,0.1276987713557721,0.12527403766358097,0.12240405717734276,0.16072360833013666,0.18016617449238037,0.12649054994682907,0.7711352169603735,0.7516446911435792
GENE_01045,noise,1,1,0.7478318879252835,0.6423240814400566,0.2667784384257652,0.3962605783877836,0.4966013787461378,0.43028685790527016,0.364188385732298,0.36546958138302604,0.3319167790568314,0.33642487598273,0.8741526886807491,0.36400998163467263,0.18991537940548817,0.17023093333505193
GENE_01046,biology_signal,0,1,0.45096731154102737,-1.4087337759516352,-1.4273630090193234,0.1521486014249597,0.722403732069425,0.8732488325550367,0.2001082530969484,0.19463194492402536,0.18894674745111448,0.09236070876572543,0.038144167615952074,0.19905030284006694,0.8635338029045707,0.8004896223074848
GENE_01047,noise,0,0,0.10206804536357572,-1.1699200276413668,-0.0956740906179201,0.5553160995297518,0.3099488195962493,0.4309539693128753,0.145168022921334,0.14265126049840107,0.10640705080487389,0.10426721820464746,0.6209857578650757,0.14403035966828923,0.2570468292381038,0.26066109993059816
GENE_01048,noise,0,1,0.3208805870580387,0.3030453437488523,-0.6608336615287425,0.7039023951518362,0.4608558580893662,0.43162108072048033,0.3330476502155689,0.32917188466764713,0.4191879379908614,0.4174177632731821,0.5978245655181971,0.33232651790567175,0.2733157712287383,0.2347663515656375
GENE_01049,noise,0,1,0.1761174116077385,0.1060746432345048,0.1978961818392482,0.565933123316384,0.5794279192596361,0.4322881921280854,0.3659965607687248,0.35949020849673413,0.39099353557765354,0.42711658142533765,0.8323392169102497,0.36545472923950606,0.35784423418583616,0.3302620169781826
GENE_01050,noise,0,1,0.1027351567711808,-0.2243394548145378,0.0466905089316471,0.370053058147496,0.1707397461684798,0.43295530353569045,0.17327609876694602,0.17249860690567453,0.15849730949516602,0.14509602736597832,0.5514813656595001,0.172510110125259,0.11749787901147248,0.089335688910816
GENE_01051,popularity_only,0,1,0.904603068712475,0.3932696506152888,0.5863073823347841,0.5186028006583189,0.4640375501299892,0.8739159439626417,0.6651549346328687,0.6725088013464539,0.6783421278251447,0.7078769583135763,0.45042540627976024,0.6652657107416083,0.6977669308790287,0.7073983951999969
GENE_01052,biology_signal,0,1,0.256837891927952,-1.3537501800273983,-0.1126290152184824,0.2319318511634376,0.4684501308607854,0.4336224149432955,0.10128796954458132,0.09894805532183602,0.10294543255267367,0.0494414014062031,0.0840558404350864,0.10047501698598939,0.2489180745597499,0.20498825163491544
GENE_01053,biology_signal,0,1,0.10340226817878585,-1.2664571745231676,-1.4379179901353174,0.655635621802651,0.30129296739344,0.4342895263509006,0.09919479626014598,0.09707851145369364,0.09164046858135684,0.11010247673269401,0.2332185095564553,0.0981970639222793,0.7675982678317025,0.882407044397182
GENE_01054,noise,0,0,0.32154769846564374,-0.8657921795001658,-0.1789467079359097,0.2981477056926672,0.301624346971296,0.4349566377585057,0.11869342994211106,0.11756909537267662,0.11021539785784855,0.07605867603956634,0.8141159474781964,0.11787579790266287,0.26893677377622255,0.3131993532999421
GENE_01055,popularity_only,0,1,0.9052701801200801,0.4610468542723528,0.6391538146034017,0.5789675478224903,0.5264971912443929,0.8745830553702468,0.7124903530599268,0.7184826058265994,0.7041471981022953,0.7722759721558182,0.47535853578664944,0.7127013049030804,0.5984539206691022,0.6396430440701875
GENE_01056,popularity_only,0,1,0.5016677785190127,0.4210088729847855,-0.5705587202865758,0.3414888690865434,0.1986178928652622,0.43562374916611074,0.19463864376184467,0.19594490868194425,0.16093114847148102,0.17755229505053463,0.5326855455237838,0.1940963046208369,0.3125395301302501,0.25371149880556737
GENE_01057,noise,0,1,0.6037358238825884,0.6055621685712144,0.675975044781081,0.4692486586992772,0.3982274899476696,0.875250166777852,0.6761021079494836,0.6777434598375022,0.7094552157050017,0.757355747952238,0.7957113110031472,0.6765708764428087,0.2211517382844345,0.17689777697959996
GENE_01058,popularity_only,0,1,0.8839226150767178,-0.5423975113171995,-0.0364127852128199,0.2156805691643766,0.72610587735054,0.4362908605737158,0.19469664519279123,0.1950722986859017,0.15370200347498228,0.18589937309049878,0.5302234535129685,0.19385565296024085,0.5712758380971454,0.6802871598492104
GENE_01059,popularity_only,0,1,0.10406937958639093,-0.8855656615674173,-0.2886581059565152,0.2925202665406247,0.3325136452277448,0.875917278185457,0.2962858613733634,0.29301388018813923,0.22519928979009435,0.23765133598721094,0.47442959163720155,0.29528869765117927,0.6699356186020798,0.7553975976768544
GENE_01060,noise,0,1,0.104736490993996,-0.957658956367437,0.4663511835065058,0.4338575771304124,0.1553098690402952,0.43695797198132086,0.14399818521905028,0.14306775985221035,0.1135131548939572,0.08818745342598533,0.5853489563384662,0.1429904250729081,0.33290150903840143,0.3110431547482397
GENE_01061,noise,0,1,0.32221480987324885,-0.0234817794451885,-0.5013900845767341,0.6015158967429878,0.449049545150266,0.437625083388926,0.2694069968860283,0.2659346735514021,0.277033484603279,0.31753838383400956,0.9955203191019623,0.26854636393283754,0.0805935703786643,0.060707956329408466
GENE_01062,biology_signal,0,0,0.7198132088058706,3.0203964454908303,3.3972596386187788,0.9245133867918376,0.5287737300714767,0.8765843895930621,0.9830864570766642,0.9834702063289382,0.9651716625122969,0.9708275712084677,0.10304645673683133,0.9833351722324819,0.08031658995966776,0.04682986825529113
GENE_01063,biology_signal,0,0,0.45163442294863243,2.6111947765371477,3.0155001696002404,0.5544098923504094,0.2711044841771379,0.8772515010006671,0.9451299814227113,0.9464002136636583,0.9069971963553566,0.9471538121446388,0.21024674675616595,0.9457841783628179,0.27184525824735933,0.3453060749431854
GENE_01064,noise,0,0,0.6044029352901935,-0.4374312625033313,0.1880856428916202,0.5191011860447015,0.8247300323970335,0.8779186124082722,0.6151701284533355,0.608798429901308,0.6455230523129344,0.678202851227852,0.7604802695480458,0.6149270403196339,0.8842622030018071,0.8754957877042664
GENE_01065,noise,0,1,0.5023348899266178,-0.0491934973477764,0.293184396873875,0.3832059724517966,0.7599034014978526,0.8785857238158773,0.6182872979754405,0.6125248956050007,0.6302133638082045,0.6322215826865571,0.7359354626008512,0.6184702420231498,0.6072909686005588,0.6787710268535977
GENE_01066,biology_signal,0,1,0.4523015343562375,0.3269295060938932,0.2180851932696873,0.2241756080836311,0.2704597434646755,0.43829219479653103,0.22024651528655817,0.22080115159685892,0.19636999090447615,0.2578475334275671,0.20641674208288974,0.21982045653971624,0.40040709240898065,0.3654281909013026
GENE_01067,noise,0,1,0.5030020013342228,-0.8078824602163914,-0.1805788576178986,0.5429995765780492,0.3907048644742188,0.4389593062041361,0.17951154593127763,0.17798597448679904,0.13917683658570687,0.16453998323300437,0.6290515234873384,0.17837438605798678,0.35002220067640344,0.3421856056558812
GENE_01068,noise,0,1,0.01134089392928619,0.2755879703628052,-0.4379896363935662,0.4377997368691468,0.0813997517572632,0.43962641761174115,0.19194049668734736,0.19148821752239087,0.1787487959044429,0.14342570542766495,0.7280386650424886,0.1913047456912538,0.2156134197964073,0.13653483033806108
GENE_01069,noise,0,0,0.6450967311541027,-0.2765067310784398,-0.3276747674676357,0.4416188144058973,0.4897537964804557,0.8792528352234823,0.46835573611842957,0.4675899987071363,0.5497273394613647,0.4007893259234935,0.906290712377952,0.46778120993246763,0.5008033848192549,0.4896541937494777
GENE_01070,biology_signal,0,1,0.5036691127418279,-0.6800545100283559,-0.9763705034227506,0.3750790481410717,0.5164045352894617,0.4402935290193462,0.13700048268643666,0.13476095808930433,0.10867182058377119,0.08859463745116689,0.06716713695515752,0.13614603129510627,0.6217914272945018,0.6958230690142191
GENE_01071,popularity_only,0,1,0.8298865910607072,0.1346829351493603,-1.0209695010346624,0.4199594908999333,0.6078236389829267,0.4409606404269513,0.23043902821065174,0.23071256523108863,0.24126369658009011,0.18667256392107273,0.5019504968041157,0.22971361239449573,0.48257822938181855,0.49157143865262787
GENE_01072,noise,0,1,0.04536357571714476,-0.2944659904811515,-1.2428484619089664,0.3329073826453594,0.3491772210414092,0.4416277518345564,0.125566604622704,0.12312166503282589,0.1349898700522904,0.10821083122671928,0.578420508051456,0.12489548056820825,0.34270283665599865,0.2924899514871297
GENE_01073,biology_signal,0,1,0.7925283522348232,-0.0697678335920191,0.4139521170764089,0.6053614005761769,0.7469912510335758,0.44229486324216144,0.41202771251842585,0.40953338274832435,0.46810400772990546,0.3657040282582148,0.050181901319133915,0.411306562916449,0.37606089684115285,0.4087731187707744
GENE_01074,popularity_only,0,1,0.9346230820547031,-0.344631874944147,-0.3377737680575142,0.4393300645308139,0.5823454714576541,0.4429619746497665,0.21936990534728193,0.22401118419234678,0.1721655328101371,0.14779432235390264,0.4754165641288124,0.2183046705644838,0.2359981615970062,0.20003790890033366
GENE_01075,noise,0,1,0.6457638425617078,-0.7675429899384565,0.0752540020501237,0.5315564047388,0.3177095271864958,0.8799199466310874,0.4144464556359178,0.415911247487626,0.40898578626671456,0.41764491667032977,0.9351100153971915,0.4132676648785433,0.7655778096160853,0.816372732320934
GENE_01076,noise,0,1,0.3922615076717812,-0.7673718919644201,0.4364980819908887,0.4541657261771203,0.7431789492717912,0.8805870580386924,0.5449756487137797,0.5371574918417784,0.5885780629780573,0.5774842102080561,0.7289303806108272,0.5444326492088265,0.42546884778654076,0.4884767395358985
GENE_01077,noise,0,1,0.7484989993328885,-0.9461141085595384,0.0732398975590276,0.4599189200229658,0.7732526411459723,0.44362908605737156,0.2310662623861292,0.22728683735773117,0.19787642217367338,0.16612569944344563,0.8143035807209428,0.22989018165995367,0.3556494850380163,0.46265866672777234
GENE_01078,noise,0,0,0.7931954636424283,-0.2567544245521558,-0.038509861148313,0.5379270944522379,0.8526859742619203,0.8812541694462975,0.6320181458319952,0.628569015713282,0.6303545238626965,0.7077346324714836,0.7752696808374293,0.6318391479893334,0.43271569355868256,0.4930684744216582
GENE_01079,noise,0,0,0.17678452301534356,0.2392498826119809,0.3917511066362531,0.3223402248564249,0.3012535675715601,0.8819212808539026,0.5233005562779407,0.522292983238632,0.5144652020925469,0.6059439880113288,0.96819539232506,0.5234234898644736,0.5695691306280517,0.6165345343358205
GENE_01080,biology_signal,0,1,0.17745163442294865,-1.8715448787291584,-0.8452844348913529,0.1341401907718683,0.1175969258488979,0.8825883922615076,0.1029901376994444,0.10247488261169548,0.07238538885046493,0.08393986443175777,0.09369043985327374,0.1020367938085386,0.8323197658122454,0.7431302755819822
GENE_01081,noise,0,1,0.5043362241494329,1.1264516609953583,0.2643472752381209,0.4358896396322053,0.3776399747355132,0.44429619746497667,0.41948263374867084,0.42000023017328186,0.38370927491634627,0.4716636510223063,0.6486450962940434,0.41974627673636744,0.14887266961745177,0.11642370138469575
GENE_01082,noise,0,1,0.6050700466977985,-0.6882044482186114,-0.1102164709616266,0.6828910552420836,0.7373540106253317,0.8832555036691128,0.5835483021155417,0.5777448944456528,0.6684971556570372,0.655021615555936,0.8374549708910317,0.5828112392196502,0.8407584633531692,0.808631400167394
GENE_01083,noise,0,1,0.45296864576384255,-0.2965326458358459,0.7086775837627279,0.7351901189967797,0.541955414816712,0.44496330887258173,0.3984116630177577,0.39403498658491,0.46177421014513653,0.5515084867875102,0.8667844354631646,0.3974137446263589,0.3298949559165885,0.4289639304471755
GENE_01084,noise,0,1,0.7698465643762509,0.4500170172469748,0.4055690957521376,0.2854020948657915,0.5787056900497489,0.8839226150767178,0.6148617490724045,0.616358205940151,0.6033555651179335,0.5461942983098101,0.7547168118910872,0.6153209490099838,0.5728158579706398,0.5982921738563338
GENE_01085,popularity_only,0,1,0.39292861907938625,-0.0918526664485164,0.0382606439560614,0.5104564274795251,0.2522204646205143,0.4456304202801868,0.2321985875007671,0.23192462379788878,0.19304499338322068,0.208832616178299,0.5440282707784665,0.23132786229918545,0.16833255845697118,0.16846314531645493
GENE_01086,biology_signal,1,1,0.3935957304869913,1.7024934634199302,0.7244338272351731,0.2065501744438944,0.5243237118471672,0.8845897264843229,0.7697119832679746,0.7692287059730031,0.7497339338137948,0.7598140311402387,0.23284003168859224,0.771135840657436,0.21264058140363895,0.14779121000867895
GENE_01087,noise,0,0,0.10540360240160107,0.4231626552820365,0.2343413880894153,0.1664999276857198,0.1037989087846886,0.885256837891928,0.4247923004046285,0.42665435443235045,0.4357436895938868,0.6084188041204663,0.5952845464284572,0.42492168316468654,0.484626692660945,0.3363693748137156
GENE_01088,noise,0,0,0.9973315543695798,0.2541813563171781,-0.0324167519895207,0.6956640788621687,0.952266034470639,0.885923949299533,0.7397523554569383,0.7654634794030456,0.6725763823360945,0.6502902293712463,0.9261036234063085,0.739236634404321,0.5744815340999349,0.6500546161133947
GENE_01089,noise,0,1,0.5563709139426284,0.8842383004844395,-0.1211651045291942,0.3537414864360798,0.6008009762478215,0.44629753168779185,0.381073513771023,0.37827134453959294,0.3686211897392846,0.34434774007471175,0.5545536908802251,0.3812329266906047,0.5007143005883671,0.4370481171549354
GENE_01090,noise,0,1,0.10607071380920614,0.8304760312777746,-0.6839732433853054,0.5112567239563617,0.4764639106412232,0.4469646430953969,0.34727491770507385,0.34234974652528305,0.36512375226436067,0.4160545679839526,0.8721303445288244,0.34716330413561813,0.33791593529472214,0.3326822682149284
GENE_01091,popularity_only,0,1,0.9693128752501667,0.4931549420408268,-0.8391483410503227,0.4028554980147835,0.8783436655655814,0.8865910607071381,0.6175494241297492,0.6274870956599349,0.70002226692894,0.8424616743036003,0.5391100591464087,0.6176320961152025,0.51879177407748,0.6359746865549728
GENE_01092,biology_signal,0,0,0.6464309539693128,3.5814785739720145,2.661253058813088,0.9360978134940192,0.5092537850049663,0.8872581721147431,0.9841624445883277,0.9844910008111194,0.9697563553750388,0.9701656509935547,0.14405315771349636,0.9844206637274364,0.225248306862441,0.18043998859538252
GENE_01093,noise,0,0,0.3228819212808539,0.930028520092154,1.3073071050721905,0.6705907672666152,0.5910466156270914,0.8879252835223482,0.8455678521759197,0.8437712699616097,0.8434970099010243,0.8523810873711489,0.8188428794434292,0.8462274587083782,0.4685004937765864,0.6015361076069025
GENE_01094,biology_signal,0,1,0.1067378252168112,-2.689415646101392,-3.754069733682106,0.0556312246106341,0.1497305911498753,0.447631754503002,0.006651040008484757,0.0064884160831098015,0.02206008677464128,0.00995656539909044,0.340105494919436,0.006523124532725339,0.7267003031760281,0.7833930175179012
GENE_01095,biology_signal,0,1,0.8138759172781854,0.7257821527875892,-0.1565456127508581,0.4212742100932593,0.8798750223247974,0.8885923949299533,0.7239260240861788,0.7221321298964205,0.7172052395267996,0.8084285421275036,0.3146936120268856,0.7246295801255644,0.5993929362536518,0.6030562385624014
GENE_01096,biology_signal,0,0,0.6470980653769179,-0.4749153626223105,-0.5776073791681557,0.5038094976263287,0.3871774760279756,0.4482988659106071,0.17774280993153824,0.1773844172127027,0.14530997120095823,0.13936788591534296,0.3433749098517843,0.17673892759781723,0.43212661323086915,0.3200495898826344
GENE_01097,noise,0,1,0.39426284189459637,-0.1784527999315193,-0.0304296883045323,0.4745410664346032,0.2855540868816851,0.8892595063375583,0.4676339681952465,0.46762127453753854,0.4471737663310463,0.48000920762316474,0.7814398513317268,0.46708390824203433,0.8165653044687827,0.867536227091594
GENE_01098,biology_signal,0,1,0.8732488325550367,-1.4685976247359924,0.1514214549935741,0.416472811111109,0.9092896292591054,0.44896597731821214,0.1950130075760155,0.19238060184322386,0.17148846856637096,0.15651183272490216,0.017647252001612435,0.19367452710843253,0.1074403476651827,0.13982246427248332
GENE_01099,biology_signal,0,0,0.046030687124749836,1.3072806874813296,1.601424261398629,0.7819245169468184,0.762675890606482,0.8899266177451635,0.9177825804535048,0.9153770379913565,0.8759043871310619,0.8704928061399329,0.3917658438652575,0.9183708127356826,0.2461749207611359,0.2808352040212314
GENE_01100,biology_signal,0,1,0.8845897264843229,-1.5957427749368405,-2.484287181470534,0.2031961364377832,0.657838422566608,0.4496330887258172,0.043296299826823446,0.04311037287899107,0.0441547089346344,0.0789608437780481,0.06649271717505023,0.042771379062685244,0.47934073830476154,0.4467235815819644
GENE_01101,noise,0,0,0.6477651767845231,0.0099593962822976,0.3316365731591359,0.6931902639823679,0.5596607987438905,0.8905937291527685,0.6780123839847509,0.6768239085450699,0.7312523805371857,0.7708901290812863,0.6043239689082017,0.6779162462844147,0.5437226516388726,0.6828059072548669
GENE_01102,biology_signal,0,1,0.1781187458305537,-2.1348185943290368,-2.549898512968233,0.0739325379207351,0.5767614236778411,0.45030020013342226,0.024333312197674945,0.023299098935763398,0.03640335016565063,0.01830265675880752,0.32044054878017836,0.024000374620508053,0.5812202455217909,0.7072808396638847
GENE_01103,noise,0,1,0.505003335557038,-0.3777943642640889,-0.1452665173803442,0.2424844149332649,0.6011185056162237,0.8912608405603736,0.43207013890864376,0.42805858913820144,0.44446063358961385,0.28174993180224184,0.6342092714443696,0.43168082369152055,0.4614854747782764,0.46046796356593384
GENE_01104,biology_signal,0,1,0.7938625750500333,1.9543904617080456,0.7132736915933868,0.67802114205686,0.5473209180886797,0.45096731154102737,0.707819613446917,0.7106467560294346,0.8307037672818546,0.7477978219562039,0.054893784151238356,0.7088518456397943,0.2382699950912648,0.18215965163638248
GENE_01105,biology_signal,0,1,0.17878585723815876,1.192143132585464,0.8592010631673426,0.6186159275286941,0.5837709695876142,0.45163442294863243,0.6115870514791998,0.606511204845635,0.7258606737991044,0.5863174617147161,0.08032189619667618,0.6122860487002361,0.16342817007032667,0.1503807065865318
GENE_01106,biology_signal,0,1,0.6057371581054036,1.2506674468504884,1.0450683863775092,0.7180352265826057,0.3984943213930543,0.8919279519679787,0.8368425434314574,0.8383191529599353,0.8557956801572194,0.8424994095490398,0.37457018662691055,0.8375144586604814,0.39678748122294094,0.37446920787389787
GENE_01107,biology_signal,0,1,0.5570380253502335,-0.8065656334880581,-1.514784046020992,0.2999392940442586,0.4128443680960688,0.8925950633755837,0.23265448771212324,0.23128429357942581,0.21945902658494917,0.14417763205364856,0.1254021771751307,0.2316135399047935,0.6671662438083016,0.7368961753498231
GENE_01108,biology_signal,0,1,0.8145430286857905,1.5261976427431698,1.9806849986720063,0.8645359116194885,0.6418339355621894,0.8932621747831888,0.9331529588196871,0.9340222313923747,0.8750514353371233,0.9520737960349193,0.31956274626860814,0.933620812069853,0.21466318771299592,0.1379997425653232
GENE_01109,noise,0,1,0.4536357571714476,0.4210936489720526,1.566381598642843,0.3735442344639961,0.2991837811963553,0.8939292861907938,0.6711878889857419,0.6730878256047113,0.5693078148255588,0.7404758915976907,0.7844160861219116,0.671670282569779,0.3408504222840621,0.3040146292994046
GENE_01110,biology_signal,0,0,0.6484322881921281,0.9866633348071996,0.4870109029408266,0.7160983012101212,0.6054457663614131,0.4523015343562375,0.582702368676524,0.5809838957313551,0.7348515856050213,0.6480291860027816,0.051814693772199716,0.5829782921262917,0.19986966964797787,0.18213468305077946
GENE_01111,noise,0,1,0.32354903268845897,-1.4339142774777398,0.3941385792005241,0.4085862482767342,0.3038328550876853,0.45296864576384255,0.12167239968232704,0.12029020777741047,0.09540259701530561,0.0842193492296567,0.9929060979150314,0.12062846158327045,0.2144269883045628,0.21717254706281
GENE_01112,noise,0,1,0.17945296864576385,0.1907310875066578,-0.4468119470745768,0.2630606999607008,0.2180520755196355,0.4536357571714476,0.1686108434109933,0.16793733271793998,0.17603904926015923,0.1893989747491438,0.9370741343911901,0.16807753203759954,0.1335391810168448,0.11767076672847679
GENE_01113,biology_signal,0,0,0.5056704469646431,3.5569672469375453,3.3225988169193936,0.912964559228156,0.5616017681164799,0.8945963975983989,0.9878524100729051,0.9880038277040807,0.971845190669392,0.9633713986919923,0.10227265410576036,0.9880635249567752,0.10777840053303506,0.06767953963872934
GENE_01114,biology_signal,0,0,0.5577051367578385,1.8405786319826636,3.591739880509545,0.8484680234850175,0.5770127094005093,0.4543028685790527,0.9004064948389345,0.9005515313244313,0.8179673958059757,0.9136132437570901,0.08943346271316943,0.9011110092395475,0.09687106971776216,0.12013451102767216
GENE_01115,noise,0,1,0.10740493662441628,-0.0917316661779928,-0.033406233536835,0.4070917901512652,0.1632582526499518,0.4549699799866578,0.1875565439036118,0.18685989601807385,0.16738382793740192,0.1502824309657454,0.6334653837803933,0.18680164532129334,0.7020783246072679,0.823100496900662
GENE_01116,biology_signal,0,0,0.7705136757838559,-0.23779250190702,-0.831392063753809,0.2254260861767388,0.3617705027126466,0.45563709139426284,0.1276146876471723,0.12871549104377092,0.09214864439329884,0.08293461570675177,0.15062661486881257,0.12693723627991263,0.4295318874397228,0.4072163961594673
GENE_01117,biology_signal,0,1,0.25750500333555704,-0.6059548915139726,-0.6108234742460625,0.2633382977784669,0.3643519751112817,0.4563042028018679,0.12091865312806498,0.11916555132443322,0.12050502345582917,0.07629995754391226,0.12299586325549139,0.1201974206296704,0.169841136895289,0.14188200781838647
GENE_01118,noise,0,0,0.1801200800533689,0.1242172888999531,0.0191341309595032,0.2466836314383528,0.2809778765126835,0.45697131420947296,0.19602557881245997,0.19475812216882477,0.19507776397952412,0.22972963977367042,0.6180185846046121,0.1955061938588725,0.12984401368986476,0.09517691909329445
GENE_01119,biology_signal,0,0,0.7491661107404937,1.1499202448957726,2.54334196907339,0.9564543195930688,0.8173350631772546,0.895263509006004,0.9506602909642453,0.9504236004200224,0.855150093237675,0.9608498102449651,0.39332296478073847,0.9510033826409264,0.32848532462140606,0.3384360107421395
GENE_01120,noise,0,1,0.2581721147431621,-0.757307165501609,-0.0797413685315188,0.361247804211093,0.5695314371912218,0.45763842561707807,0.18268153012296143,0.1782842897522218,0.14889502500764012,0.146355751339804,0.7369497168117124,0.18176877269754016,0.4000043847283696,0.49461231542149137
GENE_01121,biology_signal,0,1,0.32421614409606403,1.8173916768254168,3.061621816675069,0.7673976214780844,0.3282431058700269,0.45830553702468313,0.8308809121031957,0.8319450184691457,0.8158417692533708,0.8679855970438454,0.04622260439868875,0.8317909800028832,0.037027513232515984,0.08505908699366231
GENE_01122,noise,0,1,0.771180787191461,-0.3619111282665615,0.1280715888631017,0.3107578998032377,0.6818070555334915,0.4589726484322882,0.2416687056821233,0.2399345847738208,0.18159330676912033,0.20775586848175062,0.9246658029621412,0.2408763168458152,0.24840682398304095,0.261963210086743
GENE_01123,noise,0,0,0.3248832555036691,0.1347302933658721,0.3399408634529722,0.3841637295245713,0.5342564713157442,0.895930620413609,0.5895580800067426,0.5858108247485759,0.6198403821178062,0.5541641210175287,0.904758882101186,0.5897522572160027,0.31876247762048815,0.3765605450781352
GENE_01124,noise,0,0,0.25883922615076715,0.5123959502493418,-0.2445611275840478,0.2770695126683782,0.5554987548387277,0.8965977318212142,0.5611774517971362,0.5567240317934034,0.6514544572018908,0.4215274253495723,0.7003054905980077,0.5616951022181967,0.5508280383802067,0.5478557460991581
GENE_01125,noise,0,1,0.180787191460974,-0.2106918216473302,-0.0487575113151843,0.7661181665001924,0.1784800886731705,0.45963975983989325,0.26684608194250675,0.26581055128777925,0.25442402152913834,0.20091052767303097,0.9456511152318876,0.265674592126197,0.18230394300362127,0.16292477687672213
GENE_01126,noise,0,0,0.6490993995997332,-0.0957144244258836,0.0679768726127134,0.7609160019257475,0.5629885019277955,0.8972648432288192,0.6640055135270099,0.6624235730336144,0.7302655283256531,0.74782837490055,0.9980185411070798,0.6637257349776127,0.6871269654936157,0.7391395897019901
GENE_01127,noise,0,1,0.18145430286857905,-0.475516334788411,-0.7787161463517236,0.6844063655799134,0.1727267976560753,0.4603068712474983,0.1713766811458637,0.17027917477016405,0.16773031353533172,0.1256230938697301,0.9480030569379423,0.17027061899107357,0.33066689769462515,0.2943557952664439
GENE_01128,biology_signal,0,0,0.5063375583722481,4.011672460484605,4.173165935245844,0.8544797342671062,0.6458636121961387,0.8979319546364243,0.9934015002940313,0.9934789823323805,0.9713704221045261,0.9630601165387336,0.04372328497710687,0.9935380094154571,0.039054358501946045,0.02682908953918776
GENE_01129,biology_signal,0,1,0.10807204803202135,-2.748813869480219,-2.250946662955349,0.1970720893665342,0.5358356343391724,0.4609739826551034,0.021365489412553937,0.02040261021960715,0.024404810324212062,0.012207835794700028,0.39644233401696827,0.02101876187984684,0.4892640497312055,0.595701202583675
GENE_01130,noise,0,1,0.6064042695130086,-0.9306722580790072,0.1064327614794975,0.351946413870278,0.7350904997405391,0.4616410940627085,0.20240823677775605,0.19802642464896975,0.1514881399052209,0.16973677072437554,0.837506658926765,0.20139366886821167,0.2807475229014703,0.37366261506007004
GENE_01131,noise,0,1,0.6070713809206137,-0.2929130470023193,0.0748868461491711,0.430869206136209,0.7349359805888208,0.46230820547031354,0.29423679199127556,0.28920656567512254,0.270193438124194,0.25091699663525746,0.6810732361463727,0.2934643348052023,0.6944755663181871,0.802002813261601
GENE_01132,biology_signal,0,0,0.6897931954636425,0.1750761693230277,-0.0063312230389155,0.7800790096697026,0.4235311579242256,0.4629753168779186,0.3836648013006094,0.3839525993729626,0.4290310037639021,0.5472159829135511,0.36946130953293443,0.3827658146056346,0.177275341806826,0.14228189590451396
GENE_01133,noise,0,0,0.6904603068712475,0.6620094065030797,-0.6881271806648043,0.4540027212668966,0.5470884550498807,0.46364242828552366,0.3184741980063858,0.31748184853248945,0.332823641102681,0.28260083413660236,0.637636250108699,0.31816208492329434,0.38189715823122844,0.3984208510573311
GENE_01134,noise,0,0,0.7945296864576384,1.3949800594665454,-0.3200097908475555,0.5663458724726594,0.5407965179523508,0.8985990660440294,0.7572602494532656,0.7596912067759781,0.7699494565044664,0.8127178807543137,0.756596974126128,0.7580993037385436,0.4693609655191377,0.51880828784031
GENE_01135,biology_signal,0,0,0.6077384923282189,0.6686351152293328,2.0634579811274096,0.7945663508229355,0.5695138646875217,0.8992661774516344,0.8774497700083786,0.8773281883683228,0.8260340129586292,0.8834994613928314,0.20802557803488664,0.8778971543591504,0.47933324088682155,0.5372194600846497
GENE_01136,biology_signal,0,1,0.6911274182788526,-0.2508651671978902,0.9296310769515116,0.3171719944298315,0.629949861119048,0.46430953969312877,0.3068699115416234,0.3046555063868271,0.22497251352543002,0.3085212289488434,0.043571823281364996,0.3062201890024503,0.44070897589056035,0.480512681169116
GENE_01137,noise,0,1,0.3255503669112742,-0.6050394915416253,0.3852238617204759,0.457091837949339,0.3770439656437927,0.46497665110073383,0.21197313113093602,0.20972183561913316,0.16348017458961858,0.21104996552450397,0.923851716107812,0.21096830362342373,0.5388630314268812,0.6752454219459608
GENE_01138,noise,1,1,0.0466977985323549,0.824846395487266,-0.9522721918324478,0.4816481614806792,0.1474875807098482,0.4656437625083389,0.23949663402254862,0.23887825706469196,0.2143236925950956,0.22579801764650803,0.9787190897136345,0.2391069305077003,0.07816256633403515,0.10233176528281923
GENE_01139,noise,0,0,0.5583722481654436,1.453472040889639,0.6894311835617378,0.8472479247234791,0.657220321886962,0.8999332888592395,0.8921149574886558,0.8913127934344569,0.8639417253259232,0.9045928215995293,0.5601812216264925,0.8927321063513997,0.42866227935061774,0.6001487581195237
GENE_01140,noise,0,0,0.9799866577718479,1.2510318027751488,0.6669505507663243,0.3805214808986121,0.9460630156201388,0.9006004002668445,0.8250178945330714,0.8333791469707085,0.7694575519298965,0.88020586252601,0.5861992231837541,0.8257590403301146,0.6760858950225328,0.6639395284220752
GENE_01141,biology_signal,0,1,0.5070046697798533,0.766794525886396,1.107455420961437,0.701867628527919,0.3469910586663691,0.9012675116744496,0.7826490729204014,0.7838928540364888,0.7986847436811506,0.7531647508836712,0.3062551323679087,0.7831336746799722,0.05092595430176044,0.03361516426063831
GENE_01142,noise,0,1,0.32621747831887926,-0.7917615983472478,-0.0556061169838283,0.7101525445949425,0.2547516537650416,0.46631087391594395,0.20257724379789743,0.20119058118512062,0.16735632370422765,0.1748198412387197,0.8351143614160638,0.20125731442763503,0.07444168460408092,0.07323736146172122
GENE_01143,noise,0,1,0.3268845897264843,-0.2724727679703667,-0.4162935974104903,0.7048999786742343,0.2663772563924856,0.9019346230820547,0.4948530259266753,0.4940241723210927,0.5478412611869659,0.471712175354244,0.8827732795322066,0.4940096080401048,0.3209029775388038,0.21631139344725966
GENE_01144,noise,0,0,0.3949299533022015,0.9031108167345488,-0.8549542448698747,0.4360255596894788,0.1537749285377196,0.9026017344896597,0.5048255381726945,0.507916002024627,0.556112006106654,0.5650797421146974,0.9766762482615737,0.5050773529924764,0.42880798359381667,0.34550074393134733
GENE_01145,biology_signal,0,1,0.9366244162775184,-0.3033001122432159,0.663295659897461,0.5873009469134723,0.7426840489352191,0.466977985323549,0.3850785933383463,0.39002612215229077,0.3634102109694569,0.34036365195969115,0.15771004925675502,0.38399862599695245,0.06069916373591735,0.08677811809201702
GENE_01146,noise,0,1,0.5076717811874583,1.5050996368941412,-0.8745419998212046,0.7273324624119188,0.6999930757330972,0.4676450967311541,0.5671680351563229,0.5621528360901693,0.7148406257940593,0.552958544861782,0.7972441992518178,0.56777804722316,0.3743679122688777,0.4588500231762619
GENE_01147,popularity_only,0,1,0.5590393595730487,-1.1891227875992136,-0.6332125369149024,0.3726347726371636,0.1763133766777155,0.4683122081387592,0.08147928647958524,0.08172029009943765,0.07391136733813784,0.06369533915775147,0.4701200697350524,0.08068916268443017,0.17960925406139083,0.17026309131522915
GENE_01148,noise,0,1,0.5597064709806537,-0.4620382726412357,0.1882202162448708,0.2142447726789861,0.2138390584630584,0.46897931954636424,0.13617176807530662,0.13701637041070733,0.1341490464632056,0.13495717672732244,0.6904472337841769,0.13543967041479243,0.13556393375653705,0.12388516895931531
GENE_01149,biology_signal,0,1,0.25950633755837227,3.1412120928633973,1.2651871689165564,0.9552237272005348,0.3432925994273978,0.4696464309539693,0.8829852283578263,0.8836506759950183,0.9442150600892132,0.6791429186859735,0.02646625974069372,0.8840237550650422,0.05043868459613763,0.0685343313010546
GENE_01150,biology_signal,0,1,0.39559706470980655,1.7206695408493091,1.614097314844643,0.6636916759191533,0.3187685204847931,0.9032688458972649,0.8786600377155364,0.8798313709173536,0.8905609116536412,0.8545539095098641,0.13437902683380087,0.879458754467839,0.13892767033393408,0.25940228013445554
GENE_01151,noise,0,0,0.7498332221480988,0.4351588438209198,0.6206817925705568,0.5605265027779762,0.497380606396263,0.4703135423615744,0.4224588760852725,0.4235844376329519,0.4560616683508697,0.5460175747391431,0.8356771086249682,0.4220901029553157,0.19579936989928276,0.22175071047406994
GENE_01152,biology_signal,0,0,0.1821214142761841,2.484084998451685,1.6314159779786168,0.7441430385938486,0.5835548212052194,0.9039359573048699,0.9471671146702777,0.9467154425012024,0.9392756591039135,0.8595072689695593,0.20404446605573023,0.9477653651480283,0.2421540769911724,0.2140485303042186
GENE_01153,biology_signal,0,1,0.10873915943962642,1.377291743553014,0.0139036523005992,0.4360780534184919,0.3117909118730733,0.47098065376917947,0.4190355244914845,0.4174844234644272,0.3897875499899359,0.4783903761400048,0.2952654665774911,0.41951440762275705,0.19870536787276225,0.17278991742091265
GENE_01154,noise,0,1,0.1827885256837892,0.0524646849156622,0.7583624059773255,0.5117015027754365,0.4110923444325114,0.47164776517678453,0.3447045326102943,0.3410855285433983,0.2948681595874888,0.4416664722357736,0.5736576993726454,0.34411058436927544,0.1398159136867036,0.17811839245472233
GENE_01155,popularity_only,0,1,0.9252835223482322,-1.204584371355485,-0.4876598759153999,0.1860385823586938,0.5199176705378463,0.904603068712475,0.24374813996907063,0.24868146070183522,0.19581421873340576,0.29216573372368804,0.4541479477889335,0.24247453668221164,0.5682546961817341,0.5926905987645835
GENE_01156,biology_signal,0,0,0.1094062708472315,-0.7299556719542463,-0.4996735202039576,0.398906445714451,0.3214785683646255,0.4723148765843896,0.13388332408992232,0.1316702328789402,0.11753236778252292,0.08911981138988437,0.30516375665381945,0.13301904857370858,0.5094898208597841,0.47396519643221857
GENE_01157,popularity_only,0,1,0.9886591060707138,0.4354128795560298,-0.3854193055497658,0.7211269512158971,0.8637231776000881,0.47298198799199465,0.46371422363261905,0.48456471152526265,0.49806265064843686,0.4738344585386322,0.5033584273375793,0.462696887219974,0.5352119762159282,0.577014460098594
GENE_01158,popularity_only,0,1,0.9372915276851234,0.0143447527173055,-0.1519748946825428,0.6025253128711908,0.6843054958858141,0.9052701801200801,0.6303488902613738,0.6369493208496003,0.6446435209323921,0.6512861380126238,0.5319059932580887,0.6300165888686216,0.825115700296196,0.7568342685346521
GENE_01159,biology_signal,0,1,0.5603735823882589,-3.4281769059042064,-2.85774866953303,0.0992425025480352,0.1213857034338499,0.47364909939959976,0.006007444296504733,0.005952032383608863,0.016321506615001327,0.010147824341784309,0.36135661995539314,0.005875347625829498,0.6867967561795696,0.7750827465464164
GENE_01160,noise,0,0,0.2601734489659773,0.6491144159382308,-0.3294758143854885,0.5822964266159985,0.5426398964822561,0.9059372915276851,0.6737210390813918,0.6697881646767397,0.7851301850098416,0.6219485449823023,0.9957788443447252,0.674182592779387,0.07733908786845561,0.10565931426540702
GENE_01161,noise,0,1,0.3275517011340894,0.3876103983150171,-0.3975501012312208,0.6638652862523561,0.6519145444975863,0.9066044029352902,0.6854842675913592,0.6801834862633699,0.7693200530499609,0.6544594809706018,0.9510195386397976,0.6857457673017505,0.34479735048140464,0.3899944414995731
GENE_01162,popularity_only,0,1,0.8739159439626417,-0.2620661352032373,-0.4401453326117515,0.3008444008706439,0.8430272513444728,0.4743162108072048,0.24243102599919805,0.24111674454703494,0.29032761670994384,0.2887636879578174,0.4713594893530947,0.24166915568718733,0.47144730993874895,0.45552632402129595
GENE_01163,noise,0,1,0.6497665110073382,-0.1357555023592771,-0.3246283138372574,0.4009790346961809,0.6187700926986428,0.4749833222148099,0.24818594870781321,0.24546960934760018,0.2106249071175941,0.21224421207650296,0.9334504468457443,0.2474395329639467,0.2834128732443861,0.32111581347521423
GENE_01164,biology_signal,1,1,0.11007338225483655,0.4844055126983644,1.0028956165598282,0.4142972174132925,0.6721286226580967,0.47565043362241494,0.4698281444787091,0.46188733183316644,0.4268748211684603,0.4979517370666205,0.17515798787257864,0.4700321692150159,0.16896995377325325,0.15004181165092031
GENE_01165,noise,0,0,0.9793195463642428,1.5189418547768296,1.0888997820945994,0.6293306948299591,0.8922215840316922,0.9072715143428952,0.8981200064856713,0.9036341963445795,0.7628894785658739,0.9160432881200425,0.5521670446034637,0.8986860018232171,0.5160202119221869,0.5646303252614413
GENE_01166,popularity_only,0,1,0.11074049366244162,0.0590402668983465,-0.597711906888416,0.5876260839172137,0.2082671435441001,0.47631754503002,0.21864067687680558,0.21716227782800485,0.2034367285748847,0.16876029884107452,0.524821752207392,0.21779122590392744,0.2624423068057044,0.26383718655068644
GENE_01167,noise,1,1,0.2608405603735824,-0.4784045830357154,-0.3273804690827884,0.3794380817328923,0.2572862459291523,0.4769846564376251,0.14770067299679018,0.14659866668448907,0.13236631704835053,0.10997871828801685,0.7692490868180138,0.14687248150130947,0.6040830889219483,0.6749991129510954
GENE_01168,noise,0,1,0.7204803202134756,1.153911082613099,0.0208773531940858,0.4310843669793829,0.2406313002685978,0.47765176784523017,0.35983775702844967,0.36486969547850945,0.26525744514439986,0.4142154743180417,0.9439152026296744,0.3598468678313166,0.3283088254727665,0.26985427253518257
GENE_01169,noise,0,1,0.4543028685790527,0.5323760874661737,0.5045151374064729,0.2201842444353201,0.7636165625349444,0.4783188792528352,0.3853783170532967,0.37905471417274667,0.2745214733296683,0.38442432736200227,0.5913017919118657,0.3855839090765577,0.2527483987788181,0.23997414896786487
GENE_01170,biology_signal,0,1,0.26150767178118745,0.4091570759259081,0.1624703928273779,0.6374025024824881,0.7223948279908995,0.9079386257505003,0.7407230938205056,0.7349716484184521,0.7821675288380026,0.7370274912276246,0.4060590393030654,0.7411661531105288,0.5224674515553879,0.6470147978628245
GENE_01171,noise,0,0,0.047364909939959975,1.0839604890592576,1.0112087285527014,0.5839908131020267,0.1461239777289379,0.9086057371581054,0.7416997888631877,0.7429298631150832,0.7059392498429108,0.7051307682765305,0.9585294154018597,0.7424310744662037,0.5328776401943636,0.48734858759075794
GENE_01172,biology_signal,0,1,0.5610406937958639,-2.413454421481778,-2.4700387889879645,0.0667009991095168,0.506403940688024,0.4789859906604403,0.019110215974531313,0.018597188446118126,0.02278081811779881,0.01443163154573781,0.3537103332936432,0.018814631760183678,0.7226493868255283,0.5843502084299061
GENE_01173,popularity_only,0,1,0.6917945296864576,-0.9229872405704572,-0.3085021116887955,0.4150076877764766,0.6410317475908229,0.9092728485657104,0.40471258835036744,0.40137892584324736,0.468599032247042,0.35067070903179864,0.46376311904334033,0.40365177416371517,0.378406028279652,0.4170926109188669
GENE_01174,noise,0,1,0.32821881254169444,-0.4474359820465352,-0.1177416159309995,0.211765820337629,0.4973177276817107,0.47965310206804534,0.16483502459004065,0.16200107327429003,0.14810339898798472,0.1257710850347994,0.729902047904076,0.1641469258739415,0.48506412283243144,0.544216047369251
GENE_01175,noise,0,1,0.8152101400933957,-0.1353281504506524,-0.6255528201302696,0.4440240741030213,0.4716060592618346,0.48032021347565046,0.2070691206590988,0.208301367866592,0.16544168129609432,0.15012310479521107,0.80122472048526,0.20618413497865143,0.19300143644892204,0.1360811876760847
GENE_01176,biology_signal,0,1,0.18345563709139426,-0.8209704617281839,-1.9041747075338529,0.0850657171390252,0.4361296168815298,0.9099399599733156,0.16514689091265905,0.16201723200190343,0.1770368778507905,0.06677530000339453,0.3504347911014156,0.1643852291216886,0.7656823357595663,0.6226583096348152
GENE_01177,biology_signal,0,0,0.9212808539026017,0.584031428917284,1.8655973178945915,0.8507287318683888,0.4632447644470705,0.9106070713809206,0.8537326898332478,0.8587235610193866,0.7210545111086568,0.8009674149374912,0.318922466144275,0.8539903814605012,0.632507578035126,0.6209224695325645
GENE_01178,biology_signal,1,1,0.5083388925950634,-0.8788261375534081,-1.3367516932135044,0.7193835829413242,0.7317643473105987,0.4809873248832555,0.20522674715718542,0.1993977823046552,0.25377971789305315,0.1145786863107183,0.11459617220464002,0.20392067170543818,0.5048350067437638,0.6019953594936113
GENE_01179,noise,0,1,0.561707805203469,-0.1946606605872174,-0.2634256362124317,0.8985780224045471,0.3454424233041188,0.4816544362908606,0.3292010934575819,0.32843126131306244,0.3754357754203258,0.475514774329819,0.7998873244640126,0.32788135484560205,0.3268506452944613,0.3157110770847859
GENE_01180,noise,0,1,0.5090060040026685,-0.2271832434209458,0.5837074408478958,0.503720323373202,0.5813274974658912,0.9112741827885257,0.6109045365383664,0.6076815647994451,0.6340251425171711,0.6699551203783666,0.6955015927481926,0.6107541066630726,0.39572194238936126,0.5096859431154686
GENE_01181,biology_signal,0,1,0.3962641761174116,-2.5639374577742724,-1.9154972806218151,0.0429285596825326,0.2803893454441551,0.48232154769846564,0.016159750993122415,0.01585557272707691,0.02777429993320361,0.008665922121474991,0.07391229891971118,0.015896123192230042,0.7668110120110372,0.8327800821335726
GENE_01182,noise,0,1,0.4549699799866578,-0.7984024991616688,-0.3507358754210326,0.6319099894758259,0.7460887047643049,0.9119412941961308,0.5302398995158252,0.5222374384152422,0.6482286337264457,0.5602204691109541,0.9379740681132017,0.5293775914809584,0.8535107680221109,0.7939189064926209
GENE_01183,biology_signal,0,1,0.18412274849899934,-0.3740371266961297,0.3718622449983912,0.6635238440082603,0.0915947975367343,0.4829886591060707,0.23134734944602509,0.23149038701137573,0.18409311281299137,0.11935027960034118,0.013248933360988202,0.23019689731774384,0.38309282710431364,0.30997720342415447
GENE_01184,noise,0,0,0.5096731154102735,-0.609092875606841,0.2581419699264055,0.6543108586272475,0.3655691369558711,0.9126084056037358,0.5152668279877627,0.5145237983242114,0.5372973632971297,0.5525067179322478,0.9654831831452823,0.5143248617036218,0.5213356661898513,0.40811335115181313
GENE_01185,popularity_only,0,1,0.9866577718478986,-0.8365097965176869,-0.5216062246134314,0.3959879529421783,0.8239120813971443,0.4836557705136758,0.18381170200839572,0.19476046317954793,0.18451716970321672,0.1954926548062036,0.5372293087367024,0.18244672789378202,0.5936685438270116,0.5834793788744655
GENE_01186,biology_signal,0,1,0.6084056037358239,2.159624426265686,1.9923175454058757,0.8351493040361656,0.3302322893896558,0.9132755170113409,0.9338146945162427,0.9351531514933753,0.9223863466587645,0.9194518630606808,0.24204799714277858,0.9343899299585412,0.22808659587248087,0.3752269934924878
GENE_01187,biology_signal,0,1,0.32888592394929955,-4.08924096441326,-4.1796254011511085,0.0138185507433726,0.2287458331165879,0.48432288192128087,0.0024493646950702885,0.0023735338060445485,0.010150594139224312,0.005582055500983793,0.4232225538765342,0.0023872456581801875,0.9049479192178296,0.9317925171612251
GENE_01188,noise,0,0,0.1114076050700467,0.0750401038526498,0.2091171340509921,0.3504576592261227,0.2758815408626887,0.9139426284189459,0.4840640656656993,0.4825526128953121,0.45740909608235597,0.5469697723519852,0.9577436935056591,0.48394120643455957,0.45108992301550305,0.32295325256771434
GENE_01189,biology_signal,0,0,0.5623749166110741,1.4174076261027195,1.958617515230736,0.7623950546526089,0.316401879865149,0.914609739826551,0.8865683903861458,0.8882438500072694,0.8724386390440856,0.8601792831013517,0.31600868044604347,0.887195175558951,0.25440752776661313,0.29558144356124616
GENE_01190,noise,0,1,0.11207471647765177,0.481615727469721,0.8737432170270525,0.8065058093945405,0.4777060745758515,0.4849899933288859,0.5429199327775959,0.5376681182354774,0.686293400988187,0.5800220639082738,0.8605077158362918,0.5427345912069614,0.20829565807755077,0.18192765280544235
GENE_01191,biology_signal,0,1,0.1847898599066044,-4.197644482919782,-5.320920641518548,0.0132094606383012,0.0442641553431884,0.485657104736491,0.0012078008347998184,0.0011752091925578737,0.012609818966184495,0.00966892373378718,0.02405210094887078,0.001174361468844789,0.9255897227846259,0.9382971857561029
GENE_01192,biology_signal,0,0,0.5103402268178786,0.6566216322337367,0.4128925915950884,0.4396933137078958,0.6490053976985837,0.9152768512341561,0.7146709839111809,0.7119323850464704,0.7450149945456113,0.7401355753247771,0.08183838177221459,0.7153528124441186,0.776323831898586,0.743725808269583
GENE_01193,biology_signal,0,1,0.3295530353569046,0.2884435588717602,1.5421340099464502,0.7168424597141011,0.3725499993181383,0.48632421614409604,0.51211163229545,0.5104262205389383,0.5470517457185693,0.6384987846645142,0.3441858837458196,0.5117671165393005,0.2584034108196471,0.23183192229632166
GENE_01194,noise,0,1,0.11274182788525684,-0.2153967718688311,-0.728284847044584,0.1401658254972825,0.0373855714393509,0.48699132755170116,0.08812055131801105,0.08829956685737372,0.13843372088569111,0.10981932634466464,0.6490895791500023,0.08760798535662145,0.32073944028261014,0.32243039393322814
GENE_01195,biology_signal,0,1,0.1134089392928619,-2.869361516657635,-1.0190620410367333,0.1186577344485284,0.1008212178761587,0.4876584389593062,0.017187477501036684,0.016910820361303317,0.030265303135999278,0.01644902211189578,0.06927415575992235,0.016890711536536332,0.5444793825424962,0.4427091718045826
GENE_01196,noise,0,1,0.8158772515010007,-1.0031098398732023,-1.1753982286081002,0.2011561442754311,0.7125829841345963,0.4883255503669113,0.10324812010119161,0.10204752190827883,0.07610085399296551,0.13748537594592294,0.8018674249777653,0.10248417436094998,0.5214388178715915,0.6811565407156399
GENE_01197,biology_signal,0,1,0.2621747831887925,-3.443863887598827,-2.5339615604411545,0.2402203147322448,0.3519105220683833,0.48899266177451634,0.010822905729756154,0.010451934906182426,0.014973156194596405,0.010452380828863454,0.39438273724240624,0.010600651900363089,0.7474117961908688,0.8326469362153663
GENE_01198,biology_signal,0,1,0.9439626417611742,2.846386787863449,1.1939142208695157,0.9435153073940092,0.9547764954440991,0.9159439626417611,0.9732767759425329,0.9741064925880444,0.869672855635108,0.9523342283322298,0.1300451174861047,0.9736040944723067,0.1643909967686164,0.22227117910856634
GENE_01199,biology_signal,0,0,0.8745830553702468,0.559493978862701,1.319564845646048,0.7141801723390334,0.5811433994456306,0.9166110740493663,0.8163006458053328,0.8193993110310435,0.7513621362811094,0.8801462032462413,0.34431819329153657,0.8166605743126953,0.3103253475127244,0.24201248191822125
GENE_01200,biology_signal,0,1,0.6504336224149433,-0.5869372070493166,-2.155381898039875,0.0302643274036157,0.5744321646826961,0.4896597731821214,0.06486236544875161,0.06383354659751413,0.08558333436650609,0.08765116667048115,0.44326252956369594,0.0644068812034912,0.45127729153257945,0.4594180034794865
GENE_01201,noise,0,1,0.7951967978652434,-0.1362957377481925,0.1627784719809078,0.7923662394397674,0.3417983537190721,0.4903268845897265,0.33452985177994066,0.33769335608853424,0.30998687670936304,0.5117525391902088,0.7042205606612384,0.3332899205056252,0.28093708632761527,0.18754496846307295
GENE_01202,biology_signal,0,1,0.33022014676450967,-0.0420401801804344,-0.468648984027132,0.5703136317381557,0.5257879385513919,0.49099399599733157,0.27817885820503907,0.2736704636628572,0.2853527311228615,0.3094029133667388,0.1649619422050227,0.27736841358053105,0.15164316628143748,0.13959767096699247
GENE_01203,biology_signal,0,0,0.9979986657771848,3.603784905351112,2.4589816643567515,0.9810946401555029,0.9680822366149976,0.9172781854569713,0.9888187437054998,0.9905380145207511,0.7271922689113582,0.9098589504117068,0.39173393323698025,0.988968904230646,0.14111352451718354,0.2949499962288127
GENE_01204,biology_signal,0,0,0.9059372915276851,0.3457245616746811,0.4765560373427243,0.4695601845899216,0.3756968306971586,0.9179452968645764,0.6089093295761923,0.6180538410748898,0.6366868045299098,0.6521196711069615,0.3671353273728618,0.6088762012616046,0.43250395409333353,0.46392516686081664
GENE_01205,noise,0,1,0.45563709139426284,-0.4057859317124785,-0.3552461235043623,0.4132617267813297,0.4928106223884009,0.9186124082721815,0.43889313672783564,0.4357178673446469,0.4849190727961173,0.3512228451201106,0.5795675264163798,0.43825583721454975,0.32735422336315245,0.40252945760646336
GENE_01206,biology_signal,0,1,0.11407605070046697,-2.3465709082694737,-1.6852773231403444,0.1569611645337017,0.1476224786401436,0.4916611074049366,0.020509463924431544,0.020141702010900427,0.03301066854223698,0.015795158724682703,0.44018179780503,0.020189604722893842,0.6982365480064894,0.8025466546805777
GENE_01207,biology_signal,0,0,0.8472314876584389,3.0705972332868265,2.981666085507505,0.9611852636436924,0.8840462595494583,0.9192795196797865,0.9876860102158034,0.9878440292664413,0.954210499743713,0.9689360470152917,0.14960101645364632,0.9878788315940568,0.210698686753114,0.2246652202915607
GENE_01208,noise,0,0,0.9066044029352902,1.060030300944049,-0.3979573169811623,0.6208430664191632,0.965319128769508,0.9199466310873916,0.8100835855950986,0.8103492211520116,0.7594339764557171,0.8549950063360701,0.9474923454624187,0.8107520404307166,0.4513352498186524,0.5021059200064062
GENE_01209,noise,0,0,0.7958639092728486,1.0058281561666578,0.1917966862562063,0.5603032022085112,0.612038591936159,0.4923282188125417,0.5012064506005098,0.5021377249122133,0.6322056426612221,0.5201387338500442,0.8972937515205452,0.5014186350053789,0.2870405187185553,0.2264086304715725
GENE_01210,noise,0,0,0.847898599066044,0.6209266877228554,0.2713734019314678,0.8286841443979538,0.9631446132595124,0.9206137424949966,0.8509509741238511,0.8495660569328594,0.7168759622564971,0.8161078308267345,0.9561959619326807,0.8513546924126197,0.6768288881409996,0.7204746594337812
GENE_01211,biology_signal,0,1,0.885256837891928,2.978932379694907,2.239862602911784,0.9171747183852044,0.9077309791454844,0.49299533022014674,0.945019103298254,0.9456442553048211,0.9110319285457661,0.9240919404770275,0.38701154369665935,0.9456319276030374,0.07480289800802936,0.0676163396166471
GENE_01212,biology_signal,0,1,0.18545697131420946,-0.1385364373876305,0.1349922579162688,0.4288533796336294,0.3187789811140695,0.49366244162775186,0.22743535300981255,0.22528383217946366,0.188489190370178,0.2215338338031984,0.25813379937629055,0.2266643785735132,0.11550920120029423,0.09852682635231129
GENE_01213,popularity_only,0,1,0.9379586390927285,0.418054287169595,-0.3042068563710228,0.4952749556099079,0.7451129707714834,0.4943295530353569,0.37309523964200525,0.37838787204475455,0.48240505915368215,0.37695591729392397,0.5237036630624609,0.37254130002759983,0.3443330467359574,0.19854566686563416
GENE_01214,noise,0,1,0.609072715143429,-0.6154460243309644,-0.6878484191419106,0.525148782352595,0.7813296174446375,0.9212808539026017,0.49646662223284466,0.4897022443950121,0.6029756362961305,0.46726476172233505,0.831771757337041,0.4957379184210585,0.6492841005513007,0.4970271400300883
GENE_01215,noise,0,1,0.39693128752501666,1.060584278378302,0.1016104114279057,0.3964639238781539,0.377535697845053,0.494996664442962,0.3822612532532066,0.38156530848500775,0.33881867354371603,0.43309202085644344,0.7384306387216529,0.38245206974968643,0.2616321438682315,0.22260603023416609
GENE_01216,noise,0,0,0.4563042028018679,0.8324358430810028,1.0367972958170228,0.2357613759772093,0.5955972728254848,0.9219479653102068,0.7128134362771739,0.7109580524929952,0.6612938219332346,0.6842314610274828,0.7197104583704843,0.7138110980132673,0.5338848019119465,0.6748720421372917
GENE_01217,noise,0,0,0.8485657104736491,0.336511175854381,0.1866571875316291,0.7251144530738357,0.9109689532291216,0.49566377585056703,0.5410946704391227,0.5378748133017803,0.6076756139107148,0.5566528293554215,0.6316469238508319,0.5408160071120275,0.6226051635166325,0.7487910951924434
GENE_01218,biology_signal,0,0,0.885923949299533,4.149174416219396,4.559799390721416,0.912251264827288,0.8669329522289444,0.4963308872581721,0.9877868298842437,0.988101243361308,0.9352453646295085,0.9518410421972998,0.050714308904530325,0.9880155959488351,0.05201835613201786,0.06082010361995103
GENE_01219,noise,0,1,0.5630420280186791,-0.7880140387691212,0.1741616871645158,0.242190082479454,0.4535830731130026,0.4969979986657772,0.14956949069229722,0.14828296440591948,0.12093561089577154,0.10272979428568917,0.8090026188015453,0.1487278894867215,0.5728294582239531,0.6885181064206883
GENE_01220,biology_signal,0,1,0.45697131420947296,1.831790687976148,1.3795657735872644,0.8607601344144716,0.5045623982704043,0.9226150767178118,0.9210234266304025,0.9210681474698369,0.9161685646369181,0.8793099625755525,0.23689500694664156,0.9216184599781088,0.1534532850644051,0.11669481765925181
GENE_01221,popularity_only,0,1,0.9919946631087392,-0.6987718384920866,-0.4849458228218069,0.6520734252397967,0.8973671620503849,0.923282188125417,0.5493636118912619,0.5728376879223882,0.607815168191658,0.5957523027501327,0.4856153688705035,0.5478047413163806,0.648097211925874,0.6548438181087357
GENE_01222,popularity_only,0,1,0.6511007338225484,-0.2999071797603452,-0.0115932740557558,0.6264464284691926,0.5653694346239346,0.49766511007338227,0.30438964473750973,0.30182717362850164,0.3125514889725591,0.3394408825335581,0.5150220360203721,0.3033465820543647,0.15285886525717418,0.15251986732405437
GENE_01223,noise,0,1,0.609739826551034,-0.5019842250725239,-0.4754264005119715,0.4991342826600718,0.5233626277789339,0.4983322214809873,0.20464753211219203,0.20248100857399542,0.16970205538434033,0.16676064756466505,0.6612764866260578,0.20363611858034564,0.425119822761656,0.415050794549911
GENE_01224,biology_signal,0,1,0.33088725817211473,-1.9695148106329308,-2.61145201058054,0.1364395818639131,0.5138781280404666,0.4989993328885924,0.026627330049944,0.025723901050898768,0.03273734951585116,0.019591719399807396,0.023575361970781583,0.02626771771771449,0.876324940002564,0.9000349020280984
GENE_01225,noise,0,1,0.8165443629086058,-0.2796107673703939,-1.1508071128573292,0.4725026214809852,0.5902458966754972,0.923949299533022,0.427089688617432,0.4275447212897838,0.5623130557397171,0.338226752818638,0.9146133132345218,0.42631504578869694,0.7048446559500889,0.6567762291789464
GENE_01226,biology_signal,0,1,0.18612408272181455,1.5240999158797368,1.833889163377896,0.8399143674533853,0.3692442947275927,0.9246164109406271,0.9056219651803742,0.9056106978321656,0.9031854308597699,0.7735783337089233,0.33353642627085445,0.9062236651924661,0.20755762428757382,0.17145705108276713
GENE_01227,noise,0,1,0.01200800533689126,-0.1794803596426169,-0.2860445037436538,0.3130714505211204,0.1835434014880511,0.9252835223482322,0.36246615595672577,0.3608570554302391,0.31728212182008625,0.41310098294207953,0.7541273236890883,0.3619274564705428,0.410278992761742,0.340941417422185
GENE_01228,noise,0,0,0.9419613075383589,-0.5148666481097709,1.1055160313875578,0.7283381704156583,0.9374794197943672,0.49966644429619744,0.498677437767196,0.5011624222511397,0.418441930070688,0.41861551167964584,0.768117981514831,0.4975759463722286,0.3211440724447119,0.38600356258714946
GENE_01229,noise,0,1,0.45763842561707807,-0.5166760389864001,-0.2854999203983901,0.2606530343390523,0.5711444482961252,0.9259506337558372,0.39689866774845284,0.3926426285831519,0.4125117813880954,0.24803166279715697,0.991628634622969,0.3963185096737942,0.2002735920644375,0.1467763569350505
GENE_01230,noise,0,1,0.1867911941294196,0.2956147178006844,-0.427624526993143,0.4303856652271799,0.1255317483019161,0.5003335557038026,0.19975805507972252,0.1999395304419237,0.17955114880173487,0.16740958456387797,0.9326956953162057,0.19912133708851995,0.40726594286094775,0.4167626138180381
GENE_01231,noise,0,0,0.8579052701801201,0.4614270331188231,0.7506680658792803,0.7677057120770976,0.7928078739821174,0.9266177451634423,0.8232553348243772,0.8236706200257427,0.7183266737621097,0.8623989681553426,0.857075628147346,0.8235887819989637,0.4502114488308451,0.39510275436815523
GENE_01232,biology_signal,0,1,0.771847898599066,0.3100402597022452,-0.3165531941265713,0.3936286754857089,0.8999545088245937,0.5010006671114076,0.37155466236708895,0.36658497358108105,0.47895816960536464,0.394819573754445,0.11357967528060586,0.37129900132181787,0.30119259550362504,0.28965116774174793
GENE_01233,noise,0,0,0.5110073382254836,-0.359850093028765,-1.0996361470096774,0.2774411580326573,0.7422348738090174,0.9272848565710473,0.3986759786492652,0.3920441633079013,0.4775356070786384,0.2252861312051167,0.7134044353681689,0.39820765259043,0.570871582034557,0.5912275537213203
GENE_01234,noise,0,1,0.7965310206804537,0.2923824168828418,0.2254673767087177,0.7610585773311969,0.6091141618061049,0.9279519679786524,0.7355432910770017,0.736243355656824,0.7286022201820366,0.8243568001618533,0.7562363514649693,0.7356335552461308,0.6448083931690044,0.7070305511372805
GENE_01235,biology_signal,0,1,0.04803202134756504,-0.2473364957891336,-0.3098392490904962,0.3653924063545752,0.2226315226014378,0.9286190793862575,0.3781944279308349,0.3763501569678861,0.3212309226190184,0.41323361631196737,0.42029782081315203,0.3775804052644681,0.7920890077848679,0.8165302526840409
GENE_01236,noise,0,1,0.6104069379586391,-0.0910156818537445,-0.1649645628232549,0.4627149116400982,0.3419144718034563,0.5016677785190127,0.22317690652622488,0.22341457716531318,0.1784682226639668,0.211133815711983,0.6603992649953275,0.2223309372843014,0.29244612607824527,0.2110907912867716
GENE_01237,noise,0,0,0.45830553702468313,-1.1206748123326948,-0.0564486708719251,0.3996122760689837,0.6644736181451242,0.9292861907938625,0.40211759240033396,0.3956448049336296,0.43893079217140424,0.3462240099873517,0.6642408098019346,0.40102450897175107,0.6834951849418084,0.7486387519221164
GENE_01238,noise,0,1,0.3975983989326217,-0.3185854909916102,-0.396788802979677,0.8713020922025628,0.1729510737371574,0.9299533022014677,0.5222933122177599,0.5233265839296201,0.6047481029658284,0.39237589231409953,0.5934574039234798,0.5212301274486688,0.31537586605785395,0.3293929200626802
GENE_01239,biology_signal,0,1,0.39826551034022684,0.3828510849432628,0.4818586462100813,0.6993435588860074,0.4620891540280949,0.9306204136090727,0.7190987872295435,0.7174637798346968,0.7731643535982199,0.7311983334768575,0.27137227536457353,0.7193372045591854,0.4234571609162427,0.5879732737858439
GENE_01240,biology_signal,0,1,0.1874583055370247,-1.170547109972339,-0.3218622850006262,0.1697788554264086,0.348858979278252,0.9312875250166778,0.22884344898346606,0.22608733818200785,0.1799156360832708,0.15411048052195622,0.03098237058255815,0.22781239846188145,0.6491414610167803,0.7905896313170753
GENE_01241,noise,0,1,0.6110740493662442,-0.5996123208061408,-0.5593711274249713,0.5720903848333058,0.6390894161798978,0.5023348899266178,0.22953613559983538,0.2257027667951107,0.22336230084213823,0.1624889671065361,0.9895177622872827,0.2284189511292624,0.2221113505468636,0.17463967888133652
GENE_01242,biology_signal,0,1,0.8172114743162108,-0.357105136955722,-1.5818872782024649,0.4419165909692931,0.7030833802739975,0.9319546364242829,0.396663294661945,0.3950548418469825,0.5370725321324915,0.3109440393233499,0.17334883142117885,0.39584615283803143,0.7806472561614607,0.7859951003951676
GENE_01243,biology_signal,0,1,0.3989326217478319,-2.594137533421179,-2.433824116274749,0.1351578227424531,0.5808265844069003,0.5030020013342228,0.02094255650657791,0.020130134879693205,0.022580050852089764,0.013932241450215224,0.1691854547044752,0.020612768368842835,0.3732876894534504,0.32657687398917773
GENE_01244,biology_signal,0,0,0.9913275517011341,2.093801267566328,4.836352576131465,0.9788722198361652,0.9442274959368974,0.9326217478318879,0.9886875298906974,0.9899157791753476,0.8098329556525237,0.7769827475970894,0.320896691592775,0.9888106220886113,0.15110773334219002,0.419888450806272
GENE_01245,biology_signal,0,1,0.39959973315543695,-5.755048537306769,-6.438736063195032,0.0044204255255944,0.0824161868022775,0.5036691127418279,0.00030958936019691676,0.00029925951848977874,0.008028777302097835,0.007661239746469145,0.0005435430608442537,0.00029866173037592893,0.9257680297759776,0.896978330275803
GENE_01246,biology_signal,1,1,0.9659773182121414,0.6401193135439317,1.4397866590534785,0.5896623015781495,0.9340948028680216,0.933288859239493,0.8547778990924589,0.8596323482428945,0.739317612673072,0.8702499532142459,0.05611216151137732,0.8552111690319302,0.35021587119185915,0.40188608071356746
GENE_01247,noise,0,1,0.11474316210807205,-0.0028086010416494,-0.4672004093961043,0.4456956874700414,0.2897365630758887,0.933955970647098,0.4465847782900775,0.4442872871120304,0.44796329707439836,0.4780229517968924,0.9095578893834413,0.44618494801845526,0.3437257936182888,0.42005709540229946
GENE_01248,noise,0,0,0.7725150100066711,0.5311040824603704,-0.0031269270519502,0.5463942108686266,0.6929749905283119,0.9346230820547031,0.7051927475518404,0.7046654835336275,0.7230436834230101,0.7798863706606195,0.563681593022759,0.7056038322154629,0.7775906169890284,0.7626375623495582
GENE_01249,biology_signal,0,1,0.5116744496330887,0.2456978224691829,1.103466130674618,0.5075220054774653,0.4151818570443992,0.9352901934623082,0.6802159727026648,0.6804075926693011,0.6552098350594464,0.7359152668257471,0.24511567398477618,0.6804773644339983,0.5077941598528327,0.60702650841198
GENE_01250,biology_signal,0,1,0.2628418945963976,0.5611568367895516,-0.0452700440303798,0.2825357533583993,0.4899254101028031,0.5043362241494329,0.29412884110391074,0.2905593968641515,0.25594682010727854,0.3336615017974905,0.26332065895368895,0.2939837484550944,0.654371719735856,0.7197741084735955
GENE_01251,noise,0,0,0.400266844563042,0.6965266649487003,0.9487606581524024,0.6453089304836234,0.1307331904728417,0.9359573048699132,0.7008471272019532,0.7042395735650946,0.6816081548298625,0.612792424800778,0.5529929699964375,0.7011904547166784,0.4108652647659152,0.4399499721269436
GENE_01252,biology_signal,0,1,0.7505003335557038,0.6100529383798369,-0.4625487683595401,0.2760928487404762,0.6647679275216585,0.505003335557038,0.30283123184307376,0.30140687488943846,0.3020658698597913,0.2790154677208277,0.4102708634576905,0.3026683718078365,0.3967264101898079,0.3133180200499289
GENE_01253,noise,0,1,0.2635090060040027,-0.0521676173183389,-0.1062268213964929,0.5797382523652906,0.3377633227586946,0.5056704469646431,0.26444908782298027,0.26213517426090366,0.23697268537646607,0.2739404733607849,0.8000538329277681,0.26357943571508774,0.3977951100492686,0.3656466270301503
GENE_01254,noise,0,1,0.11541027351567712,-1.3464979083525812,-0.436385865340254,0.6845476834009139,0.2109806123623497,0.5063375583722481,0.12583673297359588,0.1240586796388325,0.09249639753521477,0.08677312612457043,0.9454762812776658,0.12463901669975379,0.05203602487477618,0.05295391379103646
GENE_01255,noise,0,1,0.3315543695797198,-0.8437318770497862,-0.0732485680075906,0.5565887117298968,0.7653003647547278,0.5070046697798533,0.26045828174747365,0.25258929164643035,0.2888211376271033,0.16654130417687055,0.9587423294326037,0.2593099589384847,0.3573475357822422,0.46622451434620205
GENE_01256,biology_signal,0,1,0.11607738492328219,-2.0821792304785878,-1.593359485603187,0.2705660574609495,0.4901331520293756,0.5076717811874583,0.04272790889402699,0.04114717167270764,0.04312884065143004,0.01947960722733616,0.4159134559503527,0.042179948013423146,0.44535013573849985,0.35937190955831777
GENE_01257,biology_signal,0,1,0.40093395597064707,1.119344536752712,-0.4336791115994018,0.3000290583490797,0.6379223720523074,0.5083388925950634,0.38077096257059123,0.375990405020656,0.36085923934467923,0.4017220234443991,0.2991124830691516,0.3811888492461232,0.11952207786636482,0.13807904062585918
GENE_01258,biology_signal,0,1,0.4016010673782522,-0.4895921166401158,-0.7158766129831212,0.1819675158558868,0.56242699073537,0.5090060040026685,0.13636263721012482,0.13353750252108454,0.12507769840859645,0.11880422606013612,0.20252109370786853,0.13570983475423726,0.3800413696220279,0.28431735669470903
GENE_01259,noise,0,1,0.11674449633088725,0.9380410085183436,0.43874924951499,0.7790437555090406,0.6721678761583761,0.5096731154102735,0.61623555492173,0.6085958666499103,0.7907545072273958,0.5454691617289756,0.5721311185387778,0.6166214106330314,0.08753381473450401,0.143860058196033
GENE_01260,biology_signal,0,1,0.7211474316210807,-1.1382023122470728,-3.653801381702474,0.3398612026684658,0.6358038612420308,0.9366244162775184,0.129694069770659,0.1274518503264857,0.22200054689708523,0.049485018467952634,0.04581896280382247,0.12869842610240778,0.953043452426322,0.9191665192599676
GENE_01261,biology_signal,0,0,0.3322214809873249,2.673290065564107,3.404860838827938,0.9704817951794428,0.0898112048799952,0.5103402268178786,0.9064106481796822,0.9087215054018035,0.8954528339852449,0.9018177459154645,0.3526442868186942,0.9071855255154175,0.017926491277693378,0.04400823248167293
GENE_01262,noise,0,0,0.04869913275517011,0.2238349730457841,1.3212865649708994,0.5786452012538787,0.332439422862105,0.5110073382254836,0.42255485684079563,0.41926427421335927,0.35802798281149256,0.4746779803851519,0.9372260121389574,0.42215954654915305,0.42731036796246075,0.3992946754191214
GENE_01263,biology_signal,0,1,0.049366244162775186,-1.3410950148515837,-3.4766735528320254,0.1130136991502453,0.0567479191628793,0.5116744496330887,0.016476840156379905,0.016257934469462023,0.05890413164039411,0.02703610961112782,0.4059936421500635,0.016252613707783536,0.5326453132544257,0.5393282157738369
GENE_01264,biology_signal,0,0,0.8979319546364243,2.4439107068457173,3.000254964803673,0.9652751321981732,0.7519133190583409,0.5123415610406938,0.93640564193271,0.9377715020511466,0.8970266796019327,0.9427465968178528,0.13819275286438182,0.9369729618861448,0.06968777886407641,0.04106189835307757
GENE_01265,noise,0,1,0.11741160773849232,-0.0017067504688575,-0.4579989251260591,0.4817045849897441,0.1599867057567311,0.5130086724482988,0.18739478935300186,0.186609414323503,0.1690356447290523,0.13512135062065253,0.5638157239176681,0.18661184573821585,0.33335308984835466,0.27997915818166264
GENE_01266,biology_signal,0,0,0.33288859239492996,1.1605247377606918,-0.1160931053894012,0.4633774898361126,0.1730649086638398,0.9372915276851234,0.6277320998646433,0.6305029223648944,0.6804257347070709,0.7360934836130394,0.36183900034245176,0.628432100691918,0.11617697722682334,0.061028745708195484
GENE_01267,biology_signal,0,0,0.5123415610406938,2.93689358598081,2.614650164344169,0.9061407629960404,0.5467204495616265,0.513675783855904,0.928256758185758,0.9285631917747041,0.9285131112506,0.913884092600411,0.2859689738890847,0.9290101355789638,0.05605559098698065,0.07138319723729153
GENE_01268,popularity_only,0,1,0.9719813208805871,-1.3664716583090557,-0.1866879072633379,0.687912313828461,0.8849083570402131,0.9379586390927285,0.49854027650652655,0.5072309408774387,0.49756156514281125,0.4400904293113737,0.476299701334835,0.49670660809397843,0.817118466349951,0.6310299293907343
GENE_01269,biology_signal,0,1,0.05003335557038025,1.258841180981837,-0.6724730927360228,0.669075998590307,0.3510963492766922,0.514342895263509,0.431548742201523,0.42805513065657247,0.500308914320099,0.4382110820670306,0.19620154306621151,0.4317038028708025,0.12805854183808624,0.10923639668834936
GENE_01270,noise,0,1,0.333555703802535,0.1352683735610512,0.4890961581894577,0.3829190805946342,0.8226016773457455,0.5150100066711141,0.39882155153269216,0.3897912239007636,0.36082955187155596,0.374168275310349,0.5966058768553585,0.3986549347125067,0.19684333593502043,0.29441316745839424
GENE_01271,noise,0,1,0.3342228152101401,0.6435842825886158,-0.3431150323431567,0.7802606458221905,0.2426789871543944,0.9386257505003336,0.658215710801353,0.65887968503589,0.7609346784089012,0.5245388223806338,0.6055474253695228,0.6583056914662389,0.2659989277859925,0.19349039887068178
GENE_01272,biology_signal,0,1,0.18812541694462975,1.7729220135729746,2.145111698963873,0.7803944831566122,0.20754620073658,0.9392928619079386,0.9055863790432461,0.9066546282384662,0.8937492010108692,0.790716455555051,0.2671300495694495,0.9062535453525222,0.11157664988028908,0.07883400091466047
GENE_01273,noise,0,0,0.9926617745163442,0.6326116084038582,0.954525160656215,0.5098559782835674,0.8926008419557605,0.9399599733155437,0.7950552639319433,0.8118802674501234,0.6756555687742258,0.6817366410645109,0.9123156150956281,0.7952339672876513,0.4936436227982748,0.6501284786964036
GENE_01274,popularity_only,0,1,0.6117411607738492,-0.97630447856512,-0.3797614698036733,0.3898198810314164,0.4385979637001415,0.5156771180787192,0.13351204048071338,0.13238445065951535,0.09455096075314316,0.085254759935554,0.4998535853504352,0.1325475678098987,0.3747356897240185,0.38715474558153956
GENE_01275,noise,1,1,0.8865910607071381,0.5089794503509151,0.2490319279493971,0.420148577968611,0.5958722792244223,0.9406270847231488,0.6556341157757378,0.6602234508067952,0.6702665170323496,0.6624338395047841,0.892068084916155,0.6559673440993296,0.18046826250261483,0.2122662718319455
GENE_01276,noise,0,1,0.4589726484322882,0.4647174878240894,-1.3226357685024213,0.6155361582933334,0.4609475057406928,0.5163442294863242,0.27339200713804374,0.2707401065145117,0.3217114554461674,0.28983374891919766,0.7868267065915113,0.27274562654271556,0.7827083548293967,0.7810379828546424
GENE_01277,popularity_only,0,1,0.9613075383589059,0.0622498629525914,-1.1648184469467826,0.2496380001422327,0.8710181293460106,0.5170113408939293,0.21563626695155794,0.22026753427702517,0.33900412966476673,0.3476347206115764,0.5159946944768237,0.21490558497106924,0.5421045840682772,0.6193716776006124
GENE_01278,noise,0,1,0.1180787191460974,-0.3738129939256479,-0.8698932995157782,0.4198728576711352,0.105624147419813,0.9412941961307538,0.30031923120119697,0.30026651535085336,0.23319609411731376,0.3547220015270361,0.9203933149313192,0.29939566007407964,0.7465060420836988,0.5481317042905278
GENE_01279,noise,0,0,0.7971981320880587,-0.5567654520522023,1.0184433480854869,0.6594443957536187,0.9043887151359076,0.9419613075383589,0.7293278562225793,0.7258237370524746,0.6624306155665047,0.7914128450693331,0.9723710334876877,0.7291549288998465,0.6938447058318102,0.7236401040975069
GENE_01280,noise,0,1,0.1887925283522348,-1.6146572258320144,0.2334307290548925,0.3419189789131078,0.1965445285396934,0.5176784523015343,0.08589665809716578,0.08498511724578296,0.07682126200085289,0.05428526017892853,0.7272995070891705,0.08503699321854805,0.4615984705817301,0.46748246373367924
GENE_01281,biology_signal,0,1,0.6124082721814543,0.5737059701731821,-0.3361418914523726,0.289985278251285,0.721082949562459,0.9426284189459639,0.6094365203233243,0.6058137356402108,0.6548461574147163,0.5230488558694055,0.42046355115198897,0.6100566078137918,0.608370498873323,0.6841325718217443
GENE_01282,noise,0,1,0.11874583055370247,0.6599709286939895,-0.4285486381920306,0.5855388408143622,0.4195239377439726,0.9432955303535691,0.6368474043256097,0.6334681136942969,0.7605620665750844,0.5776570513923124,0.8636398470281923,0.6372219080214181,0.3437742925815285,0.49266588595298805
GENE_01283,noise,0,1,0.050700466977985324,-0.3990915097930791,0.326712542503901,0.7639675606603403,0.4355553088285633,0.5183455637091394,0.3345638691666069,0.32869775025184605,0.3430558311473356,0.4491044575248917,0.5887921848590987,0.33341882874750145,0.3511416164772025,0.38441547403068926
GENE_01284,biology_signal,0,1,0.11941294196130754,1.797901669401099,1.8435996099694745,0.766161776625592,0.6739558927915826,0.9439626417611742,0.9358713707764946,0.9346437814525745,0.9057730329118138,0.86965277299667,0.1627228301821343,0.9364536489946319,0.1971103042746151,0.203484322268152
GENE_01285,biology_signal,0,1,0.26417611741160774,0.7318595775102521,-0.2951692362186205,0.5285207815068552,0.4334289800175211,0.5190126751167445,0.3603761922783463,0.35710872066763033,0.3677170324461286,0.4225988396317299,0.3501431072917307,0.36018322068830755,0.2113697317590566,0.2000848246273365
GENE_01286,biology_signal,0,0,0.2648432288192128,1.469829304608395,1.7514727856752086,0.9709397070393456,0.4742452205648646,0.9446297531687792,0.9244693713915542,0.9240763053464892,0.9062824101948652,0.8080038111071753,0.002161378399262559,0.9249533664205144,0.1820382537812524,0.2764681145311186
GENE_01287,noise,0,1,0.1894596397598399,-0.1893981124871719,-0.4081927388743242,0.6667388918383126,0.1062045975011118,0.5196797865243495,0.20412871734270108,0.20396474918232735,0.19049518681194486,0.12532026282211922,0.7123646666832448,0.20308101854138533,0.1033984871355096,0.12079983270011906
GENE_01288,popularity_only,0,1,0.40226817878585724,-0.6185993432853238,-0.2538289647083533,0.2460168226808665,0.8966868403418036,0.5203468979319547,0.2187246896427225,0.21103664959082788,0.17551815315321784,0.20874999322292295,0.5154814575734804,0.21800106052434068,0.5539827166833168,0.5680279551779505
GENE_01289,noise,0,1,0.12008005336891261,-0.864068679041527,-0.3407922701558126,0.4521446290068863,0.4294950657689997,0.5210140093395597,0.15598290869415316,0.15249831605851166,0.12674912995950655,0.12004108560471846,0.7477720640781207,0.15500069656654109,0.2655876573142179,0.21696685759081696
GENE_01290,biology_signal,0,0,0.6130753835890593,2.0173833694100707,2.5824094680944043,0.6963682580736149,0.608916994721579,0.5216811207471648,0.8510706207665354,0.8511880751911004,0.8517894529876715,0.8446605173482402,0.03760603183415723,0.8520643269587813,0.02288809603191523,0.023688103839266207
GENE_01291,noise,0,0,0.8305537024683122,0.6988663982211659,0.9378967672063604,0.6087412441047385,0.938628939818421,0.5223482321547699,0.6316366277984473,0.6286359165553126,0.7098526039117472,0.6141064417084549,0.6050962705634398,0.6320021566886086,0.4221163926598875,0.4307095622205348
GENE_01292,biology_signal,0,1,0.12074716477651767,0.1096690600579179,-0.610527243087984,0.537563908739575,0.1996316767893735,0.9452968645763843,0.4575890566393818,0.45670208202583107,0.45168892833254176,0.47626824557002284,0.40823905152637063,0.45713797230606235,0.26815011031820873,0.2324981119672196
GENE_01293,noise,0,1,0.875250166777852,0.9014033854630896,0.4172361500087801,0.8438916642547696,0.9234104480052218,0.9459639759839893,0.8746338674719257,0.8744087048568683,0.7429640528783685,0.8595158052069168,0.8541501112305909,0.8750957453464641,0.7880041250381222,0.6771989175951635
GENE_01294,popularity_only,0,1,0.7218145430286858,0.0294478978733064,0.2314655790896331,0.8384197078922813,0.6845224190938974,0.5230153435623749,0.47716596638746905,0.47372872075609873,0.525999450847863,0.5781961890071008,0.4791681775629554,0.4763745551050617,0.37400828174485695,0.4298967296401688
GENE_01295,noise,0,0,0.9446297531687792,0.089138133615416,0.044105965036689,0.4530395097123981,0.9117228938718444,0.52368245496998,0.38599495297896286,0.389688146572844,0.5497880450649242,0.4601291435722793,0.7417595509957368,0.38534719192486505,0.7192401347066588,0.8049890369918686
GENE_01296,noise,0,0,0.26551034022681785,0.8808731685558358,-0.2759689401524332,0.2859808269792786,0.0882230339409048,0.524349566377585,0.22749311208184836,0.22921484836001724,0.2021563090429725,0.2816074827941442,0.8633028579729031,0.22725641780211134,0.3408622916424592,0.2616137970507404
GENE_01297,biology_signal,0,1,0.8312208138759173,-0.7668446853552816,-0.2082097193271325,0.4823368978295527,0.7672522518855931,0.5250166777851901,0.23477078442202504,0.23265427514076373,0.21461978691639647,0.16515025599727653,0.4070100577087482,0.23361053063932227,0.6712408256084484,0.7522955067781077
GENE_01298,noise,0,1,0.5130086724482988,0.9696158596605222,0.1732494092614692,0.5067206360910056,0.4857289481214395,0.9466310873915944,0.7170635102490283,0.7166527486965382,0.7929283840963222,0.7386256345357513,0.9271675308100495,0.717796240625173,0.6795574257610105,0.740071132598793
GENE_01299,biology_signal,0,1,0.8492328218812542,-0.4502551406840823,1.063757042011293,0.3436047170730441,0.8408221186555508,0.9472981987991995,0.6312148881404023,0.6300480359116923,0.5540077302451459,0.7033829930097627,0.09716811559889449,0.6311257968088944,0.5345867673854957,0.5990682966211176
GENE_01300,noise,0,1,0.12141427618412275,-0.1552258632131622,-1.3150798127957006,0.6434346975118798,0.5782457729603806,0.5256837891927952,0.23660784433073936,0.23024713375589237,0.29454980240198003,0.2511143653487011,0.6230251708531286,0.2356858399465334,0.3563863256433056,0.29591029117695106
GENE_01301,biology_signal,0,1,0.19012675116744496,-2.331791355737884,-2.240968526293706,0.1473345485842996,0.4862304713101406,0.5263509006004002,0.024268208785434554,0.023356154274181133,0.029547434394173608,0.013880988105959542,0.09988949309321693,0.023912428230443563,0.7936712633750693,0.6695799989963542
GENE_01302,noise,0,1,0.8498999332888593,-0.3270093984479525,0.1583280885000865,0.5306925085808725,0.5255502335274825,0.5270180120080054,0.2726584421366032,0.27445059523175713,0.2225677276574946,0.2786517114403502,0.6641020398329855,0.2715897727702543,0.30644324972297915,0.3121428216029598
GENE_01303,noise,0,0,0.9452968645763843,0.561136757302292,-0.5448999905375832,0.315227702812994,0.6907078204850938,0.9479653102068045,0.5769309201266182,0.5855808809548514,0.6365732162822119,0.5965919545587912,0.9229435588217514,0.5771282087302757,0.7706303852126413,0.6226032870022329
GENE_01304,noise,0,1,0.6517678452301534,-1.0781269967377003,-0.6301709890322833,0.1152882907095156,0.4226455226883781,0.5276851234156104,0.07974052114515158,0.07925571094919193,0.07648338224259756,0.047825122855502326,0.6366821309554858,0.07909716893861894,0.7170268904417116,0.7736473182508022
GENE_01305,biology_signal,0,0,0.951967978652435,3.581837351751161,2.0380851207284376,0.942072927600788,0.9004319241124439,0.9486324216144096,0.9866222669602992,0.987219461461204,0.9145845814106067,0.9627768562900394,0.15487000259851835,0.9868361627167942,0.16158234162873827,0.19391531108590304
GENE_01306,noise,0,1,0.6137424949966644,-0.7085871211689384,-0.6685112924615872,0.4990324106741624,0.4477856125350535,0.5283522348232155,0.16170938233677432,0.1603530114349708,0.1287224495856918,0.11615799039019664,0.8608336636322086,0.1606759379114661,0.47606115574380165,0.5520931997331517
GENE_01307,biology_signal,0,0,0.513675783855904,1.774803462188077,1.769074670994352,0.7738328940268794,0.2918718577158857,0.9492995330220146,0.8998799809254525,0.9014461403588928,0.8993667219155852,0.8672548403591852,0.09333481295901958,0.9005544794450859,0.15426182692056994,0.10799029899097515
GENE_01308,noise,0,1,0.26617745163442297,0.0699626659574,0.3261664734145815,0.3012715394447897,0.4134294003286479,0.5290193462308206,0.2498634623919866,0.24722692288511283,0.21379054546944926,0.2793028493955406,0.7377662767977914,0.2493458931155827,0.27849507960707837,0.2488118397219401
GENE_01309,noise,0,1,0.19079386257505004,-0.190841831335814,0.3587401974271852,0.316129746737682,0.4928206274784698,0.5296864576384256,0.24358049373647536,0.23939733510221703,0.20434156348834234,0.2640853913805338,0.6459366293217241,0.24294484203110758,0.27186999060645556,0.35574155716942996
GENE_01310,noise,0,0,0.6524349566377585,0.5982758720009371,0.4125854079085755,0.3563403441447902,0.6197933709813885,0.5303535690460307,0.3921155999035703,0.3899977320755215,0.3624085526387788,0.3324487723666204,0.7513695986809165,0.39211052470218316,0.2756242278098235,0.28298945364871125
GENE_01311,biology_signal,0,1,0.5637091394262842,1.0615098754589218,-0.3960831732380614,0.5613327045341874,0.4126116586370249,0.5310206804536357,0.40230878276717436,0.4022504143436659,0.4263007231525197,0.43115735695728874,0.04786324868315961,0.402312693259167,0.08431848528674776,0.05919172399617609
GENE_01312,biology_signal,0,1,0.0513675783855904,-1.5816604184084313,-2.262431084668709,0.1418676600316584,0.4636591980778972,0.5316877918612408,0.036696476265280074,0.03536492030755128,0.052650814452208754,0.02589248091616906,0.16277771846453037,0.0362772967251152,0.7113906196829096,0.7996774837585053
GENE_01313,noise,0,1,0.4029352901934623,-0.3812151481854355,0.0807137247665177,0.5786322014414131,0.4679684309602785,0.5323549032688459,0.2666225044421688,0.26328757514311385,0.23868005234558676,0.3260440856066665,0.7902555065265696,0.26560086827463997,0.23215746409691368,0.19802331941527446
GENE_01314,biology_signal,0,1,0.7978652434956638,-1.4293816257874823,-1.3009884347652072,0.2751643735216068,0.6819990324526201,0.5330220146764509,0.08326996851867698,0.08204666743442844,0.054025208555000585,0.09244081226153826,0.36578309196271086,0.08247879323797347,0.5638426918788141,0.45923540987047645
GENE_01315,noise,0,1,0.7731821214142762,-0.2709807343504483,0.7580754988800256,0.3120388960186531,0.7744169704002872,0.9499666444296198,0.6033247094047983,0.6010796570908821,0.5408780711207467,0.6544164929344601,0.6884972133096612,0.6033385367961799,0.6447042328420615,0.6471219623007202
GENE_01316,biology_signal,0,1,0.266844563042028,0.7129650005738226,0.2468267864006849,0.65513953772501,0.3561959783843715,0.533689126084056,0.4290463893374171,0.4269616630036062,0.47526966816790167,0.48270875264786445,0.14231968256787553,0.4288348409890284,0.09183047688238277,0.13724056304364765
GENE_01317,noise,0,1,0.05203468979319546,0.3365718820311483,-0.2300017898787843,0.6892337652283751,0.1890341940566367,0.5343562374916611,0.30247526245596945,0.300848550508453,0.29284920448958696,0.23367057721029885,0.648716144895638,0.301721781050478,0.25695787977202594,0.2294036111731787
GENE_01318,noise,0,1,0.9726484322881921,-0.2288768053621019,-0.0807479272875557,0.4212910825626821,0.817813375433172,0.5350233488992662,0.292218388659215,0.30102567514710227,0.35016968477516647,0.29223989507639375,0.9754591633116483,0.29114305751364367,0.42932216938769374,0.5352281108287151
GENE_01319,popularity_only,0,1,0.7985323549032688,0.129668982377874,0.3118804917875712,0.488426489740792,0.6361803794124461,0.5356904603068713,0.36177826664897983,0.3613353776467879,0.38734349303699905,0.32839653959011605,0.4987799673506764,0.36118898423991624,0.2781395691788058,0.295698226630911
GENE_01320,popularity_only,0,1,0.9759839893262174,0.324117188183471,-0.05490766535866,0.4055143518820673,0.8033685105873731,0.9506337558372249,0.6411571046415325,0.6541753551082663,0.6820199212014713,0.7389456887157626,0.5376318744436077,0.6411300062755427,0.5936819646596466,0.6594368719225542
GENE_01321,biology_signal,0,1,0.33488992661774514,-0.4636314822148027,-0.7564622426382106,0.2625965087375901,0.4949301127144271,0.5363575717144763,0.14136928775285745,0.138677693698222,0.12810036811429723,0.10676420978385948,0.15782177043449952,0.14066222227699246,0.1931037451037917,0.18822975921345828
GENE_01322,noise,0,0,0.33555703802535025,-0.1211091801798055,0.657297015116904,0.5441670744851594,0.7441820906441299,0.9513008672448299,0.6893964135967466,0.6828953263374802,0.7097087189354656,0.7543088962946068,0.6706463517375264,0.6895546109828186,0.9095253981426255,0.8804948770887953
GENE_01323,biology_signal,0,0,0.514342895263509,-1.6581939743864356,-1.4366516016537318,0.6601024972911939,0.5958744196579951,0.5370246831220814,0.10755984154771181,0.10457299366999835,0.11382428296709411,0.0551908085081517,0.32297947028415885,0.10641631092267599,0.8400292826646379,0.9129277649268431
GENE_01324,biology_signal,0,1,0.1914609739826551,-3.2878729107189653,-4.196806815140045,0.0410520356782512,0.4688302920428946,0.5376917945296864,0.005485171002956961,0.005232605991012449,0.012404484335381652,0.007090761056546103,0.28662063670281857,0.005370662500878773,0.6209992106461019,0.5647313070256017
GENE_01325,noise,0,1,0.8585723815877252,0.825356662534784,-0.3905674250691109,0.6132274251931354,0.7230670184304863,0.951967978652435,0.7364057049738366,0.7377927295926362,0.7274043385853453,0.8044820835825977,0.718846766471689,0.7369006047736767,0.64133522388365,0.5916286911569291
GENE_01326,biology_signal,0,1,0.5643762508338893,-1.0856412046016892,-1.120027023262371,0.3355480317834914,0.5175896759808787,0.5383589059372915,0.09941471818840762,0.09770520107542893,0.07436903985045942,0.059075742406763075,0.19789330246499948,0.09860041265791793,0.8384676873357654,0.8657389899953837
GENE_01327,biology_signal,0,1,0.5150100066711141,-0.3854448210409071,-0.6845919468710033,0.3180571121349043,0.3701926251801206,0.95263509006004,0.34547317759109136,0.3447788116018839,0.3464873290359514,0.26667621218844434,0.10987274230819832,0.34472425924301675,0.5947155959104673,0.7218458576412837
GENE_01328,noise,0,1,0.8505670446964643,-1.968964809737295,0.6572165469986467,0.3341503259594489,0.6840987797372404,0.9533022014676451,0.3208581453300942,0.3200163335029506,0.326615811294791,0.3695980678494723,0.9909232339919187,0.31912422306197585,0.6756685715309536,0.6918097324385223
GENE_01329,biology_signal,0,1,0.052701801200800535,-2.720565959788475,-1.906052469335069,0.4208824559509467,0.2196786862881176,0.9539693128752502,0.07211622508777601,0.07048027590129778,0.04954037668407998,0.12313303526630608,0.02814474789988919,0.07112210953164994,0.8042866584333506,0.8419391200404116
GENE_01330,biology_signal,0,1,0.6924616410940627,0.5442140882936088,1.0601543884820197,0.6688412957321258,0.6996469555575072,0.5390260173448966,0.5781767977423121,0.5753196014491478,0.6853441425325886,0.6069381263885176,0.36961769711165904,0.5782438660483127,0.13643469794091928,0.10762504486929468
GENE_01331,noise,0,1,0.3362241494329553,-1.167259721153996,-0.4473332425582104,0.3899623489742544,0.2802015809630667,0.9546364242828552,0.26398486804273963,0.26246159291959764,0.17136186182716107,0.24866658984791584,0.9790527522744382,0.2626828781011124,0.6444999077503563,0.6753504635344995
GENE_01332,noise,0,0,0.40360240160106736,0.0270984522111636,-0.0651378196034559,0.601685836863435,0.4424770614145395,0.5396931287525016,0.30776290447538773,0.30484145509233446,0.3085802975888532,0.3849422462319978,0.6230549086462959,0.3069563177739911,0.295415475974893,0.3030431070856655
GENE_01333,biology_signal,0,1,0.012675116744496331,-1.247357228932696,-3.131292868290611,0.1046574435635747,0.190377050062449,0.5403602401601068,0.02283488598311324,0.022324732722522788,0.05968569398054228,0.02411171551081809,0.05772449204572849,0.022557546394830118,0.8214671106841261,0.8698248780339333
GENE_01334,popularity_only,0,1,0.875917278185457,-0.0631511647411595,-0.0635924482084373,0.5780524904318282,0.8945233090339832,0.5410273515677118,0.3980980047227429,0.3958072768286847,0.4868732596827739,0.3601483054719242,0.48645895674487116,0.39736097349240673,0.15595904233731256,0.12398563250196945
GENE_01335,popularity_only,0,1,0.8592394929953302,-1.2245058103411988,0.4859460186559475,0.6839105777756997,0.436105812730318,0.5416944629753169,0.21491398494883918,0.21702876197791984,0.14483727355166115,0.31558948110458596,0.5222929910709108,0.2133067941608621,0.2893290928184171,0.2362607900713951
GENE_01336,biology_signal,0,0,0.45963975983989325,0.4247590979970695,1.3007151136811486,0.7316841711461264,0.6974174092581075,0.9553035356904603,0.8308457017386064,0.8281630423373958,0.8064407754770684,0.8782751561113371,0.282320489664764,0.8312883868129026,0.5907977612026105,0.6780430793898983
GENE_01337,biology_signal,0,0,0.6144096064042696,0.7742279577777664,-0.7345283306959144,0.5952380719254582,0.2239607734053169,0.9559706470980653,0.5713511804520862,0.5752268483301112,0.6931994748988903,0.5199723770684817,0.2810712292207934,0.5714536508597486,0.5746179054200936,0.49656714019212345
GENE_01338,popularity_only,0,1,0.8599066044029353,-1.3022322838260338,-0.0650349055142521,0.3454572024643593,0.205301707573414,0.542361574382922,0.09048672542541232,0.09272520947607352,0.06643506383082047,0.1288576558599149,0.5191842718686647,0.08958597953423045,0.23020419568609576,0.1815258895304403
GENE_01339,popularity_only,0,1,0.4603068712474983,-0.0327754909252429,-1.2654901454865888,0.4787920463949837,0.3262367471593275,0.543028685790527,0.16571053564414143,0.16478600280328076,0.156524138573217,0.12162828418315137,0.4590983296036806,0.16492221477738983,0.530164953806007,0.3888584078216996
GENE_01340,biology_signal,0,0,0.4042695130086724,1.4615830452332648,1.6504756876360105,0.6648144560720858,0.8036197772354817,0.9566377585056705,0.9162976457293642,0.9146334415218822,0.864536745588396,0.8958857707238066,0.2224318681316112,0.9169527470830583,0.4417591161749491,0.5419988179676393
GENE_01341,noise,0,1,0.6531020680453635,-0.3347898486405219,-0.592997083464897,0.6281226295425826,0.4291745303638967,0.5436957971981321,0.22745816413606648,0.22659594477729014,0.22512279071476832,0.24459213961231985,0.7545173230429967,0.22635356434094764,0.2577012377554012,0.19345001607290224
GENE_01342,noise,0,1,0.12208138759172782,-0.6211670290926495,-0.4212457301559514,0.6827600160322168,0.1118815359999404,0.5443629086057371,0.1678880080799014,0.16705200612480126,0.14520294542703557,0.09294524363601803,0.7677291446677361,0.16673805434479586,0.20817609557716832,0.1959023362739086
GENE_01343,biology_signal,0,1,0.12274849899933289,0.1068824840349541,-1.6130348566755428,0.2343755014729414,0.6943435641706901,0.5450300200133422,0.17074771180174506,0.1650425003470594,0.1915685657595546,0.24150058660724355,0.3555480705022468,0.17029342864664848,0.5876326234577028,0.6576955452972408
GENE_01344,noise,0,1,0.4609739826551034,-1.7466781746216702,-1.0508933696219285,0.2482869343568884,0.05392091812765,0.5456971314209473,0.037624474559717694,0.03773814942906805,0.04879342851001151,0.04123568704769612,0.9811062287702841,0.03713289862899973,0.3604730303964053,0.33926340463936355
GENE_01345,biology_signal,0,1,0.19212808539026016,-2.919887365890391,-5.046827330096919,0.0236704195555885,0.2059517299295392,0.5463642428285523,0.003602552841275741,0.0034949156108763815,0.020587925767429273,0.009705549852230476,0.3186271782236366,0.0035255882740257366,0.7544390225693178,0.8401702897500937
GENE_01346,noise,0,0,0.5650433622414943,-1.0626974261974256,0.3541837907932817,0.5419402798656299,0.6758354518291481,0.9573048699132756,0.5023250227362198,0.4967039506206841,0.5686132120080892,0.5921750664914253,0.9932841668815223,0.501289248679347,0.6605352829202509,0.7357636925665496
GENE_01347,biology_signal,0,1,0.7224816544362909,-1.1624539925598092,-0.9279804969783058,0.302514653253673,0.5021429057471833,0.5470313542361575,0.09508929511759454,0.09430984222489948,0.06347072448421648,0.06573004522655504,0.08622315512032053,0.09427338432563982,0.3262864132545273,0.235432330412809
GENE_01348,biology_signal,0,1,0.5156771180787192,-2.56740607360029,-2.2501533821571247,0.1626918638243068,0.443790574494756,0.9579719813208806,0.06171070298000301,0.06042212876258564,0.04359701009447763,0.045937690162685965,0.26290575858761,0.060919949550464196,0.8796006904865831,0.8547073285608872
GENE_01349,noise,0,1,0.40493662441627754,-0.290408581157789,0.2187681741609235,0.5064436102400578,0.4652746558036933,0.9586390927284857,0.5370755273822939,0.5341512653506898,0.5608998494594664,0.5511250914034269,0.8135550581583632,0.5366577897966178,0.5183937599469619,0.47491511791246516
GENE_01350,noise,0,1,0.33689126084056037,-0.2229492761338583,0.2653024466111716,0.2341579060763135,0.7929371283383618,0.5476984656437625,0.27566845579644966,0.26818999553617673,0.20791647870598703,0.28655035992860955,0.6983704850389721,0.2751940189032404,0.3033820422910577,0.3054481655524264
GENE_01351,noise,0,0,0.19279519679786525,-0.3881290761365519,0.6303466388626955,0.4349504906333123,0.3075518360815077,0.9593062041360907,0.491473656810156,0.4895702834115936,0.3908292517597584,0.4638493435224761,0.9954167776416515,0.49095751889728434,0.646200662442561,0.6467216896950182
GENE_01352,noise,0,0,0.1934623082054703,0.169390730037444,0.5155897273065616,0.5233495527580745,0.656283952655354,0.9599733155436958,0.6892124340987166,0.6832400202885862,0.7267862012015586,0.7166475154461224,0.8929630365312785,0.6895540273780647,0.833061620066536,0.8453018563509902
GENE_01353,noise,0,1,0.6537691794529686,0.0276750768738164,0.1380755583872834,0.4355062914214094,0.5461902044895088,0.5483655770513676,0.2961926847108137,0.29450555486877095,0.25324974597690336,0.2932831948916451,0.7897899321127149,0.29552934884586635,0.28049679599733884,0.2698618403589474
GENE_01354,biology_signal,0,0,0.33755837224816543,0.0227852665082329,0.5122206210103233,0.6470449674871888,0.1745316770597016,0.5490326884589727,0.3025858514267378,0.30310163475510393,0.2611372472970471,0.23923707216105738,0.3539363418101549,0.3016636121940793,0.15259829325641977,0.1236174313218504
GENE_01355,popularity_only,0,1,0.8318879252835224,0.3496407088175833,-0.2158816863534603,0.7301134054004298,0.6181540255649565,0.5496997998665777,0.4237896814735215,0.42446570026969416,0.444129740843695,0.5150665490114418,0.4715569581794342,0.42312463662299965,0.2709520083262784,0.2479969154308636
GENE_01356,noise,0,0,0.8985990660440294,1.6413279436479058,-0.8230667489920361,0.3120177967713394,0.9024354350455156,0.5503669112741828,0.4931379904341678,0.4937933774165925,0.6941171282485783,0.6923385430119497,0.5943311250417748,0.4940588871924238,0.3809486597425854,0.32138249271990427
GENE_01357,biology_signal,0,0,0.1941294196130754,0.6980450673121794,0.7041788666860627,0.4124366153791188,0.2238055809952943,0.9606404269513009,0.6310139610366061,0.6318946248949958,0.6059414473840262,0.7454478667500379,0.2896376177747704,0.631552261153251,0.17109323721257655,0.09829778434456016
GENE_01358,noise,0,1,0.5163442294863242,-0.8556220268834274,-0.0039633881716987,0.3859735219142344,0.3244690569891316,0.5510340226817878,0.143606591243421,0.14294594123031598,0.11176104928744565,0.10740695802764756,0.8463262000266488,0.14264739813122904,0.19597846751134207,0.16237682722904992
GENE_01359,biology_signal,0,1,0.5170113408939293,1.0304679939567147,0.8942780055228458,0.5915319378911614,0.5493321471048428,0.5517011340893929,0.5688720502207538,0.566776971913648,0.6782918446311873,0.6179124770912691,0.29244387789892357,0.5693309219181311,0.07214985951708676,0.08503801052328401
GENE_01360,biology_signal,0,1,0.4616410940627085,-2.4013421673770283,-2.600989571238512,0.3302701650092145,0.12306794112248,0.552368245496998,0.0173644531727129,0.01721599188076567,0.030773368474473865,0.028290797786064876,0.26791870731405665,0.017061401328502705,0.6324269427009241,0.6556014354277061
GENE_01361,noise,0,1,0.19479653102068045,-0.8808480822935634,-1.5082202846128276,0.1456326243615637,0.2202289033327668,0.553035356904603,0.055843065991813746,0.0551777907660653,0.08781648191718089,0.03480872579337948,0.7267610338589673,0.0553531976584235,0.23173341247810006,0.2593640123527583
GENE_01362,noise,0,1,0.8325550366911274,-1.6247564551839042,-0.9963660692289918,0.3618390311926283,0.5879701436049921,0.5537024683122082,0.08382824373645191,0.08335216647947555,0.04912120558581255,0.0808633524177618,0.864788206574019,0.08294316262580703,0.7169075849045181,0.7888379390168422
GENE_01363,noise,0,1,0.0533689126084056,-0.0530207201474494,-0.8834702735640336,0.3873795313833517,0.2031651821989084,0.5543695797198132,0.14874145781440826,0.14733874201241454,0.15175890640642792,0.1267077747372016,0.9873508626492415,0.1480547630775799,0.32406868514136394,0.2793394017872413
GENE_01364,biology_signal,1,1,0.9666444296197465,0.5567886157225189,0.1749440973977035,0.4557580601882275,0.9452080060490204,0.5550366911274183,0.4747933273395332,0.4833140208138647,0.6680708609830215,0.6112915877756926,0.04404079097773228,0.4745567846590938,0.20340256406722135,0.2742244929850792
GENE_01365,noise,0,1,0.8332221480987325,0.0077399567832391,-0.4468561358043211,0.3533730244584827,0.7966293558469715,0.5557038025350234,0.279735632106543,0.2777852230406918,0.3356976359055961,0.2969522124049803,0.6744761359560535,0.27911080210582007,0.24811847192665523,0.2341877144873468
GENE_01366,noise,0,0,0.5176784523015343,1.2925891401829714,-0.2945501538522271,0.5091156918930121,0.8139125320548644,0.9613075383589059,0.7914343996860802,0.7876831893954379,0.8118745496015991,0.7577775591117767,0.667465965333321,0.7924120162970075,0.19335473044120996,0.21270887306004468
GENE_01367,noise,0,0,0.2675116744496331,1.3930323559897482,-0.5444223538511596,0.4022911870081799,0.3918578486126945,0.961974649766511,0.6614286511214966,0.6605263630403788,0.7691265014452208,0.6446919570027722,0.8846908467993458,0.662467767828064,0.25521370199659854,0.4052318092429033
GENE_01368,popularity_only,0,1,0.9833222148098733,0.1135361087782969,0.1835385883685046,0.298555092597953,0.5736617229713838,0.5563709139426284,0.2593605143285479,0.27478400002107556,0.18040835779390538,0.1574189907929199,0.49524163868993776,0.25842990508017805,0.5966978180106941,0.6262229252741612
GENE_01369,biology_signal,0,0,0.8178785857238159,4.828208987099303,5.908671076018583,0.9811804641218016,0.8386899587696263,0.962641761174116,0.9985888340825588,0.9986272294590607,0.9780310574888421,0.9728207661425795,0.34873050424534324,0.9986256590296474,0.1634765383336498,0.14975365775763053
GENE_01370,noise,1,1,0.5657104736490994,-0.1391969604255843,-0.4333013955259838,0.1917856698572997,0.552680629331918,0.5570380253502335,0.17860467318456222,0.1765091783398886,0.14276269365948768,0.15407016283966238,0.5716624249642472,0.17801850303855313,0.5167774896666993,0.6536580377386745
GENE_01371,biology_signal,0,1,0.1954636424282855,-0.4790562528946597,-1.3522584267089068,0.0495072231548288,0.5751052590670205,0.5577051367578385,0.09528256503254583,0.09249957929637169,0.1306309665340402,0.11827746165875977,0.015371769528816803,0.0947876834153827,0.5558618806103552,0.6376185805443708
GENE_01372,biology_signal,0,0,0.12341561040693796,1.2418591050062036,1.628253987946684,0.789363882807153,0.3718056371696574,0.5583722481654436,0.6859939566176773,0.6841693102496323,0.7907548287421922,0.6684167156449516,0.25124297137597296,0.6866091876147354,0.09466002733233572,0.10459973460552023
GENE_01373,biology_signal,0,1,0.7738492328218812,-0.1479742658296043,-1.821123178877348,0.6707220667929571,0.6586733528203953,0.9633088725817212,0.4759315302448223,0.4737729980160186,0.62081281335323,0.3305256964120085,0.3692507780712281,0.47513894867171785,0.5925676763708541,0.4766671767724667
GENE_01374,noise,0,1,0.26817878585723814,-0.2744596326154098,-0.3808253836838823,0.4485248559653536,0.4575130151159568,0.9639759839893263,0.46082677249281917,0.45663938116493996,0.504462555496994,0.40847879588504965,0.8526258096382597,0.4603109609153824,0.17518575547014897,0.1514228196356937
GENE_01375,biology_signal,0,1,0.6544362908605738,-1.4218132155525611,-2.3395261732806,0.3162798258011993,0.5182702252514304,0.5590393595730487,0.05188958344673203,0.05094477405170039,0.0490814095919939,0.03998729850657278,0.26736140107772965,0.05130484679131165,0.7370851084003406,0.8131699066309381
GENE_01376,biology_signal,0,0,0.1961307538358906,3.1090592764866,3.3855540321126663,0.95143672330679,0.4682067645792406,0.5597064709806537,0.9500366575326997,0.9500839470872952,0.9191396417234274,0.9098813583367069,0.08745037197698136,0.9506416076038928,0.027754974785474496,0.05131059959162157
GENE_01377,noise,0,1,0.3382254836557705,0.4719649446281965,-0.0024665691931099,0.3534267503740956,0.5567371514607575,0.5603735823882589,0.32363031504266204,0.3192798889008304,0.28175296850273673,0.34914683353193443,0.7833500433914967,0.3234324029748988,0.13362762583950397,0.11808154584507152
GENE_01378,noise,0,0,0.5663775850567044,-0.5527690721152692,1.2040192226647293,0.7123731800385006,0.6914346990541871,0.5610406937958639,0.4382494049976898,0.4324627499641202,0.524028079755641,0.5304139146570829,0.6821978234566062,0.43722375878444963,0.4184379527113902,0.5362410480615935
GENE_01379,biology_signal,0,0,0.9072715143428952,3.035412712057179,2.633560310018558,0.9691650883944078,0.872222090871907,0.9646430953969313,0.9854807380635155,0.9858206710660459,0.9402118571209587,0.9683372863144858,0.27196749626290706,0.9856950425575789,0.21554558681042593,0.21856889767006735
GENE_01380,noise,0,1,0.12408272181454302,-0.7632937469153057,-1.1017440315833291,0.3744329638264545,0.3739248500167673,0.561707805203469,0.10998777848750703,0.10765026680608748,0.10365112814353365,0.06984351992832347,0.8703874493286232,0.10920810760113037,0.49949745278838203,0.5170558840822651
GENE_01381,noise,0,1,0.0133422281521014,-1.292201556760273,-0.7125113675552102,0.1498288841488967,0.0695815979092324,0.5623749166110741,0.05015590232942436,0.04967984889076457,0.08142219867086661,0.043430068422905206,0.8257720991537676,0.04964750833826973,0.3062429747827679,0.21353632566576422
GENE_01382,biology_signal,0,1,0.5183455637091394,-2.7398534519846915,-2.400217747571624,0.1346963104480095,0.385083598281385,0.5630420280186791,0.01547941095485146,0.015118237293638427,0.018483751766728663,0.010637578377587524,0.4248591657881302,0.015210817052470182,0.7743965288349302,0.7043705772020185
GENE_01383,biology_signal,0,1,0.19679786524349566,-3.030113870378276,-3.610639264840052,0.0635486647516216,0.4418170087202016,0.9653102068045364,0.02514171561181018,0.02420645594297228,0.034270928562247026,0.019153105190540975,0.29069003806473925,0.024735251278070594,0.9497535934345801,0.8576197667146305
GENE_01384,biology_signal,0,1,0.3388925950633756,0.4297594911823511,0.2275867633311696,0.8077657857374472,0.4040714730883453,0.9659773182121414,0.7241138052403973,0.722645613988821,0.7881858764271564,0.667119657570427,0.06174605756931284,0.7242660017288829,0.5718605045539101,0.45592917063788285
GENE_01385,noise,0,1,0.19746497665110074,-0.6118534439277861,-0.536581336518372,0.2847272212768562,0.3778606983053199,0.5637091394262842,0.12892087213335793,0.1267303246611628,0.12550370081228482,0.085072837211453,0.6434784566069903,0.12817491914163107,0.44053752364081283,0.38179235606897116
GENE_01386,noise,0,1,0.1981320880587058,-0.5433909425499139,-0.534406450182483,0.1065732737967791,0.1515061233630573,0.9666444296197465,0.2268513297496118,0.22686622090178926,0.22503308677900002,0.20854826778013652,0.9159190850820631,0.22611964525666156,0.7412817849543651,0.7733355106676087
GENE_01387,biology_signal,0,1,0.7511674449633089,-0.8387502606613961,0.1041809915853607,0.3876528234914701,0.6472955408144963,0.5643762508338893,0.20202152869211476,0.20003471414170548,0.13819282473533873,0.17536691749315977,0.2402361722867984,0.20096140104115318,0.3513776689433627,0.3690601895114929
GENE_01388,noise,0,1,0.5670446964643095,-1.524013204609466,0.1442496037111671,0.3100703268726654,0.4044863235481729,0.5650433622414943,0.10314560087160744,0.10211410997080894,0.08215265070164315,0.06409289320157435,0.6919149450023644,0.10221345647208671,0.4799589984672422,0.5531538312817884
GENE_01389,noise,0,1,0.8872581721147431,-0.2300256839297452,-0.7052342355803849,0.4034305547628691,0.6721347433787473,0.5657104736490994,0.21915734066749207,0.2200586147304593,0.2256812674088537,0.18046824435395523,0.682774771556848,0.21825918256343654,0.6037728789752416,0.5155028549853962
GENE_01390,biology_signal,0,1,0.19879919946631086,-0.2164178373983261,-1.273014663806585,0.4327584647135518,0.1409869776468065,0.5663775850567044,0.11882719579065469,0.11834953223596666,0.1258210363704993,0.08847746483043169,0.4145708115400891,0.11809563465792679,0.327299494351958,0.28012197116615567
GENE_01391,noise,0,1,0.2688458972648432,0.2084438866056313,0.1146433306831754,0.4262604542752041,0.4600526379362585,0.9673115410273516,0.5744616381746516,0.5712256706819095,0.6247837374955663,0.5626502946282013,0.6815361407956662,0.5745968899832983,0.741042463498513,0.7306937066952133
GENE_01392,biology_signal,0,1,0.9219479653102068,1.7549780848425431,1.445052178975889,0.6551655468944975,0.8930242510418376,0.9679786524349566,0.926944047549142,0.9282050672677666,0.8708321700066024,0.9204243671703641,0.3246492027499376,0.9275365498974885,0.4388142241731781,0.49810080222173037
GENE_01393,noise,0,0,0.9933288859239493,0.4777592836988922,0.9971167221047964,0.7515378589216383,0.972609646977664,0.9686457638425617,0.8475522998917875,0.8602797795719199,0.6754674360106697,0.772397683449884,0.7244711039444609,0.8476070463267088,0.5540204255155058,0.6853604221500195
GENE_01394,noise,0,1,0.33955970647098066,-1.0956043861704776,-0.2979146874414549,0.5376037880034154,0.4778032803398896,0.5670446964643095,0.16207636537403786,0.15877326405782946,0.12714051520263137,0.1400203386517096,0.8816039870131326,0.16092293104827268,0.39453020194779087,0.46922789066273624
GENE_01395,biology_signal,0,1,0.1247498332221481,0.0504253701865126,1.0419135161599191,0.7234215403404909,0.2963374962750907,0.5677118078719147,0.4110183677975589,0.40834965358281033,0.3831865460062051,0.417654876939848,0.14106556102566925,0.41027181495760257,0.12963927588514101,0.11302001445602339
GENE_01396,noise,0,1,0.46230820547031354,-0.4402379603227233,0.6724040941000876,0.71398487080536,0.6297804797106046,0.5683789192795197,0.39072026498103546,0.38485093928196545,0.46984994348923076,0.4808195724929964,0.78228731537966,0.38967305345261694,0.1805695118156954,0.19298353945325328
GENE_01397,noise,0,1,0.19946631087391595,-0.2672059618760799,0.7506411762146339,0.2129107993103367,0.2603171332292286,0.5690460306871248,0.19018728512917346,0.18911855028993235,0.19087231427361068,0.2297579989893568,0.8546726113055905,0.18953589548065738,0.10572382843467164,0.11989157208128369
GENE_01398,noise,0,1,0.3402268178785857,-0.0480997726803352,-0.7480794724087023,0.643262366186126,0.1621197394389062,0.5697131420947298,0.20161806736600607,0.2016041613021318,0.2015812233978385,0.1564053897467296,0.7225298594790355,0.20064388982968565,0.13283578038595692,0.10763077460779862
GENE_01399,noise,0,1,0.200133422281521,0.4263139353350152,0.1375843753784957,0.5069258155488239,0.2094208366197562,0.5703802535023349,0.29203765290017425,0.2915146688337399,0.246630451273194,0.26074357330239717,0.8618859555740777,0.2915061179122147,0.08044686803904003,0.1275486558059677
GENE_01400,popularity_only,0,1,0.9079386257505003,-0.5295510986789967,0.2618630084806043,0.2593776273328364,0.6833602740208236,0.57104736490994,0.21597515938814887,0.21771621365530544,0.16980369296770073,0.182255383542462,0.46589605179752347,0.21506645924796822,0.41733246906331345,0.5333250010692366
GENE_01401,noise,0,0,0.6551034022681788,0.506409576738004,0.6939759610564104,0.7654394478521384,0.6627638042150655,0.9693128752501667,0.804104942091429,0.8027040046592677,0.7831840699023762,0.8699006917490006,0.6503901613772346,0.8044844618979502,0.7816321948633373,0.7754099593599992
GENE_01402,noise,0,0,0.7518345563709139,0.629252441157406,0.3475468436757278,0.6153782385004712,0.7756993258394018,0.9699799866577719,0.7795411088897086,0.7779867203916789,0.7507971286723855,0.8424368109877141,0.6983332654712925,0.7800724520046239,0.692362780358231,0.6772621149181847
GENE_01403,biology_signal,0,1,0.2695130086724483,-0.7625886493169641,-2.3485245105590518,0.1986041026789824,0.0268144418525023,0.970647098065377,0.11286180617972212,0.11332289954455052,0.14886752595557598,0.12022283165258424,0.1363912108038312,0.11208538675794998,0.6927309334589454,0.6663713197727879
GENE_01404,biology_signal,0,0,0.8605737158105403,3.588766333986733,3.3791782642252355,0.7930720777065174,0.8282598990675301,0.971314209472982,0.989502166179166,0.9897405840989536,0.9676277690050317,0.9559469621849397,0.07753994991104929,0.9896930764893568,0.1879244747580683,0.17916776440567936
GENE_01405,biology_signal,0,0,0.12541694462975317,-0.253826239848973,0.8671562131230505,0.8609915881744188,0.2078362581911288,0.571714476317545,0.3735598530642478,0.3717226743780393,0.337334118378707,0.302303927353922,0.4261808963409368,0.3723544176403224,0.08610044929115132,0.13202523617783893
GENE_01406,biology_signal,0,1,0.5677118078719147,-3.844571146160712,-2.9583751814990733,0.1628143655347532,0.8510550855332015,0.9719813208805871,0.035126037741617426,0.033312079145309675,0.03749569196875292,0.039771455964003416,0.04761091487288249,0.03451390271275843,0.9689688834199216,0.9181244124845095
GENE_01407,biology_signal,1,1,0.8612408272181454,-0.6281983417622048,0.2567464389117543,0.3245153772240662,0.6216650356023208,0.5723815877251501,0.2108164827926408,0.21156076524328588,0.14215446256757663,0.18071705182622697,0.07980011065182291,0.20983333966297524,0.3847736634350903,0.32074087088459097
GENE_01408,noise,0,0,0.723148765843896,0.3764771077540425,-0.0891541179742087,0.6450704652850806,0.422916549306626,0.9726484322881921,0.6411438015038613,0.6432102600934373,0.7432800535702333,0.680935069333343,0.7359719519832455,0.6411491200182893,0.2563973456573408,0.19178482447260162
GENE_01409,biology_signal,0,0,0.2008005336891261,4.853010850152408,4.884084645128591,0.9623928576416576,0.9245918795415664,0.9733155436957972,0.9981526141510549,0.998131138069473,0.9630148144425792,0.9546910447089955,0.2653705007062619,0.9982013107756232,0.07636493656723049,0.117856663161159
GENE_01410,biology_signal,0,1,0.3408939292861908,0.8677028428205564,1.0400675884511277,0.7891890540662145,0.4603253213687576,0.5730486991327551,0.6039815587971291,0.6013987134827715,0.7563574187388098,0.6478274486986236,0.1428770610491148,0.6041827480766805,0.3200145970358055,0.3815510748917048
GENE_01411,biology_signal,0,1,0.6931287525016678,1.95516749036778,1.5392662307170486,0.9651802552788448,0.3604151222271821,0.9739826551034023,0.9287111150135898,0.9301399219076474,0.8814432067835802,0.9076874249293859,0.12271132094809811,0.9292267561035764,0.36406777463529394,0.32155948418620195
GENE_01412,noise,0,1,0.723815877251501,-0.8866962169290484,-1.1112580742238998,0.6314372846252826,0.5309823318159622,0.5737158105403602,0.16206802076883545,0.1605616916291175,0.1611451949335126,0.11058365652099064,0.6502712910903681,0.16086533486262145,0.6331914480537126,0.7190527201067994
GENE_01413,noise,0,1,0.4629753168779186,-0.4723731638498042,-0.5849515617304237,0.7090387767495833,0.8706637336584777,0.5743829219479654,0.3383758557670682,0.32873739305123595,0.43160185749575425,0.22594504644953448,0.8120012586142177,0.33730021196011917,0.6600137219830031,0.7218059048886225
GENE_01414,noise,1,1,0.6937958639092728,-0.3945639630490555,0.3615647674070831,0.7879923011492171,0.7523465010310941,0.9746497665110073,0.7031894018865293,0.6994127596253029,0.703092665831937,0.7674266345669708,0.6628741315984662,0.7028789873119778,0.6734344987973602,0.7108288398952798
GENE_01415,biology_signal,0,0,0.20146764509673115,2.831682161348223,4.447448817508916,0.9901167570660168,0.6822107524863597,0.9753168779186124,0.9904142926081031,0.9903401268202787,0.9374889795064034,0.9452815682660548,0.43246106705514653,0.990570337826554,0.09511596109441536,0.1644484028638787
GENE_01416,noise,0,1,0.752501667778519,0.3497479068175061,1.1275528142397406,0.5839918326809169,0.768017804491333,0.5750500333555704,0.5429034552611428,0.5398804800793758,0.621700908114648,0.49051446310047614,0.7010260404839425,0.542857735914076,0.5148964327928883,0.6311131792843343
GENE_01417,noise,0,1,0.2021347565043362,0.4541760536435624,0.395063787128831,0.4321274385212753,0.2036582804132308,0.5757171447631755,0.29203014578161457,0.2917965025046612,0.24390746179836278,0.29488886919175133,0.9770613181970835,0.29159659485500755,0.07840680100103133,0.06511478545806082
GENE_01418,biology_signal,0,1,0.6150767178118746,0.5546522703128351,1.005654103511854,0.6059991590500975,0.8689031673319637,0.5763842561707805,0.6009667054159381,0.5944870872488746,0.6743850306659479,0.5114600243470124,0.21117299820701585,0.6012586985883052,0.31393492284301455,0.3750117275684827
GENE_01419,biology_signal,0,0,0.4056037358238826,0.3714029559575633,0.4183323315307737,0.7539526248064155,0.547391038448345,0.9759839893262174,0.7476328988215338,0.7449843823409198,0.7939388520583619,0.7704885004883492,0.17212373975025652,0.7478894511659022,0.81670313561461,0.8326543439599136
GENE_01420,popularity_only,0,1,0.34156104069379584,0.3853697501733427,-0.1444274735290132,0.4415027969067573,0.3995108170473732,0.5770513675783856,0.2894536343530415,0.28721112226894635,0.25404585319701023,0.3237867592990426,0.45474641151614026,0.2889929442673598,0.2621177436670172,0.21655475272740624
GENE_01421,noise,0,1,0.40627084723148765,0.0784574090899085,0.4332399846207511,0.6013914129502242,0.2226808731555042,0.5777184789859907,0.3008213387596072,0.30121333614154605,0.25972951246741416,0.28338502281114364,0.7010115535619235,0.2999796796629419,0.10326413619533971,0.09626388373596056
GENE_01422,biology_signal,0,1,0.6157438292194797,-0.7694855323380725,0.3023871325506589,0.4286228398144263,0.5243063302197375,0.9766511007338226,0.45769994534089764,0.4555597939277009,0.4594989548399239,0.4265342378125095,0.1184618521290619,0.4568287103783184,0.7110129112861103,0.724729855701716
GENE_01423,noise,0,1,0.818545697131421,0.3455598731980186,0.8102838829275248,0.3701071765318595,0.4027910254910327,0.9773182121414277,0.6158894312710579,0.6211378962603135,0.6050554757982373,0.6688627059660539,0.7681505473598115,0.6161038900885895,0.17455609179307535,0.250411783622749
GENE_01424,biology_signal,0,1,0.054036024016010674,-1.6894350426515097,-2.108812078162204,0.0859405838143207,0.2540700672819319,0.5783855903935957,0.026641922315336464,0.026005381344543756,0.050722795184494525,0.014782156913227203,0.01008878007156544,0.026305337083990223,0.7991807083094599,0.9125856411542386
GENE_01425,noise,0,0,0.7745163442294863,-0.2753800940801111,-0.1163910120266172,0.7365308983347228,0.6037651148280314,0.9779853235490327,0.6231400642054898,0.622665921594581,0.6853680374078963,0.7137978713356874,0.969730492749415,0.6226119997684448,0.7669175558175994,0.6693276195017754
GENE_01426,biology_signal,0,1,0.6164109406270847,-2.176272769894783,-5.028509481538077,0.0283786898266568,0.4880760814635252,0.9786524349566378,0.024591634053342127,0.024003370139166032,0.10661167436409524,0.015797488887448332,0.29249120762812997,0.02424019876615387,0.9043176798840068,0.8260467915245208
GENE_01427,noise,0,1,0.4069379586390927,-0.3078596667114102,-0.9186566699889558,0.4075754709675697,0.2692064301426502,0.9793195463642428,0.34029855397285064,0.3399557316444787,0.3306029388935276,0.34858083647542176,0.7416922908241901,0.3394729162387107,0.38889241513052764,0.44547361704940774
GENE_01428,noise,0,1,0.5190126751167445,-0.4624681538460866,0.2993947312234108,0.2075691123311566,0.4829767704443826,0.5790527018012008,0.18194590134566171,0.1801449187623543,0.14921644362537864,0.1395638310253095,0.7142872979945952,0.1812222217908527,0.10542063187600241,0.10473703434328488
GENE_01429,noise,0,1,0.34222815210140095,-0.8468725305038041,0.3199659649955497,0.5271186945291179,0.4585008868861665,0.5797198132088058,0.21546669284811645,0.21202642215687809,0.17053424721451987,0.23972720766481267,0.9840371935721212,0.2143076095917213,0.4530077352578838,0.49921197966337905
GENE_01430,biology_signal,0,1,0.4076050700466978,-0.5126299403993398,0.1355692226484793,0.4642314748919995,0.7616347188494528,0.9799866577718479,0.5645576559467267,0.5566573330945492,0.6234904568170752,0.5741806990603006,0.1608916186245225,0.5642244346084473,0.5925335245671125,0.7140960627089589
GENE_01431,biology_signal,0,1,0.12608405603735823,-0.3648941318802724,-1.1145873574047076,0.4511182113521922,0.2486479489315259,0.580386924616411,0.1320868099783532,0.13046341302257897,0.1295013502291268,0.09674204503886154,0.24040098249544262,0.13129058531803633,0.44144792073528505,0.4425596200538645
GENE_01432,biology_signal,0,1,0.5196797865243495,1.525135448594238,1.3702902645293382,0.6129244949796795,0.5875258767007616,0.5810540360240161,0.6981365763584063,0.6965875581622393,0.7909949784832583,0.6761416887656932,0.2923678772819477,0.6991101422880297,0.22852340590376877,0.17071967182482561
GENE_01433,noise,0,0,0.4082721814543029,0.0641702360999434,0.4189939959893613,0.6936504446427738,0.7623468728204446,0.5817211474316211,0.4742755253753234,0.46596377468851935,0.607364697075635,0.4433964674213562,0.9018935464758964,0.47381544826357186,0.2468305502692411,0.20040586205171124
GENE_01434,biology_signal,0,0,0.7751834556370913,0.5276365995598441,0.4820497661706787,0.6432871763556792,0.5193521048224922,0.5823882588392262,0.4587766021525252,0.4600929693383244,0.5336994023230655,0.5946366896503558,0.4184745291100407,0.45844186869076126,0.3767915614745067,0.31277814165060963
GENE_01435,noise,0,1,0.694462975316878,0.1932603447560183,-0.5109996519762189,0.5591575547381615,0.6584303181028432,0.980653769179453,0.6121156384152449,0.6097198682004226,0.6952637630304541,0.6147529921472147,0.7758681806622936,0.6121185296559106,0.8047771225827935,0.8054201526784612
GENE_01436,biology_signal,0,1,0.05470313542361575,-0.8183549369610765,-0.4752661186976595,0.3447634907543121,0.0543271293436133,0.981320880587058,0.24294930068467288,0.2428872346025137,0.15496452802595426,0.2486175823331156,0.011562748282965662,0.241859764945763,0.5220694436939803,0.5512991113377786
GENE_01437,noise,0,0,0.819212808539026,-0.003651826711441,-0.033657436552424,0.7252983713637574,0.6470155237390947,0.9819879919946631,0.675094734514377,0.6753932317607256,0.6893389241861497,0.7526346267554871,0.9468005326066312,0.6748933856111361,0.5039920074043394,0.42230609258158947
GENE_01438,biology_signal,0,0,0.7991994663108739,2.2894336380370865,2.597775339502079,0.9307808066025856,0.7175848967342057,0.9826551034022681,0.9714533148051412,0.9717880257320105,0.9342155687285012,0.9688675433523245,0.17600769633858693,0.9717769514401133,0.30179003195046117,0.40595030218542016
GENE_01439,noise,1,1,0.342895263509006,0.7512267594908747,0.2990554470768246,0.4331234264510806,0.5781273767744194,0.9833222148098733,0.7003981264158599,0.6971762434608939,0.7588270418941622,0.6870624745138694,0.8261959456760436,0.7011345290890652,0.5935798070570063,0.7335204248753432
GENE_01440,biology_signal,0,1,0.5203468979319547,-0.8624723801199545,-2.8180724665533523,0.0674482495977896,0.1845798099909642,0.5830553702468312,0.02994064474190121,0.02988672989707478,0.06662205272144582,0.01867319642652904,0.3183273767126289,0.02962301241609938,0.473473791122973,0.4526698372490435
GENE_01441,noise,0,1,0.5683789192795197,-0.1942366210330662,-0.6341265832559685,0.3646713167612058,0.2019944750061719,0.5837224816544363,0.14313267062043072,0.1439750053081822,0.12635664465270185,0.11018699115496705,0.6463639320465693,0.14236953759147497,0.09393927203113443,0.10755963505790324
GENE_01442,biology_signal,0,1,0.12675116744496331,-1.1710280269787423,-1.3563017360957943,0.1810624637820435,0.0840501470344007,0.5843895930620414,0.0450942185212998,0.044773772231552204,0.0744709569138413,0.03888854696901819,0.18039550685286843,0.04462318486370325,0.2027828075601097,0.13733359484670113
GENE_01443,biology_signal,0,1,0.7244829886591061,-0.284395182673238,-0.7151352174681634,0.5121425358495266,0.7160353410434458,0.9839893262174784,0.5198715133571641,0.5162812981121508,0.6204152464760365,0.493366983385905,0.070497355086799,0.5193763533103469,0.8915747839536141,0.8232500852035771
GENE_01444,noise,0,1,0.05537024683122081,-1.1306334660834227,-0.4486649865728684,0.4991950589352217,0.3601394349047689,0.5850567044696464,0.12969479659825153,0.12675199596584488,0.10195876449618273,0.09284125243735997,0.6249053652167461,0.1286775715512721,0.5134662760937936,0.5980483561111875
GENE_01445,noise,0,0,0.40893929286190794,-0.2423720121410165,-0.6364303215775077,0.7518809144651001,0.6550096769761831,0.5857238158772515,0.32479545857381287,0.3180840171149732,0.41561699239074584,0.31415347578411723,0.5858265487194674,0.3237375496941629,0.20811805014239004,0.1674588873290318
GENE_01446,popularity_only,0,1,0.8879252835223482,-0.4953719386087543,0.0669785021675445,0.3440759572021653,0.8785548330418151,0.5863909272848565,0.2708529152334503,0.26939171053007904,0.3065871497354004,0.2752042252926765,0.5423632275754375,0.2699497870693706,0.6239778626756252,0.7129668537238888
GENE_01447,biology_signal,0,0,0.8198799199466311,0.8684938906340297,0.1648291257542203,0.3666476593435524,0.73577684348217,0.5870580386924616,0.44268007054625785,0.4421668898938499,0.5479457475814168,0.38319654120549845,0.2578038086624339,0.44292531909866034,0.3679298201177719,0.3668036717052165
GENE_01448,noise,0,0,0.8205470313542361,1.05571605332128,0.7762233862652147,0.5552108880603528,0.6077601791096582,0.5877251501000668,0.5603573497568058,0.5623042832578817,0.6870411431740407,0.5810719012544279,0.6141169370609325,0.5607536669876199,0.16913272493921946,0.15077325902348387
GENE_01449,biology_signal,0,0,0.6170780520346898,3.189762620841806,2.484477517599275,0.90329441656389,0.7211568759867257,0.9846564376250834,0.982344337587229,0.9823967375475455,0.9626487553324333,0.9623743232042639,0.11312434584400122,0.9826176682470456,0.1326491536266829,0.13271902049100362
GENE_01450,noise,0,1,0.34356237491661107,-0.6128499569548249,-0.3264388265660952,0.1735012205088628,0.3260963632159437,0.5883922615076718,0.11339770297379624,0.11230441435010473,0.1278537516621188,0.07409161870343575,0.7655156761107509,0.11273279410758238,0.2080308115780287,0.2179453088786259
GENE_01451,noise,0,1,0.8338892595063375,-0.300782487134546,0.0416003097170993,0.4409296246550899,0.8486012976848133,0.9853235490326885,0.5973655935652605,0.5950225942362521,0.5944254544545272,0.7094907168766322,0.9776641164340724,0.5971553836839075,0.5893890655202354,0.5789880440976953
GENE_01452,popularity_only,0,1,0.46364242828552366,-0.2469930916686443,-0.5042964031922552,0.6335355022285671,0.5284934800841329,0.9859906604402935,0.5388678735779953,0.5350077104376484,0.6666975205278871,0.5599518295595545,0.4553505905852947,0.5383139676624769,0.8864080770698514,0.8650233165585217
GENE_01453,noise,0,0,0.6557705136757839,0.9276835274458816,0.838344557277455,0.6083304194601932,0.6500321103631184,0.9866577718478986,0.815391124138923,0.8146520571204322,0.8146596444285303,0.8852721456850244,0.8652698661497643,0.8160723156006192,0.49045608931561724,0.5737832759565931
GENE_01454,noise,0,1,0.014009339559706471,-1.0031531020557878,-0.3877096998562553,0.5009130803936803,0.0883047901256609,0.5890593729152769,0.10813973803181902,0.1071558385600676,0.08990809458614381,0.052761171846319746,0.7157801665394676,0.10722044612443168,0.30133763912789563,0.24371160313497042
GENE_01455,noise,0,0,0.9086057371581054,-0.6030349342463325,0.4285703084895472,0.8850416557094479,0.5816532907534807,0.5897264843228819,0.38142877326198504,0.3848576840908885,0.23954192291187265,0.41196810754215946,0.7420693900356012,0.3798122653663465,0.24016961185757715,0.17728538509686118
GENE_01456,noise,0,0,0.056037358238825885,0.853101485170866,0.4243008559664885,0.1518639624569358,0.3241715304240656,0.9873248832555037,0.566957075991525,0.565469243598363,0.6318720281314962,0.736733687036219,0.9172177923361396,0.5678444528373915,0.3562727374689223,0.3279463762444467
GENE_01457,biology_signal,0,1,0.12741827885256837,0.2352686581400476,1.5937683870210066,0.5032242875759452,0.2144043890870429,0.9879919946631087,0.6704641343639065,0.6707857694268413,0.519768389134501,0.6085432155698529,0.3664204247923605,0.6707229806642125,0.2303178522294079,0.1103270336695829
GENE_01458,noise,0,0,0.9092728485657104,1.5214715915268513,0.3346336517351922,0.6210972797975257,0.6570203942159341,0.590393595730487,0.6223571916246231,0.6274297080290351,0.7616708937490286,0.6774974079387249,0.831432382190783,0.623019419689873,0.3740037884056912,0.23126699813957458
GENE_01459,popularity_only,0,1,0.7251501000667111,-0.564645170523111,-0.0422591342617547,0.4225876138686014,0.5482832643285638,0.5910607071380921,0.21067142046252318,0.20946689141968297,0.15134494057379452,0.1823935157269613,0.4700300911850892,0.20967573443834986,0.38660148427673624,0.4561453360875666
GENE_01460,noise,1,1,0.3442294863242161,-0.1067848954666556,-0.2062236213649731,0.5988942328405837,0.1364003633136686,0.9886591060707138,0.4646880900374221,0.46638563909202446,0.4284759060171435,0.42868494785190503,0.6654667202826301,0.4639761806802975,0.5615774926811252,0.5234540682900882
GENE_01461,popularity_only,0,1,0.9099399599733156,-0.453578560706222,0.7534755149935527,0.7239496701356135,0.9045678869963196,0.5917278185456971,0.4677188081806605,0.46668459170362747,0.4300203981807386,0.3877444464081585,0.4942948088732607,0.46666690909210873,0.4231808594629856,0.6513217326311636
GENE_01462,biology_signal,0,0,0.8345563709139426,2.7983723892462757,3.418317797236262,0.9645605449709088,0.6437384290363125,0.9893262174783188,0.9838935268476509,0.9842987442300505,0.9561347912862121,0.9730546049553167,0.26914263027638563,0.9841182929183765,0.1663896668614072,0.3929940098054082
GENE_01463,noise,0,0,0.6177451634422949,-0.2675879900981662,0.4108431138741388,0.7726008474140472,0.4220010260352906,0.5923949299533022,0.3548593861522982,0.35382762346135255,0.3753763888612612,0.5364581237793635,0.609225673703872,0.35368753774193473,0.21682213155021643,0.17658495620776973
GENE_01464,biology_signal,0,0,0.6564376250833889,0.915931965554122,1.822589506428248,0.8232847225695593,0.321655991218742,0.5930620413609072,0.6512834021363488,0.6543666173336454,0.7374491912326764,0.8248899212918691,0.39123252234797345,0.651476636048098,0.18136913384635328,0.1369106205204571
GENE_01465,biology_signal,0,1,0.695130086724483,-1.5922364165065408,-3.279926025981238,0.0414842954869292,0.2835209830143126,0.5937291527685123,0.017342564584197685,0.017272820263474774,0.04094093225148465,0.013616312919754354,0.24744524062259987,0.017099344404279793,0.6412881485068427,0.6885702598187685
GENE_01466,biology_signal,1,1,0.5210140093395597,-4.552293036878941,-3.456583906314915,0.0352322348697518,0.3126996944414429,0.5943962641761175,0.0027294070994906194,0.002646258402310329,0.009098247735899729,0.00578021971261163,0.20938683178504014,0.0026574062944474557,0.8183937329166076,0.8476697453622648
GENE_01467,biology_signal,0,0,0.9306204136090727,3.8289978532465994,5.3349490255752805,0.9922904035284216,0.6708809382682401,0.989993328885924,0.9960292764260779,0.9962464887438306,0.9739543268774079,0.9734692032844783,0.24462981239744974,0.9961082846150715,0.026523686883349024,0.053404399487302884
GENE_01468,noise,0,0,0.7258172114743162,0.5207461496925614,0.8744203340943223,0.6556404801398322,0.7827707532897313,0.9906604402935291,0.8121731991425163,0.810457801014364,0.7633902591439747,0.8791939124288014,0.6346269923671851,0.812664708397511,0.43059775379878634,0.5754483363933662
GENE_01469,noise,0,1,0.34489659773182124,0.2618156290076223,-0.4145167402580217,0.3393891889853832,0.3833262700637827,0.9913275517011341,0.47909148921264294,0.4774253836030111,0.550848344292469,0.4432717125867616,0.9111818775139452,0.479078050291911,0.6668937072396868,0.5236604011376921
GENE_01470,popularity_only,0,1,0.6184122748498999,0.5005452757861926,0.4856315675821103,0.1989411722170332,0.4861882522624576,0.5950633755837225,0.29934505733870614,0.2988638669931999,0.22368640543435026,0.2620298244332645,0.5172651729316659,0.2992067824065734,0.27540125009468985,0.23717141593051655
GENE_01471,noise,0,0,0.5690460306871248,1.133633409584154,-0.2290757513076159,0.3976602278652159,0.76065257329743,0.5957304869913276,0.46900460732557886,0.4637046277831565,0.5378130839409362,0.4730175330183682,0.8563320969064,0.46956842956926076,0.15758210978557688,0.20805578384795353
GENE_01472,biology_signal,1,1,0.2701801200800534,-1.5296339869260096,-0.0044548907915614,0.2759985502477542,0.4739337224938315,0.5963975983989326,0.10149688800378785,0.09904631887488674,0.09905273997094391,0.05085354514528671,0.29658721116259334,0.10062134815485319,0.553173411321267,0.5952045072292406
GENE_01473,noise,0,1,0.27084723148765844,-0.7572072035478778,-0.1674564448221475,0.6893567280987392,0.4855156329361957,0.5970647098065377,0.23984919563020707,0.2351895938651243,0.23060511130200353,0.3216409082676638,0.6839812348139447,0.23856472040370966,0.39610973007588063,0.3216550136577241
GENE_01474,biology_signal,0,1,0.5216811207471648,-2.572911456329789,-2.334359492532782,0.092894014487059,0.2693820225437874,0.9919946631087392,0.044846017925517005,0.044368522213399826,0.045150204464671814,0.035105787633321554,0.01807911936462292,0.04422827742162976,0.8949915310323496,0.8750092157803395
GENE_01475,popularity_only,0,1,0.8765843895930621,-0.8264927717983362,-0.765665555235445,0.1920818346214283,0.7783950678036037,0.5977318212141428,0.13663564409387335,0.1358875530224494,0.11063431021203995,0.1906928203349613,0.54470557793944,0.13580800394436487,0.1944771733277774,0.13758298761028676
GENE_01476,popularity_only,0,1,0.9766511007338226,-0.9851943569768976,-0.6834366740083584,0.6882203654533291,0.812750792552345,0.9926617745163442,0.48808595417282474,0.49983406375787,0.5510121303551496,0.48145834166701257,0.5115513006657244,0.4864028780766501,0.747312295512809,0.6990779089085463
GENE_01477,noise,0,1,0.5697131420947298,0.2850838325576744,-0.5585447596743763,0.7793066464986632,0.1610438603573678,0.9933288859239493,0.5616090957436124,0.5652496829510453,0.6859526252292913,0.4422486529931976,0.6927152562572904,0.5611261927633183,0.2784213665130963,0.31228437602003084
GENE_01478,noise,0,0,0.5703802535023349,-0.4668519515517498,-1.04276742232222,0.6115082747226911,0.4707037561067561,0.9939959973315544,0.4287125951544342,0.4263488875459243,0.5800296413308157,0.4138269579575176,0.6555612770386793,0.4277127934665967,0.516099287149743,0.4320386344717458
GENE_01479,biology_signal,0,1,0.2028018679119413,-1.6474560557811209,-2.461198843229168,0.2068472128072251,0.3545814450237801,0.5983989326217478,0.0316841810502237,0.030840084532614078,0.040846306195776096,0.019991310193977156,0.00875827136141516,0.0312844099229823,0.5069445423420323,0.48842059481771516
GENE_01480,popularity_only,0,1,0.8772515010006671,0.2588394589817678,1.0333418639002685,0.4146763481872493,0.8186849868399109,0.5990660440293529,0.46948041310540334,0.46953187554695847,0.5458757491867204,0.4142371905297771,0.4784076633354638,0.4693218007610184,0.43451688674960504,0.563265243647699
GENE_01481,biology_signal,0,1,0.2715143428952635,-1.4368374859901736,-1.269209763077149,0.210062749386951,0.2537914977896359,0.9946631087391594,0.14283708082275276,0.14148358125672936,0.09949212709770366,0.10922174230636905,0.0820197810965011,0.14179589684268612,0.4944495279407687,0.5015490905747062
GENE_01482,biology_signal,0,1,0.27218145430286855,-0.6984444604486637,0.0807865011765053,0.4424124666253192,0.3361847247137511,0.5997331554369579,0.17476569780011483,0.17271278778929222,0.13762288625913474,0.13902883656209922,0.27816669410110406,0.17378079507298222,0.30086315558171456,0.3982934945456203
GENE_01483,noise,1,1,0.95263509006004,0.0544575550435921,-0.0165672544356748,0.6840496126314836,0.8992270481195307,0.9953302201467645,0.7243540412112681,0.7290806472630168,0.6615540816991533,0.7631829698660203,0.5951374154547738,0.72424800687927,0.4358176654445617,0.4668457237247958
GENE_01484,noise,0,0,0.7264843228819213,-0.1714972930119404,-0.5368201491771468,0.3472397564206141,0.8094935249264579,0.600400266844563,0.25473158573853666,0.2504083997582934,0.25445791125745565,0.27107319349612413,0.5917334904970358,0.25405049537819163,0.23596100652069535,0.2757925473523321
GENE_01485,noise,0,1,0.6957971981320881,0.2358694067145456,-0.0991656586414679,0.192042451513014,0.2157649360625438,0.6010673782521682,0.1734401517583038,0.17587263282988727,0.13827427461060493,0.17640845132642718,0.7927979371077944,0.17290906427084946,0.15673143269067347,0.13190036337604716
GENE_01486,biology_signal,0,1,0.20346897931954636,-0.8670769721582208,-1.9969567669505823,0.211459977908598,0.3105320170336222,0.6017344896597732,0.057039877272433655,0.05598263155663574,0.07816433989725219,0.036807871010614585,0.21881908183895582,0.056531699111533724,0.5267841672854466,0.6090032822865648
GENE_01487,noise,0,1,0.409606404269513,-0.0904336941072626,-0.0400320488926331,0.4848577013416483,0.4515154968335517,0.9959973315543695,0.531730852996404,0.5291549245030266,0.5863206610258425,0.5198585536737501,0.6041689900712612,0.5314492806237335,0.6823901196020179,0.6330113029533538
GENE_01488,biology_signal,0,1,0.46430953969312877,-1.8033151366330296,-2.3001106321070117,0.1680056364848683,0.2498746848870609,0.6024016010673783,0.025561582325716273,0.02525353297429558,0.0369159740311379,0.015661396159737776,0.3123333982935046,0.02520892857774673,0.6016826541352044,0.6390499345045957
GENE_01489,popularity_only,0,1,0.3455637091394263,-0.3627130872663562,0.4700860808688044,0.4702534167732315,0.299523855008167,0.6030687124749833,0.23125259860841002,0.22999268253979185,0.18076513656822105,0.22804650440233862,0.4731646225071138,0.23031864959098755,0.18551813393287264,0.15755511484863532
GENE_01490,noise,0,1,0.46497665110073383,1.3083910303205686,1.12621745342351,0.2750405867325529,0.8191260565846098,0.9966644429619747,0.8251162532781378,0.8220844954196456,0.7342663835800098,0.8083558539679685,0.758786667519614,0.8262574305714551,0.5905353349681358,0.6698758807929858
GENE_01491,biology_signal,0,1,0.8512341561040694,4.256021289099306,4.756631363153248,0.96968480086033,0.9562139799880672,0.6037358238825884,0.9912177913122359,0.9913450280737256,0.9250693567543915,0.9526889455361617,0.016528445583454454,0.9913927437268997,0.020161304543823793,0.02109188206020608
GENE_01492,noise,1,1,0.799866577718479,-0.1204373733469746,0.7765673827837115,0.494834492965637,0.793620828626711,0.6044029352901935,0.41199423364555493,0.4090134139869511,0.4548766622601602,0.3412678659225327,0.7453529333309739,0.4114019450920499,0.13313904459278975,0.10481282313945257
GENE_01493,biology_signal,0,0,0.20413609072715144,2.780009298657893,3.775367206698407,0.9474471455074908,0.2500032916288286,0.9973315543695798,0.9779467510477576,0.9783395651233108,0.9535828890621779,0.9326106261762316,0.32160389232329645,0.9782424488674053,0.09886483853456493,0.1188847219683712
GENE_01494,biology_signal,0,1,0.41027351567711806,-1.1679274593946567,-0.2383090507246709,0.4125302547635771,0.4825558335069884,0.6050700466977985,0.13673125831873092,0.1341126358849945,0.1040561256765136,0.08781785590017162,0.1299865008082116,0.1357165205115882,0.4809274190973253,0.6038850216484165
GENE_01495,popularity_only,0,1,0.7758505670446965,-0.1888121142944684,-0.3672350647805542,0.4994852549831705,0.769639487399141,0.9979986657771848,0.5767315346118635,0.5738070058098289,0.626121418976557,0.6238420136975026,0.5314376927924449,0.5764687976498866,0.772544852874381,0.7508238810228346
GENE_01496,noise,0,1,0.7765176784523016,-1.2573073238971642,-0.1684175931554916,0.1746342081516018,0.4096641708899148,0.6057371581054036,0.0894990477101396,0.08975358841895466,0.06610049774555296,0.0665765962199441,0.7477762120758179,0.08873095489319577,0.15411022549528863,0.10659955153401214
GENE_01497,biology_signal,0,0,0.8619079386257505,2.1549526615812407,1.5251863116371207,0.7465833462208207,0.4993401648449828,0.9986657771847899,0.924906650011003,0.9271418861492651,0.884455170679084,0.9553093494612466,0.014275549836066825,0.9255351381565717,0.31572785363974776,0.2759100067714525
GENE_01498,noise,0,1,0.7271514342895263,-0.4611256042610847,-0.3562836091252057,0.5802539444640409,0.3538086285277802,0.9993328885923949,0.4471571822814798,0.4492903469371085,0.551059009155276,0.47024411307618835,0.9738581400673998,0.4461575756269413,0.5057057711822486,0.6311707781801679
GENE_01499,biology_signal,0,1,0.5223482321547699,-1.956081746092429,-0.4127931652211729,0.2053249819989867,0.4266030818127529,1.0,0.16722931974002922,0.16529393029072326,0.09983945350927878,0.1395625496556188,0.31393102719230714,0.16593575310396624,0.7438164685169923,0.6320539169204037
