gene_id,planted_group,entry_year,label_pre_cutoff,label_post_cutoff,publication_count_pre_cutoff,publication_count_all_time,mean_expression_id,differential_expression_id,cell_type_specificity_id,mean_expression_ood,differential_expression_ood,cell_type_specificity_ood,network_centrality,druggable_class,cutoff_year,evaluation_end_year
GENE_00000,popularity_only,,0,0,51,51,-0.9589776138717201,-0.08336495545770545,0.5370669314651729,1.0722820822642902,-0.16328629270583844,0.10812898190927751,0.9568905784682249,0,2019,2024
GENE_00001,biology_signal,,0,0,2,2,-1.9656369235059994,-3.3771743900256577,0.0557583101235573,1.4792846041605368,3.3706724376107875,0.5274577558659608,0.24195358504927061,0,2019,2024
GENE_00002,biology_signal,2015.0,1,0,77,124,0.4229916541159765,-0.16050686807728676,0.37133166417475083,-0.35699461357347384,1.741999048847043,0.6037232898040299,0.9166263487384619,0,2019,2024
GENE_00003,biology_signal,2017.0,1,0,9,60,1.7204397682419044,2.203679896988371,0.6958250804842213,0.36797570750106245,-2.032415347462927,0.2956881295827209,0.3394822169452911,1,2019,2024
GENE_00004,noise,2019.0,1,0,5,61,0.16408020525517164,0.7651284843311273,0.68115937392126,-0.5373058455340518,0.9199353625564162,0.8453132315476907,0.4807520980060316,0,2019,2024
GENE_00005,popularity_only,,0,0,80,80,-0.05548181562763059,0.9636022949500046,0.748696391376383,0.2625374274932074,2.663703363687865,0.5276318558370007,0.871748439945673,0,2019,2024
GENE_00006,biology_signal,,0,0,4,4,0.3796318219618767,0.6465592058447088,0.5881542511926069,0.9256736540204656,-1.0677632755394857,0.835264688685311,0.21667650637122837,1,2019,2024
GENE_00007,noise,,0,0,11,11,-0.17450055397955155,0.2992869201192131,0.5742522838201433,2.0030186286580247,1.2349223008412697,0.3934802685385052,0.5266354868350515,1,2019,2024
GENE_00008,biology_signal,,0,0,9,9,0.31659036594321577,-1.0305201926407348,0.5280083171995459,1.7854752744924913,-0.05658534002629256,0.45123421472737546,0.32950493519514956,0,2019,2024
GENE_00009,noise,,0,0,12,12,0.1869146844533714,-0.8915402508106143,0.2976477362909145,-0.0765109497704618,-1.3892911677884492,0.26994381636835585,0.41888891691857166,0,2019,2024
GENE_00010,biology_signal,2013.0,1,0,2,50,-0.36038563557662756,-0.17303166824609428,0.14562425666266784,-0.0025472093932481926,0.09237914087272264,0.463523040460609,0.35965032010433035,0,2019,2024
GENE_00011,noise,2019.0,1,0,21,76,-0.07206056190040872,-0.21446246955683687,0.4454228346872683,0.33961954038650705,-0.1743735473348993,0.47563452169221077,0.6511737754757948,1,2019,2024
GENE_00012,noise,,0,0,19,19,0.796599139601012,-0.2672325559896706,0.33392787767385995,-1.5225140485131337,1.39913175788202,0.369300464406616,0.3787485680609367,0,2019,2024
GENE_00013,biology_signal,,0,0,4,4,2.0404472219297913,3.508581864938663,0.921768193784273,-2.442264036035547,-2.541713474256228,0.3860300026575561,0.5988361660756631,1,2019,2024
GENE_00014,noise,2015.0,1,0,7,61,0.4315921904833461,0.1484990591857665,0.4758668323576303,0.3295979914842169,-0.843300994952958,0.8864203828949517,0.48542013330424433,1,2019,2024
GENE_00015,noise,,0,0,8,8,1.7783424776278867,-0.14262038079741368,0.35666536553305156,-1.578359745405872,1.260090711174907,0.20603020272685235,0.48502714291511023,1,2019,2024
GENE_00016,biology_signal,,0,0,5,5,-2.676695447958676,-3.1285241837817983,0.061715536868501154,0.7652172672418848,2.4918320494657613,0.7430553262965965,0.31383352961471533,0,2019,2024
GENE_00017,biology_signal,,0,0,4,4,-1.3986853497613934,-1.5430674022064153,0.2090573043056475,-0.31642264400280484,0.7771487182440289,0.690674814060158,0.2709823826948472,0,2019,2024
GENE_00018,biology_signal,,0,0,4,4,0.10415158503064043,0.15125324684343622,0.5454504406777272,-1.1671944724656018,3.368371050403105,0.5303325376362019,0.49355739877499727,0,2019,2024
GENE_00019,biology_signal,2016.0,1,0,14,78,0.9726659945352165,0.9026238314492171,0.5464857506791561,0.03772076896447346,0.36723285061819977,0.4488977775821909,0.2877086212556542,0,2019,2024
GENE_00020,biology_signal,,0,0,2,2,-1.16629778644443,-0.6612144369145463,0.3834472654927051,0.5030042349778603,0.5633992386458917,0.5381679439059377,0.04641125069617664,1,2019,2024
GENE_00021,biology_signal,2020.0,0,1,23,78,0.37390475341946555,-0.05225879393089272,0.617455826847764,-0.2224757922956112,0.22143123434562373,0.8375304139626247,0.6825543213057822,1,2019,2024
GENE_00022,biology_signal,2015.0,1,0,15,68,3.807782245535549,3.760243428618439,0.9133735494108505,-2.0643917922839417,-2.726151104919914,0.21902680302219107,0.8445692278081162,1,2019,2024
GENE_00023,noise,2013.0,1,0,15,58,0.46550931520563305,0.18307961996823469,0.7229639864013051,0.4853423015117071,0.9814524657578261,0.8632760859446804,0.7445932660016547,1,2019,2024
GENE_00024,biology_signal,,0,0,18,18,-2.570320989265285,-1.6132747529075993,0.2861105934895481,0.9485967266494189,2.536755246592309,0.7227681681842438,0.7346037409659146,0,2019,2024
GENE_00025,noise,,0,0,2,2,-0.7955340498068273,-0.09057157865779247,0.5280053210658199,2.4327870680898576,-0.4092728756542568,0.3172481617849489,0.5045989223893904,0,2019,2024
GENE_00026,biology_signal,2016.0,1,0,2,60,1.0114913145106479,0.9688035282831933,0.5803873548549423,0.2000250896946757,0.7736747280266975,0.11481963778839022,0.2596723287805579,1,2019,2024
GENE_00027,biology_signal,2014.0,1,0,5,60,2.85574170882354,3.83494551359266,0.8403090132352555,-2.353116240397843,-3.1335611691410876,0.42122311233296583,0.7316508687600412,1,2019,2024
GENE_00028,biology_signal,2019.0,1,0,0,51,-1.149664386411075,-1.0819750204897005,0.19682049363791673,0.6429834951400002,-0.0382056849679967,0.8095435410379856,0.32072281750341647,1,2019,2024
GENE_00029,noise,,0,0,9,9,-0.9820466280594407,-0.3879023334207876,0.12915188094697658,0.2843253923458426,-0.042920628246620074,0.4414195946201662,0.20182629237528057,0,2019,2024
GENE_00030,popularity_only,,0,0,38,38,-0.5451244724945637,-0.5901337713424193,0.6531865054499417,0.908201202919371,2.0109458084294687,0.6993670475679058,0.7535437498402432,0,2019,2024
GENE_00031,biology_signal,2016.0,1,0,44,96,2.9373132606952446,3.406662521823404,0.8446614098030403,-0.7977859266361736,-0.9818088184344067,0.13673812110220973,0.9700433541139323,1,2019,2024
GENE_00032,biology_signal,,0,0,11,11,-2.9483232124814576,-2.5669051484805774,0.0876882355775138,2.0695549202963455,2.327422159402248,0.8334489693880743,0.6205338021829842,0,2019,2024
GENE_00033,popularity_only,,0,0,10,10,0.5282201109922343,-0.17565185871622893,0.2976905268737132,-1.6815380107189808,-0.10012290245365382,0.3297532134224598,0.1339028517690988,0,2019,2024
GENE_00034,noise,2021.0,0,1,3,58,1.3724895445366876,-0.11419531691697657,0.6063362124115765,-1.2264581920133355,-1.0408509097344925,0.4228014230776315,0.2874921358803351,0,2019,2024
GENE_00035,biology_signal,,0,0,8,8,-1.2810821040731257,-0.33044111560796774,0.1628174500015322,0.955876153253048,0.2876517604316117,0.40014352752079885,0.6515666367316103,0,2019,2024
GENE_00036,noise,,0,0,13,13,0.7274128855004232,-0.0008791477977856121,0.21695834322569568,-0.2899089819208287,-0.0846531946948997,0.4681482690710378,0.4326062072800906,0,2019,2024
GENE_00037,noise,2021.0,0,1,12,72,1.178192766258438,-0.8158595710831862,0.6305836729473983,-0.7022534442512836,1.300324470150224,0.43721888794991154,0.694987203935934,0,2019,2024
GENE_00038,biology_signal,,0,0,4,4,0.8266016118032928,0.5442203973956625,0.6458870766716737,-0.9605094417781737,0.31248200387436453,0.5349847239965506,0.7498326761817344,0,2019,2024
GENE_00039,noise,2014.0,1,0,19,74,1.0014873829830215,0.5358939350728686,0.8703805403826059,-2.014398802078748,0.2603863857740252,0.3781104937357629,0.8373378420046113,1,2019,2024
GENE_00040,noise,,0,0,12,12,-0.15477007856528757,0.729366495872395,0.5896093331583165,-1.2916223456407705,-0.7176888683510276,0.3176828453884256,0.599166487057617,0,2019,2024
GENE_00041,noise,2016.0,1,0,32,85,-0.08935678204787445,-0.12812481768856715,0.543018762963225,0.874337016339363,0.7723152419902628,0.26662311336406896,0.927871537243796,1,2019,2024
GENE_00042,biology_signal,,0,0,3,3,-0.7815599461138807,-0.441527840965968,0.7160877714806794,0.26738863402214397,-1.9238516704641038,0.3002034955317342,0.22953702461279787,1,2019,2024
GENE_00043,noise,,0,0,12,12,0.5078079539928406,-0.04256933556205866,0.30739553454175117,-0.8024887796205497,0.11306724550537817,0.14248695374989545,0.6250861424767762,0,2019,2024
GENE_00044,noise,2016.0,1,0,5,63,0.15762871327784564,0.5110358590147386,0.7468280790707377,0.3722031026904006,0.35413647713337304,0.661218040195995,0.7254352130908326,0,2019,2024
GENE_00045,noise,,0,0,15,15,-0.1574834693319336,1.1918553792863547,0.5903533919686206,0.3700246282027403,0.246466046869543,0.8854189679594363,0.6385744837574823,1,2019,2024
GENE_00046,biology_signal,,0,0,11,11,-0.317671677022361,-1.9174331066562342,0.2982865177491556,-0.7683333634234694,0.5035312118139587,0.7425894372509697,0.4082925847856946,0,2019,2024
GENE_00047,noise,2014.0,1,0,1,51,0.7858602461182773,0.7982404367826685,0.34967931008217673,-0.7176893387273365,-0.09312061452507492,0.8386110884122246,0.09975531606174942,1,2019,2024
GENE_00048,noise,,0,0,5,5,0.9934296160828107,-0.4561130547258926,0.3000469157183461,-0.4945055121627173,-0.28238537513572787,0.5371242245746074,0.1937325842765893,0,2019,2024
GENE_00049,biology_signal,,0,0,14,14,-1.6458378149397914,-3.6213901709539322,0.10265507582820628,1.4295931117039897,4.322316896876148,0.7120200172056694,0.2907203969407258,1,2019,2024
GENE_00050,biology_signal,,0,0,2,2,-6.110541848678319,-7.429178348522784,0.0031583229742177233,3.491093349163825,3.462193823228076,0.9537296311179663,0.04174462611122637,0,2019,2024
GENE_00051,biology_signal,,0,0,7,7,0.8176641355813503,-0.6869098133102666,0.4410415952868557,-2.038525756827646,2.4639784410918204,0.8020049883167235,0.7354668755464504,0,2019,2024
GENE_00052,biology_signal,,0,0,3,3,-2.4707096854436266,-3.2470718008086297,0.10453445298903798,0.7437629892061991,3.1154711819328673,0.9615504178109127,0.2666656031428248,0,2019,2024
GENE_00053,noise,,0,0,39,39,0.9371616714656045,-0.01810846277580451,0.6669208355193963,-1.6183680704857533,0.2344003000042514,0.6057595405963915,0.8103267828103561,0,2019,2024
GENE_00054,biology_signal,,0,0,3,3,1.0164481828722538,0.728609877094124,0.6917452103221485,0.6576714074664856,-0.03024407147697583,0.46115881153533045,0.5347311710557002,0,2019,2024
GENE_00055,biology_signal,,0,0,2,2,-2.191222893463216,-0.7956342813561371,0.24844064744872552,-0.002118988290049195,0.07940907113185425,0.48806851104312227,0.18473857122526474,1,2019,2024
GENE_00056,noise,,0,0,12,12,-0.27895458354968267,-0.397523240841491,0.6055464152436828,0.8040900140276742,1.5386864819832624,0.4929167529516542,0.5264966879582205,0,2019,2024
GENE_00057,biology_signal,,0,0,2,2,-3.6424453465853066,-4.191074026423473,0.03872210222370328,2.773848081818004,0.6811463885505329,0.9522469270688533,0.18057891300146017,1,2019,2024
GENE_00058,noise,2015.0,1,0,22,72,0.2809180711135197,-0.14780044403971493,0.8462384494175719,-0.24921174230428464,-0.35058250629252263,0.6876706885017189,0.5167252234887828,0,2019,2024
GENE_00059,biology_signal,2012.0,1,0,5,57,2.325643193171013,3.535520094022218,0.9049522487151073,-1.718597714079972,-1.8729310881611434,0.3237671079385472,0.772943584506932,1,2019,2024
GENE_00060,biology_signal,2019.0,1,0,18,74,1.9034942310805907,2.4220269476596057,0.9513835237397239,-1.6379034493391078,-0.805423703804699,0.32905883537754943,0.933351753148082,0,2019,2024
GENE_00061,biology_signal,2017.0,1,0,3,58,-0.36152540336704964,-0.39095888612040564,0.7782495983664278,-0.796098139072786,0.2270094601964174,0.45562142101774467,0.2514245847897198,0,2019,2024
GENE_00062,noise,2016.0,1,0,32,93,-0.37700599038015586,0.44228116787533067,0.5477632368368409,0.11620497714402167,-1.1740681924399858,0.5986883050651939,0.8569913718658919,1,2019,2024
GENE_00063,noise,2014.0,1,0,19,81,-0.14377971384465354,0.30715180697762745,0.5998485049544816,1.1095743661863025,-0.26717915406238224,0.299712983035351,0.8735802097593934,1,2019,2024
GENE_00064,biology_signal,,0,0,3,3,-1.5959638462402221,-2.9711550878409696,0.3595151254647882,0.5825959821734221,2.224420574996871,0.9441849879460558,0.09931188165933202,0,2019,2024
GENE_00065,biology_signal,2015.0,1,0,5,64,2.4187255415570568,2.8323321344250254,0.9372845850498053,-1.6875674095596065,-2.164065833538945,0.331946731218771,0.26002507945522213,1,2019,2024
GENE_00066,biology_signal,,0,0,8,8,-2.482051326185143,-1.3881514369699741,0.21733374354366333,2.78079939566119,1.5878700790811469,0.7407120660214586,0.24905715595226838,0,2019,2024
GENE_00067,noise,,0,0,16,16,-0.3919372682230144,-0.4413091501113273,0.47086596637207434,-1.3572448295693187,1.2166265256659339,0.4929074666932939,0.5298975118433464,0,2019,2024
GENE_00068,popularity_only,,0,0,49,49,-0.009060319072399736,0.3041565958835427,0.40791031584179477,0.299639666160611,-0.3475766887649799,0.2787230227895921,0.9429252924262795,1,2019,2024
GENE_00069,noise,,0,0,15,15,-0.10433275099746592,-0.32198808330217993,0.36228258968399596,0.31090437999460074,-1.210189479221507,0.4968670710550288,0.47972732940384677,1,2019,2024
GENE_00070,noise,,0,0,15,15,-0.6787884014353435,-0.004641920555809826,0.32720381303715684,0.033392436455594476,1.1790584087788356,0.7960584205804775,0.7364907354119642,1,2019,2024
GENE_00071,biology_signal,,0,0,5,5,-4.677159281120129,-5.787379191523753,0.016570729695285454,3.155227262336342,2.1823123062214034,0.989492497612122,0.17433552362451912,0,2019,2024
GENE_00072,popularity_only,,0,0,39,39,-0.9923251270727741,-0.8714483588494787,0.7829012573589087,1.2420893697344146,1.0196320931845806,0.7681256531701325,0.8439468156567179,0,2019,2024
GENE_00073,biology_signal,,0,0,0,0,-1.8590752941029707,-1.9518180437335029,0.044998533746327105,1.1431419643134302,3.161168118360714,0.8695424607945346,0.30305878040019046,0,2019,2024
GENE_00074,noise,2013.0,1,0,3,61,0.8251914415843338,0.10251277035315061,0.40445052471605325,0.9742761117148032,0.18534595363268136,0.70854888291992,0.2677024651224413,1,2019,2024
GENE_00075,biology_signal,2017.0,1,0,37,93,1.661957139784267,2.8788150880451147,0.9012897513998958,-0.08432099207015242,-2.0779765228152964,0.4280501002887778,0.8922176933544398,0,2019,2024
GENE_00076,noise,,0,0,1,1,1.0012070713432106,-0.1195220956941705,0.1531612845927244,-0.6498737053741988,-2.2534493404962865,0.7521243857902568,0.3652029837340454,0,2019,2024
GENE_00077,biology_signal,,0,0,2,2,-2.0236469231723024,-2.067289714174325,0.2516332924443679,0.8138810326717965,0.7086333256068836,0.46192596078581516,0.292799969575217,0,2019,2024
GENE_00078,biology_signal,,0,0,3,3,-1.7066729697068324,-1.8480686037353797,0.23417372675556314,1.2838368793435815,-0.026970002905434942,0.2612881788201829,0.34280194229342925,0,2019,2024
GENE_00079,noise,2021.0,0,1,14,65,0.05073557547993124,-0.8746604435047405,0.4877105255591693,-0.6307955904750646,-0.19618978936247455,0.7074231402488735,0.6210853387389159,0,2019,2024
GENE_00080,biology_signal,,0,0,14,14,-2.4708222973861083,-2.5279245960828094,0.09876940630159159,1.6477719263258914,2.1501400261432195,0.8761916413863222,0.6416387651250718,0,2019,2024
GENE_00081,noise,,0,0,14,14,0.01979922244991042,-1.137085913105348,0.7902914299178054,0.02670139069071223,1.9778433944036728,0.8471933690400312,0.8392868800263336,1,2019,2024
GENE_00082,noise,,0,0,8,8,-0.19408565551441379,-0.09855981826449293,0.7866479738935224,0.3401283273978936,0.7109925680952003,0.6233483651075212,0.4248567740030689,0,2019,2024
GENE_00083,biology_signal,,0,0,14,14,0.810601775229383,0.619559893084455,0.24894575118243817,-2.060346645795102,-0.2733465300137161,0.26070513114782307,0.6612416773131871,1,2019,2024
GENE_00084,noise,2013.0,1,0,25,83,1.1138814296782031,-0.19182949128760735,0.5154472691383469,-0.68521896049699,-1.242544780139214,0.3976642373903073,0.8000073199243637,0,2019,2024
GENE_00085,biology_signal,2014.0,1,0,26,79,2.157678683509992,1.6140328217338666,0.8243368309148474,-1.5958608761514077,-1.417939383208231,0.096498160951493,0.7656577940589451,0,2019,2024
GENE_00086,biology_signal,,0,0,0,0,-2.1459900102516114,-2.374844918953303,0.19573510980264802,1.3388466044725007,0.9964401038849123,0.9526116880648506,0.37990646229747926,0,2019,2024
GENE_00087,noise,2018.0,1,0,20,73,0.26758616877786096,0.06303732077361501,0.7468583023793565,-0.5222703698375276,1.1257381962673252,0.4037801654963827,0.5229747456611546,1,2019,2024
GENE_00088,biology_signal,,0,0,7,7,0.3244677534451814,1.530678889704256,0.7925387947634663,-0.17161399501927554,0.046300403220745134,0.15598962669982724,0.3644464281867885,0,2019,2024
GENE_00089,noise,,0,0,10,10,-1.079437377361534,0.19903823578698232,0.26519305362257733,-0.3048979682067966,-0.8851621321529313,0.06238352033243625,0.47213526367337977,0,2019,2024
GENE_00090,biology_signal,2014.0,1,0,7,65,1.2712556957843888,1.5020613189300767,0.710934707841376,0.5131246229113585,-1.5520096211593337,0.7053659718150538,0.7369722572380062,1,2019,2024
GENE_00091,biology_signal,2019.0,1,0,10,67,-0.3923380735134631,0.1919420671571941,0.34838910964243813,1.6653866431239375,-0.8259293423253793,0.5657405924997212,0.8191880123208597,0,2019,2024
GENE_00092,biology_signal,2015.0,1,0,17,72,2.5349354493960936,2.208839448116691,0.7851299552000505,-2.940564999624228,0.5020852409994916,0.10808334313986792,0.3554751826969512,1,2019,2024
GENE_00093,noise,2015.0,1,0,14,72,1.043726859917101,0.029725551926092664,0.7018265374210244,-2.461449688691503,0.8264296613959373,0.4253937224863443,0.8801426010637107,1,2019,2024
GENE_00094,biology_signal,,0,0,5,5,-3.1573601725181426,-2.98969725999287,0.10706678573202279,3.01854053546181,1.3255284259640028,0.9332121260854459,0.16025595209859334,0,2019,2024
GENE_00095,noise,2017.0,1,0,8,67,0.7211390625859794,0.8608511884602512,0.38319445891042747,0.6928566300587657,-0.720079986594254,0.45679668773518045,0.7337134624896349,1,2019,2024
GENE_00096,biology_signal,2016.0,1,0,7,54,3.7328470535072773,2.6914859346782722,0.9429576276889832,-3.3898108361630666,-4.361293466270137,0.2315894954043645,0.3461096273722126,1,2019,2024
GENE_00097,biology_signal,,0,0,6,6,1.0521307265161184,0.5862472128483058,0.5017356493514374,-0.19239914017561777,0.06987853841579061,0.21673461400003693,0.7139922485135434,1,2019,2024
GENE_00098,noise,,0,0,3,3,0.40425657176165664,-0.040876322019913564,0.29115139461069645,-0.04262844489465904,-0.5658988641996923,0.5125061426277278,0.3623769096258513,0,2019,2024
GENE_00099,biology_signal,,0,0,7,7,0.08785018347195142,-0.67074350216505,0.30308970465240387,0.2579612583159577,0.37093680632990644,0.3957468687863995,0.6172931650257969,1,2019,2024
GENE_00100,noise,2014.0,1,0,38,92,-0.6038717499355737,0.5127370506727389,0.570614771495071,0.578561985288607,-1.2157124566571027,0.4865723577120698,0.7716130145647639,0,2019,2024
GENE_00101,biology_signal,,0,0,1,1,-2.845041850609161,-3.6035141838021154,0.03159357914889766,2.0801678555459473,2.560143106842503,0.8271578014727176,0.16071507723089437,1,2019,2024
GENE_00102,biology_signal,2017.0,1,0,12,62,-0.8335828126691778,-0.931492526776212,0.48423141558751565,1.4385715866251383,0.8452155526095475,0.6139880250493225,0.5402768243294686,1,2019,2024
GENE_00103,biology_signal,,0,0,4,4,-5.123157741038545,-3.818432568502522,0.032953849101125816,4.337019751881678,2.1103719354164987,0.609838875280133,0.6280063794456439,0,2019,2024
GENE_00104,noise,,0,0,31,31,-0.039925766890404044,-0.46181051883567625,0.6706490066558121,0.11994016035631952,1.4554860969072967,0.41842847306463193,0.8151209463921075,0,2019,2024
GENE_00105,noise,2015.0,1,0,26,77,0.06367207121874319,-0.6062584328913861,0.6745621072189553,1.3325842608493,-0.20254150580775804,0.47826005043408,0.8678036211208192,0,2019,2024
GENE_00106,popularity_only,,0,0,28,28,-1.011399915929993,-0.3970886937996745,0.175816115559182,1.9211278387270192,0.6699661127301071,0.1679082554816331,0.8515485944778418,0,2019,2024
GENE_00107,noise,2013.0,1,0,26,80,-0.08114190793505316,-0.22607912105539835,0.27136668707743855,-0.6064203512728701,0.45486313942503814,0.29806818018520004,0.637725144600358,1,2019,2024
GENE_00108,noise,2014.0,1,0,13,78,0.614580767385259,-0.6357500529172031,0.6990510986705236,0.6503406242246326,0.7625857503490978,0.8676307855863145,0.8635978950130171,1,2019,2024
GENE_00109,noise,,0,0,7,7,0.6838978634648234,-0.3361939174232454,0.6698105755189302,-1.181190815150487,2.3476750868605323,0.8548948914131168,0.43539506500128106,1,2019,2024
GENE_00110,popularity_only,,0,0,42,42,-1.6236510178190622,0.3385605418458295,0.3955016977204201,2.15346517163621,-0.15938723149620765,0.8006400366409314,0.850266236933805,0,2019,2024
GENE_00111,biology_signal,2022.0,0,1,7,62,0.9520129269226311,0.7121065248266736,0.48023814518475133,-1.049958146216983,0.6120918246040155,0.7042223558122916,0.5923849802960768,0,2019,2024
GENE_00112,biology_signal,,0,0,5,5,-3.00086963900557,-4.397040832910444,0.04795630815461485,2.1130386544624136,3.2759089471318306,0.7980668975614692,0.61121284262389,0,2019,2024
GENE_00113,noise,2015.0,1,0,12,72,0.6476645828869706,0.5720088668143508,0.6514764956069876,-2.0459691241275824,-0.5073666530186034,0.3151121458237339,0.6129786134743046,1,2019,2024
GENE_00114,biology_signal,,0,0,18,18,-0.8866161999627493,-2.6661525402351467,0.2025793131902095,-0.163978735126996,1.0273776334866254,0.33928343846371434,0.6920094037019521,1,2019,2024
GENE_00115,noise,,0,0,8,8,-0.595995487765013,-0.02299317311792085,0.5419903679999382,0.21979197603044465,0.4992900448379312,0.43957257395542865,0.2842621136235458,0,2019,2024
GENE_00116,biology_signal,,0,0,15,15,-1.3884603531981723,-0.4776147206553707,0.5534376476048521,-0.42589685005780614,-0.13732812110487524,0.8591036781206034,0.7810139512973335,1,2019,2024
GENE_00117,noise,,0,0,4,4,-0.9233793811675957,-0.43871859726055734,0.30604804978479144,1.0594858208919928,-0.1090448563567773,0.4425904783379204,0.21998522000532938,0,2019,2024
GENE_00118,noise,,0,0,8,8,0.0702290484214096,-0.1655376242714508,0.6854628438797169,0.022553334352276123,0.32688743584171415,0.44324345564794876,0.5607047686156642,1,2019,2024
GENE_00119,noise,2016.0,1,0,4,55,0.6362068152590103,0.6172325083347365,0.44705682541281966,0.6261438266208955,-1.4929652617188574,0.7077402152679129,0.33743659230947776,1,2019,2024
GENE_00120,noise,2012.0,1,0,9,74,1.1851910193912751,-0.10681488488745694,0.3945334422345351,-0.5304413172904416,0.11970651402578711,0.7711932981673064,0.8000887868077541,1,2019,2024
GENE_00121,biology_signal,,0,0,8,8,-0.5379688443948948,-1.1890570903631734,0.4075684112656392,-1.5802200456188762,2.617701766089521,0.7378502640242558,0.6409735084398294,1,2019,2024
GENE_00122,biology_signal,,0,0,2,2,-1.1331801037675957,-0.9047942543826675,0.5276155405911774,1.103611217373323,-0.37065741006798636,0.3298665382037777,0.4016442455654847,0,2019,2024
GENE_00123,biology_signal,,0,0,4,4,0.10268686232172448,0.3383154294399586,0.3767384629448365,-0.3338193041675019,-1.190552847545506,0.42902128256527755,0.27911416489122753,0,2019,2024
GENE_00124,biology_signal,,0,0,4,4,0.7184303191074631,1.3887781486846043,0.6324137640326472,-0.5282749358417358,-2.1243433195290775,0.7086524156298231,0.21540199086854034,0,2019,2024
GENE_00125,noise,2013.0,1,0,10,64,0.16725093142799696,1.1427487208884608,0.6226493971407373,1.9555355063232,-2.5388133956691505,0.2674320353716311,0.6487055723141785,1,2019,2024
GENE_00126,noise,,0,0,1,1,-0.8797322448986543,0.04267265110634855,0.15381972882946326,1.4932473680706924,0.9888259470919883,0.329323072552754,0.546458721608749,0,2019,2024
GENE_00127,noise,2012.0,1,0,5,55,-1.7902502159464735,0.8999955151400838,0.7532380082864727,0.3932060506244267,0.007768993796585244,0.5474520313889414,0.49822558265843203,0,2019,2024
GENE_00128,noise,,0,0,5,5,-0.22320463303335494,-0.3902069538969462,0.4645687798692467,0.6774161249794147,-1.144818360369669,0.30962960137549894,0.16440608903451398,0,2019,2024
GENE_00129,popularity_only,,0,0,7,7,-0.40724454704600765,0.09733628336342648,0.3326807139310447,0.055927263291230184,-0.20415147204595535,0.6500799711008229,0.38221796275737846,0,2019,2024
GENE_00130,popularity_only,,0,0,64,64,-0.13832665182644954,0.019493180798169724,0.5153838658098197,-0.6617815868328137,-0.05691926446577236,0.5505609984369886,0.9121471921392411,0,2019,2024
GENE_00131,noise,2013.0,1,0,2,53,1.1673055432592616,0.44896207282175554,0.6442289075909456,-0.6691278184958448,0.01305083493403858,0.32213748308000145,0.25900148981243426,0,2019,2024
GENE_00132,noise,2017.0,1,0,4,56,1.006316139862653,0.6397190879744444,0.783708347315313,-0.7637255256173039,-0.5925146202227465,0.2603214444738921,0.2588372880456875,1,2019,2024
GENE_00133,biology_signal,2015.0,1,0,23,73,2.749662606060264,3.558230566814693,0.9350156031020075,-0.9021407885229435,-2.6330269852511283,0.06696845155337529,0.486055880395123,1,2019,2024
GENE_00134,noise,,0,0,2,2,-1.0302739674546153,-0.7702760140630119,0.20590903181032252,0.5799609111977122,0.6060057951956748,0.5848436777517363,0.20796449064667474,0,2019,2024
GENE_00135,noise,2017.0,1,0,8,69,-1.6842733203454217,-0.01718988636966373,0.824028413511278,3.239957268229272,0.5070143885096672,0.44919780212476695,0.5002999526216695,1,2019,2024
GENE_00136,noise,2019.0,1,0,12,65,1.1084537831679224,-0.25365463307105873,0.7751670425892979,-2.244597009427545,-1.122590601652088,0.6455572269215213,0.807071298807414,1,2019,2024
GENE_00137,biology_signal,2016.0,1,0,9,59,0.5109663797100109,1.0889345854222428,0.7894419556382163,0.8360455835654806,-0.6196465890720517,0.09757675131080577,0.21696446286016244,1,2019,2024
GENE_00138,biology_signal,,0,0,3,3,0.47114600131779494,0.630491416574694,0.6188334116248346,0.0002975278282272287,-0.7674615799358618,0.580276589461477,0.2181464867805795,0,2019,2024
GENE_00139,biology_signal,,0,0,12,12,-0.5050489111667558,0.7260842481407848,0.5781262681110148,-0.6083887421492593,-1.069757236447039,0.7247760004788633,0.5183249671511373,1,2019,2024
GENE_00140,biology_signal,,0,0,12,12,0.505095006520192,-0.9605533827107118,0.3872604755104412,-2.115628339546855,1.4273826709677966,0.4337036316916497,0.42059380791892276,0,2019,2024
GENE_00141,biology_signal,,0,0,2,2,-0.1706208425797553,-0.7924096447348489,0.1558640670110668,0.1026295019140196,1.6105154445580996,0.7931260176640864,0.14352607074445262,0,2019,2024
GENE_00142,biology_signal,,0,0,33,33,-1.7099810177860093,-2.1317784120492163,0.31275704796353304,2.6811052933085993,2.41051218586818,0.8711122573113653,0.829607148719879,0,2019,2024
GENE_00143,noise,,0,0,20,20,-0.11988980931657883,-0.9519725597524402,0.3394838043844836,-0.7960183271213148,1.2476699711647083,0.7263733266482407,0.6271417503326094,0,2019,2024
GENE_00144,biology_signal,,0,0,2,2,-1.5743373111536716,-2.4862207646346395,0.045482724832992275,0.47841020885750596,2.013976213967342,0.6884194529816198,0.30834596612180354,0,2019,2024
GENE_00145,noise,2018.0,1,0,14,67,-1.1185520982046406,-0.06568128569184543,0.6894668456624301,0.33845720983320776,1.2641246576939396,0.47040285804371434,0.41735666649647246,0,2019,2024
GENE_00146,biology_signal,,0,0,2,2,0.8265110962681154,1.3185264768309517,0.8632170299234015,-1.2415118907446845,-0.052431255195140136,0.5479188158914534,0.42914581895182197,0,2019,2024
GENE_00147,noise,,0,0,35,35,0.012136524277296987,0.5053745562466828,0.6156155771249738,-0.31215653340922545,0.8011627509980901,0.8492227426114092,0.8920322215652796,0,2019,2024
GENE_00148,noise,,0,0,33,33,0.3323766767052371,1.081510676073455,0.44377796156444477,-0.6217467225535902,-0.21013403620718052,0.6868695025561395,0.8302784901094769,0,2019,2024
GENE_00149,noise,,0,0,12,12,-0.624243083797386,-0.1941939487994721,0.5994495084483018,0.31901239236321766,-0.058977374798096255,0.7665678656139243,0.6828685875678323,0,2019,2024
GENE_00150,biology_signal,2014.0,1,0,28,79,1.3605448741386004,2.0408659618449274,0.685484313494633,0.6536930045555285,-0.521483130582002,0.2865510158194955,0.7874212088750852,1,2019,2024
GENE_00151,biology_signal,,0,0,2,2,-3.1578413208470137,-2.453598092847405,0.03561053606443616,3.035767400482922,3.1294298667948164,0.780543292684582,0.12316216805777805,0,2019,2024
GENE_00152,noise,,0,0,6,6,0.8097066313236365,-0.8610482465562577,0.3915562955721238,0.3143681110273914,-0.20402742305255528,0.36015116289947524,0.4693456725815454,0,2019,2024
GENE_00153,biology_signal,,0,0,3,3,-1.424835096256917,-2.638494209391507,0.1284667010570055,1.515167466023002,1.6197463781690593,0.8716096967017674,0.24511943370149225,0,2019,2024
GENE_00154,biology_signal,,0,0,2,2,-3.801588724998824,-2.9515533723637697,0.1697284464674433,1.8379091647000332,0.5366762782460266,0.7267453244741608,0.24576037437036855,0,2019,2024
GENE_00155,noise,2013.0,1,0,13,77,0.08327050238760786,0.23045654043752198,0.5902961141841314,-0.2544836301193357,0.6969669357067382,0.3051758965286247,0.36873232141815243,1,2019,2024
GENE_00156,biology_signal,,0,0,4,4,0.16111730484619877,0.4663132901358353,0.5631526850495047,0.25307287361590247,1.5509273258017848,0.6235963022822507,0.8705231181130659,0,2019,2024
GENE_00157,popularity_only,,0,0,36,36,-0.7902682964838094,-0.47893241843293266,0.3955988122555101,0.3837054507366013,0.375834510130966,0.859853106136614,0.8202222504904919,0,2019,2024
GENE_00158,biology_signal,,0,0,6,6,-1.158994752619085,0.3162513075908642,0.3870400256776626,1.5448259034804175,-0.34408480297106436,0.6085211795066586,0.7209794830269385,0,2019,2024
GENE_00159,noise,2017.0,1,0,33,86,-0.3743186252636551,0.021891012696579414,0.3686960743810517,1.1900018391810878,-0.795438211147011,0.6431512645927205,0.6363942410792243,0,2019,2024
GENE_00160,popularity_only,,0,0,8,8,-0.10052364191899035,-0.19819413473115105,0.5374966722192727,0.2853458292621393,0.810891394063577,0.8575601203830507,0.6230581256073967,1,2019,2024
GENE_00161,biology_signal,,0,0,1,1,-3.6990278771125302,-5.5909346500400074,0.01065199190272994,2.4650737415598285,1.6238050458595474,0.7814504872907415,0.17759541666494436,0,2019,2024
GENE_00162,biology_signal,,0,0,14,14,0.5451322125079417,0.36719179132503676,0.4419374045590174,-1.221928860080454,1.029282829421757,0.07115366575140909,0.6041506539693675,0,2019,2024
GENE_00163,popularity_only,,0,0,46,46,-0.10353530394795703,-0.10375936423259415,0.47524400699972846,0.5615170802716635,0.22427396817433606,0.4189487009847794,0.8480767746116207,0,2019,2024
GENE_00164,biology_signal,2014.0,1,0,18,69,2.70210839614096,3.6269529140972936,0.9636012108595383,0.023796298612673406,-1.988685888873105,0.1547017728807859,0.6594658861629203,0,2019,2024
GENE_00165,noise,2014.0,1,0,14,78,-0.18509893231607616,0.007259449937067952,0.6244292543397291,0.9728820217147774,-0.9768928431293399,0.5861641717460259,0.6037335536001274,1,2019,2024
GENE_00166,biology_signal,,0,0,21,21,-0.8074870571063762,-1.484716527227612,0.779691149197305,-0.6462664533716821,1.6472860794590125,0.7634264196814512,0.6556241980967157,1,2019,2024
GENE_00167,noise,,0,0,4,4,0.09013234164449417,-0.7652131217224173,0.3781014254750053,0.07354722765871635,-0.16594416124677058,0.6114636454255712,0.41680836003987376,0,2019,2024
GENE_00168,noise,,0,0,12,12,-0.653316371196582,-0.07555753246997653,0.59923912233679,1.0334699295333434,0.1287338396001465,0.6056876549200538,0.8695767804870379,0,2019,2024
GENE_00169,biology_signal,2015.0,1,0,3,56,0.8731077834174626,2.013548542637265,0.6243213185276573,-1.710202225649311,0.504110878492001,0.19026387885827342,0.46753087303449575,1,2019,2024
GENE_00170,biology_signal,,0,0,19,19,-2.031235863281373,-2.1888509811562282,0.08574133843478354,2.277579219707378,0.9108207586392455,0.301490827996424,0.791475267042994,0,2019,2024
GENE_00171,biology_signal,2016.0,1,0,11,67,-0.029720594592845984,0.6114528015624073,0.3812624428560177,1.2940787690641797,-1.981088630471585,0.40769601181466936,0.5691504249317215,1,2019,2024
GENE_00172,biology_signal,2016.0,1,0,14,66,0.46842153427230754,-0.08035992153724313,0.6123888506329267,0.5329458317827587,0.9156689477728283,0.7537198080685478,0.5247320712379261,0,2019,2024
GENE_00173,biology_signal,,0,0,6,6,-0.8946387800445954,-1.0547097228553257,0.17784414443234606,-2.2407197889050217,-0.3117447655980411,0.5147044428213048,0.39417013090694464,0,2019,2024
GENE_00174,noise,,0,0,1,1,-1.7134106074009823,-0.029153333890326982,0.43222259473321417,0.12734805616621103,-1.0843321183069985,0.2424023118991731,0.47300121676865886,0,2019,2024
GENE_00175,noise,,0,0,2,2,0.12541220959393307,-0.259784261003401,0.4708758181433191,-0.6825617878733887,-2.7474136788319763,0.27993570139422197,0.40472026369902153,0,2019,2024
GENE_00176,biology_signal,2012.0,1,0,6,53,4.485494359654142,3.789039234134838,0.9598944129745195,-1.8507974686755497,-1.5637236015421856,0.2930612975831637,0.3835737667234754,1,2019,2024
GENE_00177,noise,,0,0,10,10,0.14775769853143167,-0.5091089681161947,0.4870713193094004,0.9606194968824115,1.6608619494344454,0.1595852183808815,0.6511960554766035,0,2019,2024
GENE_00178,popularity_only,,0,0,22,22,0.04200411943815596,-0.36415752183975164,0.4208990918255185,1.4752774469512469,-0.11313721299707162,0.20900775734237875,0.6536403389886325,0,2019,2024
GENE_00179,noise,,0,0,9,9,-0.8644933741086066,-0.8730687668155569,0.39191054549725357,0.18409287636124966,2.3486584963461525,0.47381066845117087,0.6741036692747067,0,2019,2024
GENE_00180,noise,,0,0,6,6,-0.8874503361841113,-0.9821277099658693,0.5204157554807531,0.8541353173301026,1.2872400123299588,0.6627308212224159,0.32023838901983165,0,2019,2024
GENE_00181,biology_signal,2015.0,1,0,11,61,2.1921934203626225,0.8769885732460706,0.7837639656309607,-0.37658793416109715,-0.34135388446853254,0.7206159274558191,0.3422460142393907,1,2019,2024
GENE_00182,biology_signal,,0,0,1,1,-1.3705875687034461,-3.0120081208341487,0.0389892949199035,0.928137883913668,1.080871740475783,0.8595600572848537,0.18526846065397612,0,2019,2024
GENE_00183,biology_signal,2016.0,1,0,10,62,0.867798642697202,1.1186956895144626,0.486536895879152,1.7096633824718195,1.1901995756858654,0.6448204815753498,0.6851996568525313,1,2019,2024
GENE_00184,biology_signal,,0,0,23,23,0.8504220520966851,1.409469743642775,0.6639346738111351,0.5074059421598276,-1.5614654278049027,0.14658740389335198,0.24242382343486715,0,2019,2024
GENE_00185,biology_signal,,0,0,13,13,1.966966146683766,1.6249625115417725,0.8393217774266337,-0.5241389490459399,-0.21884617484130864,0.23167712259195652,0.7214549332600533,1,2019,2024
GENE_00186,noise,,0,0,5,5,-0.95111134609836,0.2409986331497398,0.5037253458009331,-1.3292744113781223,0.09106884180475777,0.29863308186280196,0.42484369830172425,0,2019,2024
GENE_00187,noise,2020.0,0,1,8,74,0.630163508201717,0.22277030912915474,0.7417601739629862,0.05305797167760745,-0.42909223422484555,0.5196694703632044,0.46668197318642624,1,2019,2024
GENE_00188,biology_signal,,0,0,2,2,-0.9613026972623671,-0.7260462023907995,0.454528128504884,-0.30821455121202335,0.22110500424878457,0.37831072522520015,0.05389547106744995,1,2019,2024
GENE_00189,noise,,0,0,1,1,0.5118627002738633,-0.18489604960879286,0.5813960838915032,1.1592643917933434,2.4053130138812295,0.21145155904335103,0.3243322580994436,0,2019,2024
GENE_00190,noise,,0,0,14,14,-0.5479201566027909,0.11790273653066441,0.5349682963055116,-0.5777338460436995,-0.1376288274846882,0.7103309266409444,0.791282110545565,0,2019,2024
GENE_00191,noise,2016.0,1,0,6,62,0.22336516500016246,0.028165631372848988,0.5499836378925016,-1.0022676145707314,1.670908325146297,0.16674155823726275,0.4037482784049662,0,2019,2024
GENE_00192,noise,,0,0,11,11,-0.8764714662434663,-1.7283355707332064,0.20731183317425986,0.7683543000511007,2.3670257635837624,0.1028816465985474,0.45354756817492586,0,2019,2024
GENE_00193,noise,,0,0,5,5,0.09522998205475354,-0.3249488439431678,0.6278877431335649,-1.3520617787607339,1.6285935768655198,0.6373933548366951,0.36217582716465563,0,2019,2024
GENE_00194,biology_signal,,0,0,3,3,0.4144271084620067,0.096338943762307,0.8613945547689095,0.2653627201122597,0.5121022994738604,0.23342507742674476,0.2598407515722047,1,2019,2024
GENE_00195,popularity_only,,0,0,8,8,0.5464832606287656,0.636377105314543,0.4659511124818198,-1.0557152678426573,-0.24935892548781752,0.6259779516213946,0.32678827238363733,1,2019,2024
GENE_00196,biology_signal,,0,0,11,11,-0.8310842008586795,-0.37256227019009813,0.6220879732151557,1.0225779201848426,-0.21629311857240618,0.20981778617298813,0.7047409493911392,0,2019,2024
GENE_00197,biology_signal,,0,0,5,5,-1.686067956857873,-4.004815046683883,0.030085970358504858,1.1317282366843264,2.51842063850915,0.9088344391126394,0.459494032247574,0,2019,2024
GENE_00198,popularity_only,,0,0,7,7,-1.4645544072280572,-0.07818109222151931,0.579167878104573,1.3949060659739707,1.7962219149718184,0.1796822144285319,0.6156354299569211,0,2019,2024
GENE_00199,biology_signal,2013.0,1,0,22,74,0.04972876772399415,1.0088046922096745,0.6675742763017152,-2.2334413438182166,-1.7192348407924538,0.28748272161979216,0.5884036643258918,0,2019,2024
GENE_00200,noise,,0,0,2,2,-0.9954681658597102,-0.6010264262271678,0.6926880000698277,-0.6729520575379148,-0.004705651148809942,0.8322027162702199,0.33328536250094465,0,2019,2024
GENE_00201,noise,2016.0,1,0,5,65,-0.20428991296846055,1.0565517316645368,0.912092205405062,-0.4587505010091798,-1.5480574159904565,0.29961584036151995,0.5073532557816879,1,2019,2024
GENE_00202,popularity_only,,0,0,15,15,-0.553861214346649,-0.3973396489525727,0.25890774579902576,-0.5913957274602812,0.4741734622541598,0.7395896719679681,0.5891188533730225,0,2019,2024
GENE_00203,biology_signal,2021.0,0,1,1,54,0.7176184651799831,0.7727855037304501,0.5851814370644693,-1.064418588323313,0.16554212564836773,0.07538938372765654,0.12019502660394546,0,2019,2024
GENE_00204,noise,,0,0,6,6,0.28949240034992785,-0.885945739424555,0.46432775084846206,-0.5959096651477988,0.7408976800675541,0.5268666569903295,0.08183143311720291,0,2019,2024
GENE_00205,biology_signal,,0,0,2,2,-2.786740340651974,-2.951531897914662,0.09305944015560916,1.2895905234384202,0.93290731984075,0.9614365494505605,0.11432685694686,0,2019,2024
GENE_00206,biology_signal,2014.0,1,0,4,62,0.16640242898689966,-0.506493372516611,0.32541940478210046,-0.23194914156829716,0.999989358823669,0.5404023147380091,0.4162922785200021,1,2019,2024
GENE_00207,biology_signal,,0,0,2,2,-3.2723718255559895,-3.3025831919966717,0.06463093849778222,1.398138011102318,2.649037041833444,0.9532159958802962,0.11604917619494325,0,2019,2024
GENE_00208,biology_signal,,0,0,10,10,-1.7691690705960748,-3.4859469449797937,0.07525834655721528,1.319116970630748,2.2728537581745143,0.8109435170391986,0.6020918562833752,0,2019,2024
GENE_00209,biology_signal,,0,0,11,11,1.0063549578263133,2.075869751620548,0.7941117189981752,2.0623201013874657,-0.3129868244481917,0.19511020453839678,0.44083838771356987,0,2019,2024
GENE_00210,biology_signal,2014.0,1,0,8,65,1.690178560905453,1.8251920226417158,0.9300465555887951,-1.0634650119364777,-0.052053117519623715,0.12250051330427734,0.24123733660751867,1,2019,2024
GENE_00211,noise,,0,0,6,6,-0.4067306475974126,-0.5479215646478257,0.48581076033855924,1.0882588909731477,0.1803339769142556,0.30401118410481903,0.34126680774514445,0,2019,2024
GENE_00212,noise,2014.0,1,0,8,70,1.0348399091272398,-0.026814925975171766,0.6289292819901107,-2.6452042989916036,-0.2085616026983466,0.3390250134171879,0.5739644695441891,1,2019,2024
GENE_00213,biology_signal,,0,0,12,12,-4.009267425826129,-5.448408626191134,0.020912455775915613,2.6191543210465866,2.6735820999112954,0.8590287366649574,0.29333734461277944,0,2019,2024
GENE_00214,biology_signal,2019.0,1,0,8,66,1.7932969994130608,1.6219522000716318,0.7636901044443059,-0.28300164822533136,-0.7147138437530989,0.08538197826547898,0.5955321901834917,0,2019,2024
GENE_00215,noise,,0,0,7,7,-0.28914831428565846,-0.9085190782340633,0.7123045341630155,-0.6253750934884112,0.10025912217726929,0.4916470944160149,0.5226265805661329,0,2019,2024
GENE_00216,popularity_only,,0,0,12,12,-0.8327233006665754,0.17986012489880787,0.38176701965949317,0.5539410243816687,0.8666376270749885,0.016614908796207906,0.8237564461052805,0,2019,2024
GENE_00217,noise,,0,0,1,1,-0.1915929172743927,-0.518636729701666,0.17710341660245094,-1.9294233871539725,0.7241009276496109,0.8964438030450965,0.36449728511130197,0,2019,2024
GENE_00218,noise,2015.0,1,0,12,66,-0.12753198409203906,0.6199924502299244,0.5071779199604012,-0.08040508210463468,-1.6145011885471106,0.4479401255396609,0.45384334741844945,0,2019,2024
GENE_00219,biology_signal,2020.0,0,1,25,87,1.1752180891045199,1.1625943081198071,0.8940141837790876,-2.5486277367018646,0.3813674804113144,0.7802067673228058,0.6860074302979272,0,2019,2024
GENE_00220,popularity_only,,0,0,13,13,0.2443209137520986,0.3497375579295226,0.36020058324294485,0.1774739257938429,0.5632466956755697,0.7439961936465631,0.5114287767101297,1,2019,2024
GENE_00221,biology_signal,,0,0,3,3,1.0223088963853348,1.6234167853591928,0.6974345387751815,-2.3145468599802963,-1.5244918574347872,0.47303312487065563,0.6809473576583135,1,2019,2024
GENE_00222,biology_signal,,0,0,2,2,0.10486236626968337,0.0448917893702695,0.30646663403094565,1.070779666234028,0.4136442070905041,0.5087468348132398,0.4788727457690844,0,2019,2024
GENE_00223,noise,2022.0,0,1,25,68,0.6843275594054608,-0.2235590126071044,0.6311290826674295,0.0008850168949305903,1.3113182607894363,0.20443317930334126,0.6486246082204641,1,2019,2024
GENE_00224,noise,2016.0,1,0,25,83,0.7179075366173655,0.20866959252090142,0.6568781936469823,0.09303266930299633,-1.8928294945035717,0.3213140028350349,0.6445539300816753,0,2019,2024
GENE_00225,noise,,0,0,3,3,-0.639597785377499,-0.4202784088938766,0.6046635250230326,-0.997684880734799,-1.0520021931288115,0.4535169659224851,0.27426765228622035,0,2019,2024
GENE_00226,noise,,0,0,1,1,0.7777107334271971,1.0991910008713728,0.509093238981518,-1.6995344665607313,1.355847072022522,0.23462408666119772,0.046269057590637236,0,2019,2024
GENE_00227,biology_signal,,0,0,1,1,-3.071389914559237,-2.8574723105362385,0.06657933970342178,2.4728365251060906,1.4089889113398149,0.915257380891994,0.21318208775862993,0,2019,2024
GENE_00228,biology_signal,2019.0,1,0,34,89,3.0467677027921063,1.8106262641913065,0.9094004428831624,-0.7695688752326398,-1.295424793918476,0.22179110950452796,0.7468129881301637,0,2019,2024
GENE_00229,popularity_only,,0,0,25,25,-0.3550627602780296,0.3942992296401411,0.5200092096803949,0.13852917840845508,2.4831998021350215,0.12272901919495446,0.7088325499247687,0,2019,2024
GENE_00230,noise,,0,0,2,2,-0.4928135897912903,-0.24208604430926525,0.3667313180159645,-0.06637452528013565,0.7527749797247276,0.3528667256916451,0.30609709930388546,0,2019,2024
GENE_00231,biology_signal,,0,0,3,3,-0.8910104099082661,-2.7811339224791976,0.03725209000158634,0.13980955429635955,0.8292248909946461,0.6708185654493186,0.31659239367283387,0,2019,2024
GENE_00232,popularity_only,,0,0,31,31,-0.5999721871758534,0.3381583114133708,0.499240937106691,-0.005700157528250593,-0.13540953968959502,0.2498626555910461,0.5799935683689569,0,2019,2024
GENE_00233,noise,2017.0,1,0,15,71,0.3022063528843375,0.1754862583721218,0.5078733204744734,-1.2226140722787238,-1.3720189275036205,0.18261784137763803,0.7880564508128295,1,2019,2024
GENE_00234,noise,2014.0,1,0,3,54,0.4958337126063048,-0.411369158240406,0.47375767838389377,-0.9468574461426068,-2.19336074945182,0.29722098125674357,0.2564753589292183,0,2019,2024
GENE_00235,biology_signal,,0,0,12,12,-2.1562368677021073,-1.347490052460648,0.07349759151957558,0.5742582014288824,1.396832235969756,0.7439821093446364,0.6545653856699872,0,2019,2024
GENE_00236,noise,,0,0,5,5,0.14888523348413918,0.07455108819489606,0.37980484526029734,0.03798705569405986,1.3191346559205002,0.8749413696041777,0.4133160110523056,0,2019,2024
GENE_00237,biology_signal,,0,0,8,8,0.6362471148330275,0.3689286971602084,0.7563188199522324,-1.22825726132415,0.15500470853372136,0.4943783634607715,0.46494553292249036,0,2019,2024
GENE_00238,biology_signal,,0,0,13,13,1.0343356539533481,2.3817763424197484,0.7108470317598491,-0.6799572814124725,0.12364626246981336,0.3154764138860871,0.8982783250775046,0,2019,2024
GENE_00239,noise,,0,0,45,45,-0.5200756151696395,0.48345676019880546,0.2623751499806853,0.16859683464688469,1.4111515354111985,0.7900025388113243,0.7621763729955304,1,2019,2024
GENE_00240,biology_signal,,0,0,9,9,-0.9732051641688336,-0.45320347519375237,0.6849428349407702,-0.9073044094163121,0.12361187868284282,0.3754238903165861,0.4367189963336853,1,2019,2024
GENE_00241,biology_signal,2015.0,1,0,3,57,-0.9057103413111143,0.14305145148373355,0.4877994292378606,1.855998015270509,0.20261323618589838,0.509041792340289,0.634625227801107,1,2019,2024
GENE_00242,biology_signal,2017.0,1,0,11,61,3.255211268838455,3.486715535065267,0.9913997002794058,-1.2230400545175404,-0.8756020411625993,0.18188181218653218,0.7939293051504146,1,2019,2024
GENE_00243,popularity_only,,0,0,13,13,-0.180692677082438,-0.5598710107496639,0.2696032183029326,-0.7319223416921262,-0.8957699085309837,0.43882465991821457,0.7253699112911638,0,2019,2024
GENE_00244,noise,,0,0,16,16,0.3130977956073302,0.9176794502247796,0.6450675225645731,-2.307573135197659,-0.8166374379353967,0.3821423281499749,0.6772396190778217,0,2019,2024
GENE_00245,noise,,0,0,1,1,-1.5119222346731236,0.017842715981570348,0.8033762263214437,1.0619715487612655,0.18646477282368423,0.23770799979699586,0.1386500672116344,0,2019,2024
GENE_00246,biology_signal,,0,0,1,1,-0.4205681110961332,-0.3318819007237868,0.11797178458089637,-0.4888773085997783,-0.11686283615672288,0.6867182135497306,0.2761500337981308,0,2019,2024
GENE_00247,noise,,0,0,9,9,0.2720612756583588,-0.17599577010529308,0.3982878365173489,0.3293155521141078,-0.769330355539596,0.46073952533340157,0.6358291757720566,0,2019,2024
GENE_00248,noise,,0,0,7,7,-0.05814634214223608,0.4833095861167912,0.6501562951016802,-0.7841909876791417,-0.5489588343654026,0.43331851701764956,0.7626940570440388,1,2019,2024
GENE_00249,biology_signal,2015.0,1,0,16,68,3.396034762046632,4.158286868596814,0.9754536717602021,-3.5141621992689087,-3.518601099012109,0.027305424810894163,0.7421450827738574,0,2019,2024
GENE_00250,biology_signal,,0,0,3,3,0.2780672488646886,0.6583128525643276,0.35416803235989247,0.8978315607914235,-1.035258536301827,0.435757227009306,0.22698223382650146,0,2019,2024
GENE_00251,noise,,0,0,6,6,-0.6030236579716847,-0.38113082208101273,0.4770523023912002,0.3165343148835312,-0.5036702249727351,0.7579970375489355,0.46919870369598843,0,2019,2024
GENE_00252,biology_signal,2016.0,1,0,5,54,1.4523127603973485,1.6440640824539552,0.837897666732063,-0.18255737688382345,-2.5810606227130615,0.5072395735839281,0.28689675908046935,0,2019,2024
GENE_00253,noise,2013.0,1,0,16,68,0.8753551289145063,0.7915540721253248,0.4143537369453722,-1.280335984957599,-1.212110570697909,0.4716457635525295,0.5442854669789381,1,2019,2024
GENE_00254,biology_signal,2012.0,1,0,7,64,1.4699259263309004,1.827867947600411,0.8453305758744826,-2.239111827532732,-1.0582629481098549,0.13774015872189108,0.5480440982843185,0,2019,2024
GENE_00255,popularity_only,,0,0,33,33,-0.6928635305140645,-0.18680445491533149,0.7307874960016081,0.14600241477335868,-1.4425146248432077,0.44064152685746955,0.7756480028555005,0,2019,2024
GENE_00256,noise,2015.0,1,0,13,66,1.0931521425129487,0.3714426306437346,0.619183744093307,-1.421998577763677,2.0430197045310146,0.6473519573081093,0.4676484624264137,1,2019,2024
GENE_00257,biology_signal,2023.0,0,1,4,56,-1.4787883870889404,-1.584438175951343,0.2253674626247153,1.439164238129098,0.524949125933289,0.7460146023042246,0.33940787458042915,1,2019,2024
GENE_00258,biology_signal,,0,0,6,6,-0.8175528393087472,-1.3100504733148794,0.5690391780285106,0.8164124442438292,1.603916188865584,0.5715054610681204,0.033108588761508975,0,2019,2024
GENE_00259,biology_signal,2016.0,1,0,4,57,1.2148626191790588,3.2211852272481027,0.91835750273766,0.2043183182722108,-1.9786101003080094,0.36679084622141633,0.49698818080156576,1,2019,2024
GENE_00260,biology_signal,2013.0,1,0,9,68,2.4534372129000768,3.2953673974696467,0.8990807801995637,-2.0061646959796136,-1.3136998771635846,0.1804322814174938,0.3951675954644171,1,2019,2024
GENE_00261,noise,,0,0,3,3,-1.590308695838469,0.5926567726365958,0.3985784589810863,1.4230821540228304,-0.9967048589302584,0.873778188741835,0.5960102916797132,1,2019,2024
GENE_00262,biology_signal,,0,0,10,10,1.2692385542714137,1.2116971862270878,0.610490725562315,-2.8659238598830905,-0.8902058818225034,0.40888042216213283,0.8311669249800667,0,2019,2024
GENE_00263,noise,2014.0,1,0,21,72,0.19687456812901682,-0.2367612665454235,0.7832870219600866,-0.0670788458834011,2.0199934158190143,0.5223220279734346,0.862695618381479,1,2019,2024
GENE_00264,noise,2014.0,1,0,10,61,0.30926701302917825,-0.5033318195770475,0.44661178938433815,-0.01664093139319736,-1.1195027244105984,0.7260690249477605,0.16860667888789077,1,2019,2024
GENE_00265,popularity_only,,0,0,29,29,0.5908726113026856,-0.2903833530900513,0.7464772498543625,-0.681582707614152,-1.41150227412979,0.3066297898244958,0.8829041559563134,0,2019,2024
GENE_00266,biology_signal,,0,0,2,2,-1.5518799493010729,-1.640070315899767,0.5510214934432126,0.4177398852821015,0.3239026134845553,0.7106987682948633,0.06345389640883187,0,2019,2024
GENE_00267,biology_signal,,0,0,2,2,-2.9596317334346236,-2.568105161552865,0.053406142295468216,0.9152274476426591,1.0209577004069337,0.7783105010001812,0.39361953677590855,1,2019,2024
GENE_00268,biology_signal,,0,0,0,0,-2.529090820010799,-1.5684461182010088,0.19416457397413836,-0.41346758809168804,2.140377548742538,0.7377733634394572,0.0743427657389313,0,2019,2024
GENE_00269,biology_signal,2015.0,1,0,6,57,2.0268925829948503,2.1509104771403504,0.6396162823600355,-1.9721785302897334,-1.7363262057828723,0.5607835714059752,0.21845817469859616,1,2019,2024
GENE_00270,noise,,0,0,0,0,-0.21830158924791487,-0.8236510173134004,0.43264620084814576,1.1544651101348085,0.9880112683263511,0.5702298779489897,0.23437644924469148,0,2019,2024
GENE_00271,biology_signal,2013.0,1,0,17,69,1.752631779230302,2.523636292730025,0.8420965214672137,-1.2054091719806523,-1.2162493066741031,0.4277001666819106,0.7008683879863569,0,2019,2024
GENE_00272,popularity_only,,0,0,13,13,-0.5191797387638266,-0.2565776399530333,0.8361263879751157,1.213647806680264,0.50126413734582,0.3735814458257378,0.7120844117266161,1,2019,2024
GENE_00273,biology_signal,2015.0,1,0,0,55,1.3041059805852901,1.9744610146262997,0.6464455485592117,-0.10756989214013479,-1.2505661546566278,0.4975436758429906,0.34299481658937314,1,2019,2024
GENE_00274,popularity_only,,0,0,11,11,0.7733275457680818,-0.010824741470409072,0.5408440807303491,1.308825407066818,-1.1012055564636825,0.7855379654671844,0.5052136496928861,0,2019,2024
GENE_00275,biology_signal,,0,0,6,6,-0.2624574082646183,-1.374696357426022,0.33926233354836716,-0.518367113380552,1.5027223281108748,0.7758671259318829,0.4004489698854008,0,2019,2024
GENE_00276,noise,,0,0,7,7,-0.19106271701939725,-0.7029868773644539,0.3363489175342679,-0.6343351459848554,0.20043744206324343,0.711498026167415,0.1346552128473534,0,2019,2024
GENE_00277,biology_signal,,0,0,2,2,-2.5903987056327655,-4.060915790786751,0.035861893485922516,1.4704174636403688,3.4641015125600085,0.799397592858974,0.12708764960230992,0,2019,2024
GENE_00278,biology_signal,,0,0,8,8,-3.1876235808311084,-2.3015972186182583,0.16769752670996918,1.349178243784909,1.8864434149765257,0.8102851934690788,0.2639428111178385,0,2019,2024
GENE_00279,noise,,0,0,12,12,1.8104475849894213,0.5617115473665086,0.6466661780469097,-1.466786439604901,-0.5502704379297592,0.19268486824587847,0.7414282644600229,1,2019,2024
GENE_00280,noise,,0,0,13,13,-0.27642837250682756,-0.46342261464857226,0.8629709917415337,0.13559695311759629,-1.2311700825711054,0.46153528685188394,0.18223154255101837,0,2019,2024
GENE_00281,biology_signal,2014.0,1,0,27,82,2.4225977095494975,1.7167301706738027,0.6742190106769989,-2.4175984939417865,-1.8507151762000063,0.7990444777374002,0.8188397191948448,1,2019,2024
GENE_00282,biology_signal,,0,0,4,4,-1.1993808700757833,-1.6862593658248572,0.47787266740619366,1.4574366402506407,0.8800874962268254,0.5686433262819006,0.35851277690627154,1,2019,2024
GENE_00283,biology_signal,,0,0,10,10,-0.5406557896521337,-0.6663527599896272,0.30380252210849856,1.0102968309755012,0.9971105577796838,0.8020183409313756,0.3117134395536877,0,2019,2024
GENE_00284,biology_signal,,0,0,10,10,0.8065523418053976,-0.8291320555451767,0.744820232744581,-2.008614203240539,0.5167006790944465,0.0692039683661601,0.44088435954366345,1,2019,2024
GENE_00285,biology_signal,,0,0,8,8,-1.539745414876432,-0.546737189035785,0.2057817789612705,-0.32721713391677565,0.29262570944894534,0.32615240251315236,0.3418529871295382,0,2019,2024
GENE_00286,noise,,0,0,24,24,0.3523046153456933,-0.7453374469930103,0.18865152359579057,-0.6734360114295597,0.32673443775739935,0.5273123934328019,0.8589279124221251,1,2019,2024
GENE_00287,popularity_only,,0,0,72,72,-0.11337044279021533,0.2156699618397862,0.3669832508869904,0.5222521331703727,1.201057784180568,0.7135372779051995,0.894709560208288,1,2019,2024
GENE_00288,biology_signal,,0,0,2,2,-2.1147009406721993,-1.8419896629386405,0.16148873295606386,1.177681932588314,1.7889174919193833,0.799451392572051,0.10730952154249768,0,2019,2024
GENE_00289,noise,,0,0,7,7,-0.5612592528812591,-0.30465645575305356,0.4537890720760907,0.9593072786059027,1.3976218086917513,0.6527614595726747,0.519731169399042,0,2019,2024
GENE_00290,biology_signal,,0,0,12,12,-0.2851710435940105,-0.978466926477507,0.268000527217687,1.1257337403933352,1.1282924896380426,0.15897622385740773,0.45323250435444146,1,2019,2024
GENE_00291,noise,,0,0,12,12,-1.1095323548569866,0.08473393167713639,0.5060342786840982,1.20473468815689,0.4398439703865044,0.2307364721511668,0.16671558427126268,0,2019,2024
GENE_00292,biology_signal,,0,0,3,3,-0.6293789015723172,-2.7383770902751072,0.25492649605386747,-0.6433070375269558,2.029272429147509,0.6940535508639616,0.2457697521872448,0,2019,2024
GENE_00293,noise,,0,0,13,13,0.30450599570313175,0.06563429179848322,0.21082770036154613,0.08851040637456714,0.9432548351235078,0.37636245161802057,0.5688265006409952,0,2019,2024
GENE_00294,biology_signal,,0,0,4,4,-1.0690815482224771,-0.46927177532228354,0.3770429447556033,0.9696385192560906,1.318262754081823,0.21588132714496286,0.6019044502692007,0,2019,2024
GENE_00295,biology_signal,,0,0,12,12,-0.008575933362769135,-0.6658065997542945,0.39175266794768004,0.4896014394099859,1.864379692819727,0.4115753037654657,0.17541111902857381,1,2019,2024
GENE_00296,noise,2018.0,1,0,4,59,0.8371324975333507,0.5149759654025001,0.6868183586133972,-0.45986417665481727,-0.18507775020456024,0.4859114551626238,0.17958322924554282,0,2019,2024
GENE_00297,noise,,0,0,7,7,-1.2509726159560675,-1.0428831964813083,0.44932617069512965,1.4627577715477211,2.308581385833553,0.6077520521526282,0.3207092147426682,0,2019,2024
GENE_00298,biology_signal,,0,0,3,3,0.039771863953227876,0.23365229826504696,0.5842184389612851,0.31434156964716226,0.6733066908498626,0.4246722123966213,0.30449613139585874,1,2019,2024
GENE_00299,popularity_only,,0,0,30,30,-0.3146239120826139,-0.10972764261326423,0.672675945603319,2.060668624847277,0.7519980950716081,0.6837882189855142,0.6130351452466665,0,2019,2024
GENE_00300,noise,,0,0,11,11,-0.22983420482618264,-0.07550258812485972,0.43831308159272875,-0.47483434188837703,0.28847991062238,0.5874166940352227,0.47556637475437186,1,2019,2024
GENE_00301,noise,2015.0,1,0,6,56,-0.077886523017659,1.0437305925413018,0.42873950778000075,0.3603999835850078,-3.7462308354549085,0.7831265416976319,0.11244681734450802,1,2019,2024
GENE_00302,biology_signal,,0,0,3,3,-3.878837576453958,-3.703380359848807,0.010721121579745328,0.44255483507014204,1.8848860090662625,0.9881358487257702,0.16407246635584155,1,2019,2024
GENE_00303,biology_signal,2012.0,1,0,49,108,1.2713677527761742,2.9156327888951235,0.9226377871641543,-1.4138418904030063,-2.0631459450821286,0.3987530706436883,0.9369226906918215,0,2019,2024
GENE_00304,noise,,0,0,9,9,-0.8329833449752793,-0.5076117947422063,0.5714535805916031,0.6166603460449187,1.562140293213068,0.6032900399689098,0.43604791328162773,0,2019,2024
GENE_00305,noise,,0,0,6,6,-1.0302814332720753,-0.5061600110806233,0.46675386946171876,-0.7218396301474652,-0.30870191450165363,0.09127064092983814,0.19500584448904215,1,2019,2024
GENE_00306,biology_signal,,0,0,3,3,-1.1374965631412488,-1.448960948171363,0.32840881882195316,0.26852563422099573,1.4162088591104305,0.9226136573918253,0.27557399233604546,0,2019,2024
GENE_00307,popularity_only,,0,0,23,23,-1.0224496808506798,0.7319771025038028,0.442052369178555,0.6796404445066633,-1.3873675406047594,0.8351436836701567,0.8226761623278578,0,2019,2024
GENE_00308,noise,2013.0,1,0,6,60,-0.40327415690137675,0.2606549558680663,0.27894147305563827,-0.37720054804465925,-1.2237935879142436,0.2562968598509992,0.7294591243552767,0,2019,2024
GENE_00309,noise,2012.0,1,0,1,57,-1.0456086810047376,0.75175758391688,0.386069828653479,0.24629423535106393,-0.3360436749102357,0.5510929477026352,0.531671488820894,1,2019,2024
GENE_00310,noise,,0,0,10,10,-0.5522748610544996,0.3745346409109778,0.5237758805094551,1.7102397543419627,0.6657823667860381,0.565951943327024,0.31839511297309986,1,2019,2024
GENE_00311,biology_signal,,0,0,10,10,-0.1442201700573924,1.3609161424571963,0.735911620249697,-1.3465475182310709,-0.638070760251583,0.06464385381648756,0.2787972844272789,1,2019,2024
GENE_00312,biology_signal,,0,0,4,4,-0.08177520897073857,0.2311991242434206,0.5075617664968334,-1.7341371774793708,-0.45536645336960563,0.48487130591579053,0.25670571997508707,0,2019,2024
GENE_00313,biology_signal,,0,0,5,5,-3.994375513827975,-3.7848975880695517,0.03214428810445917,2.6160520136247873,-0.02090948111044555,0.8677346336959051,0.05456012094607954,0,2019,2024
GENE_00314,biology_signal,,0,0,2,2,-0.22986252728238515,-0.744046678262718,0.784610297530653,1.2361797856247194,0.5815279204895308,0.4126339900807497,0.719871205502185,0,2019,2024
GENE_00315,noise,,0,0,5,5,0.03679736772209006,0.08572478153625311,0.3362670742896553,-2.5008884054442646,-0.4537183427837047,0.3573957640584861,0.38076469196466123,1,2019,2024
GENE_00316,noise,,0,0,7,7,-0.506427682266619,0.043870406296341674,0.5482329997692725,0.7454904200628789,1.2056475415816597,0.38903802607409765,0.5475181482757243,1,2019,2024
GENE_00317,noise,,0,0,7,7,-0.1124548425459527,-1.119495377224956,0.3480402001870394,-0.5591294910029763,0.7860442005354513,0.6289558786135395,0.5058676318733373,0,2019,2024
GENE_00318,noise,2013.0,1,0,46,103,1.5436474554067385,-0.031797601937637726,0.4807104188955021,0.6147401213854872,0.6164606420066638,0.45985444060528413,0.9567289970267225,1,2019,2024
GENE_00319,biology_signal,,0,0,3,3,-0.9548599946006822,-0.5446588208471755,0.5827401497669089,-0.0283044372413484,-0.03990311808979241,0.6916716029695988,0.40951612334286835,1,2019,2024
GENE_00320,biology_signal,,0,0,6,6,-0.42635806428410405,-0.34044619033236934,0.69850238050774,0.07982039761588172,0.6860644640623534,0.3919351436427577,0.2968047197920194,0,2019,2024
GENE_00321,noise,,0,0,16,16,-0.3555073724988925,-0.07156407085563964,0.5014881959951909,0.42947070729106485,-1.0600856650222148,0.7951866472997771,0.5527491298910467,1,2019,2024
GENE_00322,biology_signal,,0,0,3,3,-3.1926449496449645,-2.6528631429831253,0.13063937388309904,1.9019095685965346,1.44912882372642,0.869232199964939,0.21773664982915378,0,2019,2024
GENE_00323,biology_signal,2015.0,1,0,10,70,1.5052948659027714,2.848974487711953,0.737205945772137,0.6290792649179813,-1.8079280107839824,0.17125925853883225,0.8362908387991334,1,2019,2024
GENE_00324,noise,,0,0,4,4,-0.008627410410336989,0.27250009296590905,0.3047785638222793,0.012984542106765584,-0.08390270593116178,0.7131309584425221,0.5756991883142852,0,2019,2024
GENE_00325,biology_signal,2014.0,1,0,12,68,0.40389759255748553,0.3244681766257246,0.778242348080524,-0.9652500482338853,0.4021227539701529,0.697359347460841,0.5385382818446828,1,2019,2024
GENE_00326,noise,,0,0,12,12,-0.04959867627025569,0.02001052844989956,0.3932305083108145,1.0417835092913377,-0.4481915364835379,0.5438084279439018,0.36688513256365035,0,2019,2024
GENE_00327,biology_signal,,0,0,6,6,-0.12984760346510726,-0.05058218355461652,0.195760551068939,1.054673355713584,0.5928851257390053,0.3456555920629366,0.6584541961048704,1,2019,2024
GENE_00328,biology_signal,,0,0,17,17,2.563436694857469,2.810447364968976,0.7730252386331147,-1.246037913823209,-1.1382546263882167,0.8620390042352408,0.7324052905504238,0,2019,2024
GENE_00329,popularity_only,,0,0,19,19,-1.0400831635248338,0.4584597633064357,0.7637355511209631,0.588951061754511,-0.7316515998336255,0.40764756587215045,0.41088322561607127,0,2019,2024
GENE_00330,biology_signal,2023.0,0,1,6,60,-2.0782262081867326,-1.9453581162939808,0.10147826772400947,1.0718960144035572,-0.913410948954145,0.6786775713352303,0.3665193087233689,0,2019,2024
GENE_00331,noise,,0,0,3,3,0.4788679363573839,0.1354907075691209,0.636679226155937,0.4144491031604791,-0.4608129835209135,0.07884035031672182,0.5208172806952988,0,2019,2024
GENE_00332,biology_signal,,0,0,7,7,-1.6373592902135674,-1.0527052119838443,0.35845821390985827,1.2461874621275002,-0.12734945459247204,0.8518825242947394,0.26873708624737846,0,2019,2024
GENE_00333,popularity_only,,0,0,10,10,-0.3208155272465234,0.12317310652830896,0.6942965974609672,0.623336470777302,-0.7594619557892925,0.8897921743274683,0.8923119943219369,0,2019,2024
GENE_00334,biology_signal,,0,0,8,8,-1.0696859196135395,0.7688342735704784,0.44021097331775483,2.697095694493951,-1.1404915386759207,0.1480696339172028,0.6204525754607746,1,2019,2024
GENE_00335,biology_signal,,0,0,14,14,-2.5724131848146716,-1.9046737370288342,0.25707595882638185,2.217201361604296,1.965001850455076,0.7445202074721928,0.6205381819584928,0,2019,2024
GENE_00336,biology_signal,2021.0,0,1,9,70,0.6815851341994338,0.30392402391548257,0.42354977727287985,0.4727232026231394,-0.9111830069883561,0.7015501663663285,0.524099705550764,1,2019,2024
GENE_00337,noise,2015.0,1,0,5,64,-0.9532364673649574,0.30775766588299336,0.43098717203904335,0.09197697130702975,0.9166507529537726,0.28532204079643975,0.5253421758180457,0,2019,2024
GENE_00338,biology_signal,2015.0,1,0,11,61,0.7212637721976675,2.4323199575105168,0.6820761523004296,0.4507237049129859,-2.5208014689165266,0.08138437996884576,0.7409861474620433,1,2019,2024
GENE_00339,noise,,0,0,0,0,-0.7179112023896549,-1.0705111404648031,0.4953167335543757,-0.5443004682932372,1.9007736267565893,0.22658902062868705,0.049822384700225514,1,2019,2024
GENE_00340,biology_signal,2020.0,0,1,6,58,0.02916907686741671,-0.6556488900371182,0.5763206045698458,1.665616425030865,-0.525037614510165,0.476554295357606,0.3610699401753594,1,2019,2024
GENE_00341,biology_signal,,0,0,11,11,0.5050995871165342,0.8815966563988801,0.7097184367264703,-0.7990081444036553,-1.2048939946961528,0.5039993389617141,0.40526063017384273,0,2019,2024
GENE_00342,popularity_only,,0,0,17,17,0.15360642782645484,-0.7476175049136339,0.1837780589630086,0.2591585257930248,0.8218352573187032,0.23436188908827224,0.6793710306305012,0,2019,2024
GENE_00343,biology_signal,2013.0,1,0,6,73,3.9716251815448715,4.932067117106948,0.9798845739910279,-0.06870753460383283,-4.128591533027664,0.3412141468421008,0.5629887216153964,1,2019,2024
GENE_00344,noise,,0,0,8,8,-0.2802802390805036,0.010104167310058795,0.5090607744103225,0.20451476247285186,0.5947556794243883,0.7343272429375088,0.6605394881840367,0,2019,2024
GENE_00345,noise,2014.0,1,0,5,61,-0.4260737341519628,-0.16084453625018094,0.6618271652724275,-0.14631988032502707,0.19253077680823083,0.4323582471183223,0.7476262185168964,1,2019,2024
GENE_00346,noise,,0,0,2,2,-0.15357799921783966,-0.9265882445245524,0.45516046972144963,0.22738864515212798,0.5603708307804504,0.2009133391421024,0.4630622072652385,0,2019,2024
GENE_00347,noise,,0,0,1,1,-0.5917421457544675,-0.7857155435111436,0.468319409203761,0.9945389225791335,-0.10718818822393755,0.641653732138953,0.3337281106770319,0,2019,2024
GENE_00348,noise,,0,0,10,10,-0.5556284610781252,-1.0154183009918314,0.7735711428776906,-0.7826697800441549,-0.5004404832644396,0.14403655531798365,0.8683653761774358,0,2019,2024
GENE_00349,noise,,0,0,16,16,-0.9666173039043748,-1.5117004819047766,0.4376247996382152,1.5208406656257014,1.6306504171260219,0.24350627667517363,0.6511715076208778,0,2019,2024
GENE_00350,popularity_only,,0,0,2,2,0.16452265322203918,-0.2360641854162068,0.3369960277713431,-0.12743525800730382,0.9785248322002122,0.7190461846658565,0.45024353974148074,1,2019,2024
GENE_00351,popularity_only,,0,0,33,33,-0.6809020985640736,-1.0988354356344991,0.47281362669900334,1.5410031009624696,-0.16395283235972408,0.2844057002610176,0.8110610332380318,0,2019,2024
GENE_00352,noise,2013.0,1,0,26,79,-0.9617990008102291,0.47922222062580255,0.1839433710059072,1.4783344673285386,-1.8104093249462105,0.7418729492671468,0.7142081901971181,1,2019,2024
GENE_00353,biology_signal,2017.0,1,0,3,56,0.2869959556237769,1.6371208198274407,0.8720764544027083,-0.1650100009598979,0.21587041591013545,0.5808352041250081,0.3310889036449967,1,2019,2024
GENE_00354,noise,,0,0,5,5,-0.634367070582512,0.109988948250474,0.5116575896342714,-1.1151896555556113,0.9299476818057446,0.5982829293218804,0.4188787180366365,0,2019,2024
GENE_00355,biology_signal,,0,0,15,15,-0.8302298199850646,0.12147953246393675,0.7245834038977429,0.44396217344828104,1.4737156978848214,0.35056054074605664,0.6534327125936212,1,2019,2024
GENE_00356,popularity_only,,0,0,10,10,-0.31775719120784574,-1.128839857519828,0.3564219964788299,-1.236491402092156,-1.149798427961152,0.6373892368915767,0.4949732585888695,0,2019,2024
GENE_00357,biology_signal,,0,0,11,11,-0.7574444317838074,1.0049630726880403,0.8310651617338775,0.2199652536222385,-1.8491665507896098,0.22353330888631912,0.5926923793037043,0,2019,2024
GENE_00358,noise,,0,0,10,10,0.37750279210127696,-0.43686615220736547,0.5825113871087529,-0.22546497007047447,-0.7956127505756154,0.6106172220277196,0.46161239713314933,0,2019,2024
GENE_00359,biology_signal,2022.0,0,1,4,70,0.7942332345052974,0.9160374439940175,0.7445023796978929,-0.3015132229498678,1.551948431099879,0.07159171623928429,0.42346542943466936,1,2019,2024
GENE_00360,noise,,0,0,6,6,0.484904743797479,-1.3578943293956858,0.22363229657400088,-0.5415389628214969,1.2957782690117527,0.44948467695767463,0.2938223563541715,1,2019,2024
GENE_00361,biology_signal,,0,0,6,6,0.6583327191608568,-0.08904136797873774,0.36810945301602005,0.31603424302971905,-1.3452447817503141,0.36555542824798776,0.6329903079533856,1,2019,2024
GENE_00362,biology_signal,,0,0,1,1,-0.8360403836191195,-1.605570467832559,0.2560338810949515,0.4632076823792879,2.8144526177270315,0.4891462665277758,0.313894876292596,1,2019,2024
GENE_00363,biology_signal,,0,0,6,6,-1.4655554517177602,-2.1745895086084697,0.18088729143773075,3.3679978522382434,1.951462931011326,0.4032754328504782,0.14101690605887973,0,2019,2024
GENE_00364,biology_signal,,0,0,5,5,-0.27353385370057576,-0.7825077159807011,0.3668356522166781,0.8930942087458698,2.6996226473203095,0.5054769194251842,0.284127884715468,0,2019,2024
GENE_00365,biology_signal,2017.0,1,0,8,66,1.8592417302354673,2.414779175701701,0.8825388432937663,-1.5213816070766595,-1.3105400167430048,0.26862262298105716,0.49868814500846576,1,2019,2024
GENE_00366,noise,,0,0,4,4,-0.05842264623198591,0.0751383012252593,0.6738851815367448,-0.5762878333027069,-0.3042652057740727,0.5840511831193861,0.12008729784571845,0,2019,2024
GENE_00367,biology_signal,2012.0,1,0,15,73,1.5891795583439468,2.9232169694550194,0.6906415593808102,-2.089179209492615,-1.2365999324774928,0.21239308013197863,0.5692676741990974,0,2019,2024
GENE_00368,noise,2013.0,1,0,28,87,1.666075140320658,0.23898143653429352,0.7119646366402168,-1.6623564421019599,-0.807421671275915,0.7012811100485303,0.7195285183238346,1,2019,2024
GENE_00369,biology_signal,,0,0,2,2,-2.8195016970429414,-3.8014887481469692,0.09150986346703352,1.5663685721659304,4.749235553576565,0.9392282963733132,0.20562304937456582,0,2019,2024
GENE_00370,biology_signal,,0,0,16,16,0.3451741691767612,0.20413473281741817,0.5736430425938216,0.3686431388967313,1.1881773172055525,0.3175864430179217,0.453389372099562,0,2019,2024
GENE_00371,popularity_only,,0,0,18,18,-0.4941489667956044,-0.2998255321939224,0.4857502361983421,-0.6198277181140913,-0.2933474083111834,0.40701855402208825,0.6558941183740958,1,2019,2024
GENE_00372,noise,,0,0,4,4,0.32219591412677206,0.9225723187310442,0.6291733924141706,0.6127443989438935,-1.0576320082732786,0.3845231414784868,0.43823962881863876,1,2019,2024
GENE_00373,noise,2016.0,1,0,12,63,0.8746227054632425,-0.18854336091728596,0.6019676531482071,0.5103609187147109,0.264677032990827,0.8917722301226192,0.8037239939180129,1,2019,2024
GENE_00374,noise,,0,0,7,7,-0.1771806037202378,-1.4867730133963264,0.35667972726258046,-1.0284916595796314,0.8414707910133695,0.275878751235487,0.33654873689113085,0,2019,2024
GENE_00375,biology_signal,,0,0,6,6,-1.9927262925002318,-0.9699816674488797,0.10398262308514755,2.3838042507911603,1.2958971224344613,0.8870598762317361,0.2410119380996032,0,2019,2024
GENE_00376,biology_signal,,0,0,10,10,-0.8235017510872354,-0.3731264798687921,0.47908765937330905,0.9407623963059383,0.27630855159796497,0.28036493610757873,0.4490953909581794,0,2019,2024
GENE_00377,biology_signal,2014.0,1,0,31,84,2.2179988291025508,1.9650711070732974,0.8347953505495465,0.013846033958802462,-1.6270200633581982,0.17414799877782502,0.6220331232459184,1,2019,2024
GENE_00378,noise,,0,0,6,6,0.0219373851523863,0.4882707016785029,0.30913961937778944,-0.6348668504467133,-1.2298517923978605,0.9282832755331142,0.28771104082369914,1,2019,2024
GENE_00379,noise,,0,0,1,1,0.3573203641807485,-0.0403576939119194,0.5767253817563494,-0.3301674164695812,0.445583035791949,0.6578717827970714,0.10760500249901385,0,2019,2024
GENE_00380,biology_signal,,0,0,13,13,-0.6599670389410661,-0.5366647532349847,0.7451709548096966,1.682556270944917,-0.582789234765211,0.5456785586562495,0.38090960550529135,0,2019,2024
GENE_00381,noise,2015.0,1,0,0,57,0.22361611459961078,-0.16827651698968973,0.3773853921247766,-0.15637227902916173,-0.49493061895992096,0.19531030739297073,0.026659300880399618,1,2019,2024
GENE_00382,noise,,0,0,19,19,-0.2077816953767614,-0.7260458019668531,0.30516611255328496,0.12590664459872747,-1.2798709021560541,0.4036075155896924,0.542128937460355,0,2019,2024
GENE_00383,biology_signal,2014.0,1,0,10,67,0.48054898247777184,2.318235158711225,0.5269364627491662,0.6753662746920917,-1.447218179429164,0.10293400612698209,0.8021860503059627,0,2019,2024
GENE_00384,noise,2013.0,1,0,10,62,1.8555088636449402,0.990780668184083,0.6856610834474548,-2.5023063766644977,-0.327502430154375,0.3491631684020852,0.6628446680580387,1,2019,2024
GENE_00385,biology_signal,,0,0,15,15,-3.0616743724113453,-2.012387823989239,0.21526617911293042,1.8129120119141182,0.6639935567611731,0.6714648286952837,0.33877643483196407,0,2019,2024
GENE_00386,biology_signal,,0,0,3,3,-3.8918428679317474,-5.067774892642996,0.05577090633621577,2.1041341750729208,2.0041774657745326,0.7328403755769558,0.271716153545152,0,2019,2024
GENE_00387,biology_signal,,0,0,22,22,0.8487345633485678,0.600347563879353,0.7523493495839676,-1.604022221880613,0.9826887715918357,0.16385736514340205,0.810565906921983,0,2019,2024
GENE_00388,noise,2018.0,1,0,12,78,0.7386549322673394,0.3475109264171092,0.47550820865065524,0.9770972654784258,0.62868974327774,0.7237920359872378,0.5482920983102415,0,2019,2024
GENE_00389,biology_signal,,0,0,5,5,-1.5500169363893328,-2.497399944263907,0.3798981720994255,0.5708703322700469,0.6926542864000067,0.622485715486591,0.47361038360323643,0,2019,2024
GENE_00390,biology_signal,,0,0,10,10,-3.0940613237684316,-4.674263038127542,0.014375898553539816,1.8081319962766271,3.1858809039430387,0.8999224705014806,0.35345799083664203,0,2019,2024
GENE_00391,biology_signal,,0,0,4,4,0.46907232309564495,-0.5798336063890599,0.6580152289266314,0.654285433588027,0.9353309356128241,0.8451575927709556,0.18536457376382134,0,2019,2024
GENE_00392,biology_signal,,0,0,3,3,-1.6744411046295191,-1.6453321147247029,0.3865711822996955,0.8815709269790917,1.254262294413752,0.3694486443326715,0.18981967503175026,1,2019,2024
GENE_00393,noise,,0,0,6,6,-1.2416842596139186,-0.24614214117681643,0.21631442473875528,0.2448963776908346,-0.978400183486871,0.34078634906812555,0.2759824971481506,0,2019,2024
GENE_00394,noise,,0,0,21,21,-0.07988114991918782,0.16978504564232882,0.5558473380776462,0.645975681514521,-0.873285028132998,0.3413457272054562,0.724825943179192,1,2019,2024
GENE_00395,popularity_only,,0,0,7,7,-0.4625035336457053,0.1032093903543807,0.3624979296908282,-0.7147706524101093,-2.8895077406546172,0.5617289164512924,0.7520887234618497,1,2019,2024
GENE_00396,noise,,0,0,11,11,0.7945018903001764,0.4537007870105464,0.8763136256073248,-1.3404641598180778,-0.6808213741790774,0.7649904178550173,0.44292530531529584,0,2019,2024
GENE_00397,biology_signal,2018.0,1,0,31,84,1.5540199589681638,0.9893517780073328,0.6231120656743723,-0.40776338031193526,-1.2811195126499717,0.7344224630002593,0.47096087314766766,1,2019,2024
GENE_00398,popularity_only,,0,0,3,3,0.2484948163362963,0.8454532551221718,0.7266695983625348,-0.057474260103904176,0.5892499740894486,0.7829104983208593,0.39957692876950884,1,2019,2024
GENE_00399,biology_signal,2015.0,1,0,2,59,-0.8602788925826821,-0.2782191131121544,0.8436526145929684,-0.3298229909494004,0.254824330099706,0.556342742155978,0.37937379761972023,0,2019,2024
GENE_00400,noise,2017.0,1,0,12,70,0.6155670128735333,-0.1351992708943862,0.7778165897832184,-0.046993219991564056,-0.14337726613513302,0.5393159093127,0.4123085562212763,0,2019,2024
GENE_00401,biology_signal,,0,0,11,11,-2.636652669090359,-2.638375386833725,0.17435225764832266,0.08502886581886604,1.7110737868320511,0.8821242249851547,0.420562651062538,0,2019,2024
GENE_00402,noise,2015.0,1,0,6,56,0.18903953471202306,0.2928273510269691,0.28176271944007086,-0.7421775706626748,-0.2019045851739554,0.2699378594341705,0.6785604288231879,1,2019,2024
GENE_00403,biology_signal,,0,0,1,1,0.08971403705197778,-1.403651972251048,0.088015935254343,0.0471939310733622,-0.7465100834937555,0.7562327095257688,0.1776783734920002,0,2019,2024
GENE_00404,biology_signal,2013.0,1,0,17,67,2.1109797209341274,2.0104388450274984,0.8222329293192958,-0.4534262722131075,-0.4710035171792818,0.130984819591611,0.6653053421316613,1,2019,2024
GENE_00405,biology_signal,,0,0,29,29,1.3721773119195135,2.5992386010128476,0.9398583283345912,-0.5317603789994678,-1.704537468556164,0.14781589302895717,0.7885289408177325,1,2019,2024
GENE_00406,biology_signal,,0,0,9,9,-0.1013427797777734,0.04219543827082206,0.7785977346644303,0.3587527637843729,0.6466964161727892,0.3864495458892289,0.7464981959190212,0,2019,2024
GENE_00407,biology_signal,2015.0,1,0,19,65,2.6154134769955677,1.7920777344026657,0.8256666666253291,-1.7574413918355938,-1.205779894529791,0.3560855836894361,0.7708061538247098,1,2019,2024
GENE_00408,biology_signal,2014.0,1,0,15,63,1.5884711173357098,1.2612368856391272,0.537617421466881,-0.7854017401635057,1.409149996968302,0.30248548895673083,0.8536173263715081,0,2019,2024
GENE_00409,biology_signal,2013.0,1,0,8,65,2.9868015724078494,2.821522186788395,0.9369702498370641,0.19474434961912235,-0.47057851162185904,0.1676125997080235,0.7141123866115819,1,2019,2024
GENE_00410,biology_signal,2020.0,0,1,7,57,-0.18095811209666296,0.7194916894205139,0.7820589186706322,2.1538717678622583,0.5873752259378935,0.4770852833995675,0.21366433621535472,1,2019,2024
GENE_00411,popularity_only,,0,0,29,29,-0.8612966793061044,-0.6155656498089894,0.40143684387368933,0.1716745071578662,-1.7053325000021862,0.8788835798852765,0.73984084491085,0,2019,2024
GENE_00412,biology_signal,,0,0,11,11,-0.5888669297246394,1.105927086353351,0.5941130295830117,-1.3412396515187923,-0.8547531668064204,0.20698642431290643,0.39879706376867263,1,2019,2024
GENE_00413,biology_signal,,0,0,5,5,0.5135347311494,0.24213970198698526,0.46930941090890327,-0.5383907039246267,0.006843021056807674,0.5064289859891457,0.1850708662759435,0,2019,2024
GENE_00414,biology_signal,2016.0,1,0,20,77,0.6637558222835893,3.0639697671736017,0.861372041108986,1.0591866397262273,-2.8183570775673656,0.22127302718914832,0.8682317356647511,1,2019,2024
GENE_00415,biology_signal,2016.0,1,0,28,83,2.1901957909528145,2.4381666022472355,0.9213129453092441,-3.110681500436594,-1.286807636662004,0.08537175931423395,0.860754210324657,1,2019,2024
GENE_00416,noise,,0,0,24,24,0.24120275266318705,-0.18129640676209496,0.7695552917002227,-0.22034914799926428,-0.7320872406393744,0.6036008744474913,0.9480652347147105,1,2019,2024
GENE_00417,biology_signal,,0,0,0,0,-2.3083780663746394,-3.1581346060200683,0.05367131987290706,1.545079823062221,2.102925384189269,0.9224343434223273,0.20894515113384204,0,2019,2024
GENE_00418,noise,,0,0,4,4,-0.08080880126870102,-0.7479525004743903,0.7114297464948458,-1.5985515457812993,0.6798036984759008,0.3828001702177226,0.4440772066637813,1,2019,2024
GENE_00419,biology_signal,2013.0,1,0,21,64,5.501082346090209,4.736936202427905,0.96655845943712,-2.4245047024175053,-2.545346630687937,0.05712419519107846,0.912575392338171,0,2019,2024
GENE_00420,biology_signal,2015.0,1,0,1,58,1.1477640731920578,1.0937418177008704,0.22798233551811778,0.19291927346099363,-1.6841750861664961,0.46494350851574434,0.07124813320991238,1,2019,2024
GENE_00421,noise,2015.0,1,0,9,61,0.021594980495326502,-0.3291879152065815,0.3849112106791846,0.013009585985487876,3.260076298707095,0.8601293135349163,0.7228850925233751,0,2019,2024
GENE_00422,noise,2014.0,1,0,7,60,0.4032141701013019,0.4531691678624466,0.47689140842727756,-0.28570330164743796,-1.5231203022063684,0.41790792320926934,0.4970034464786709,0,2019,2024
GENE_00423,noise,,0,0,7,7,0.590332452864994,0.7422828191223919,0.3405409128777119,-0.25879396834585183,-2.151608254337762,0.25856971076433205,0.7794482604137339,0,2019,2024
GENE_00424,noise,2014.0,1,0,14,70,0.8103692109941192,-0.0464252360185734,0.3321104868071292,0.4229966144936469,-0.5582169053022465,0.8117619274333159,0.8623686487746324,1,2019,2024
GENE_00425,biology_signal,2014.0,1,0,16,74,2.020822848454705,3.25369957494087,0.9317647270742822,1.0977168200864775,-1.1205778646307405,0.15405743285249968,0.8650343146843669,1,2019,2024
GENE_00426,popularity_only,,0,0,94,94,0.1308560667883173,-0.18478249193867774,0.5202039910375679,-0.9071871938399094,0.04162382168026446,0.9166380059543192,0.9734530219609234,0,2019,2024
GENE_00427,noise,2013.0,1,0,9,56,0.34502181131387494,0.15709014252022283,0.2093878072091633,0.6941170302634805,-0.0834574685769105,0.39243475267743955,0.4232441396569957,0,2019,2024
GENE_00428,biology_signal,2018.0,1,0,4,61,1.8041386733066458,0.9362447705641959,0.8182450113601385,-0.6537633161534987,-1.1362387859128047,0.24395254130695565,0.4803174196548377,1,2019,2024
GENE_00429,noise,,0,0,4,4,-0.2847246374461461,0.008538617967687762,0.4407549485463053,-2.3291052179084315,-2.1735452738586454,0.5446306987559135,0.2658220490072187,0,2019,2024
GENE_00430,biology_signal,,0,0,8,8,-1.7704551462532834,-1.4814676816105883,0.5106309737374936,0.39569941788094265,0.4648350003042869,0.18203799418879027,0.4200542549604478,1,2019,2024
GENE_00431,biology_signal,,0,0,4,4,-2.738148577409957,-3.8931393962141505,0.024555327167458115,1.2638888711973923,2.0994313716114985,0.9763938341256649,0.09766300679502657,0,2019,2024
GENE_00432,biology_signal,2013.0,1,0,8,57,3.6296371241594843,4.0811939931247245,0.9088071050519959,-1.5607827034861148,-3.8342860420056804,0.20670226216334728,0.6953137854313179,0,2019,2024
GENE_00433,popularity_only,,0,0,2,2,-1.346533660901311,-0.09463601093808985,0.1687946323765513,-0.22917089462691076,-0.8667524696995614,0.5414095752919322,0.1420514933838788,0,2019,2024
GENE_00434,noise,,0,0,8,8,0.010327626509884724,-1.1182375719701034,0.6293561050280194,0.26873385869899447,-0.07181605976354877,0.23130592641111788,0.26354206315412687,0,2019,2024
GENE_00435,biology_signal,2014.0,1,0,17,72,3.48114821123153,4.394395831103512,0.9464375833299224,-1.7176520100889394,-2.5184558035244993,0.023424249887368534,0.37371315984196174,1,2019,2024
GENE_00436,biology_signal,,0,0,4,4,3.0976275764787173,1.2972121345070269,0.7927424375636059,-2.151228894092894,-1.316480525697414,0.6676594445258179,0.5472175507529407,0,2019,2024
GENE_00437,noise,,0,0,6,6,-0.44837168630285024,-0.7174180896985269,0.33270340393697145,-0.03088203077044971,-0.4980693793022601,0.5296180825623804,0.45815391864054444,0,2019,2024
GENE_00438,noise,2016.0,1,0,5,66,0.4764798306579551,0.2441559734087373,0.6379044294264906,-0.020492248587233364,-0.26190101083060896,0.1935079695959443,0.8218663081294718,1,2019,2024
GENE_00439,biology_signal,,0,0,8,8,-3.594290874794064,-3.6426522366204104,0.053482406371815595,1.514458514073651,2.2960707343092435,0.6825875472304215,0.42415751340266905,0,2019,2024
GENE_00440,noise,,0,0,6,6,-0.07251366799994852,-1.0120637553601688,0.5766323038621095,0.0611254530183824,-0.19466269210065995,0.866666936615117,0.6620531786017497,1,2019,2024
GENE_00441,biology_signal,,0,0,5,5,-0.28586876437964326,0.8331992062957472,0.5757617457012393,-0.5089366166730204,-0.5479440481661997,0.06916423865153949,0.38290152937724753,0,2019,2024
GENE_00442,biology_signal,,0,0,4,4,-2.443705975990514,-3.1548682949758584,0.17549802052508684,0.7427949598930064,2.836239822796445,0.5008328151686224,0.37970912405477275,0,2019,2024
GENE_00443,popularity_only,,0,0,20,20,-0.10075835396152755,-0.5399931224621051,0.5289662140446373,-1.1757394110397208,-0.7803457562300604,0.24537877319468807,0.5411613490395307,0,2019,2024
GENE_00444,biology_signal,,0,0,4,4,0.25866513829684173,-0.2843280299422106,0.6886561136958047,-0.07286476821557232,1.1791517867401216,0.4072622474787866,0.8109418098751444,0,2019,2024
GENE_00445,noise,2014.0,1,0,7,69,0.5293500439854186,-0.6164501835701982,0.3661549861252399,0.636954714714562,0.06527396994981172,0.42071726588156033,0.2937543487370278,1,2019,2024
GENE_00446,biology_signal,,0,0,2,2,-1.5971661427269515,-2.749893898965036,0.17355309680174563,0.7623054804394648,1.8706354512775865,0.805613158953378,0.39338235903535074,0,2019,2024
GENE_00447,biology_signal,,0,0,14,14,0.8357788303596176,-0.0216704738105028,0.7491719957854738,-0.5134313827139788,1.2138524662687522,0.9298725634863841,0.47135367423075797,0,2019,2024
GENE_00448,noise,,0,0,18,18,-1.1725945371539919,0.05449166723908147,0.43977758865494015,-1.3296703683961497,-0.19263818271848132,0.34792130702901275,0.45208757769404523,1,2019,2024
GENE_00449,popularity_only,,0,0,33,33,-0.3833663431374923,-0.9214932441664764,0.5327905466567845,-0.5793115947849203,1.2249095915708104,0.5991385672963707,0.7782250106001406,0,2019,2024
GENE_00450,noise,2020.0,0,1,19,77,-0.27973766751784473,-0.31193190254857955,0.37860620056344324,-0.12935260542328758,0.013684520121214905,0.6648606945611343,0.6629900362953309,0,2019,2024
GENE_00451,noise,2017.0,1,0,4,62,0.8854405758468403,0.6799760402729857,0.22529961068337392,-0.37083887702734974,-2.8585263828349152,0.7466729388940522,0.7320219690988496,1,2019,2024
GENE_00452,noise,,0,0,12,12,-0.21285609435647718,0.2572560553117656,0.37758816271707174,0.3128842210196646,1.8972813128875625,0.3187575034840808,0.8496394048967375,0,2019,2024
GENE_00453,biology_signal,2014.0,1,0,21,74,3.145915594426491,2.98302509681169,0.9693442233650277,-2.534014856460903,-2.2193292312806445,0.4156764709886399,0.7185566264976208,1,2019,2024
GENE_00454,biology_signal,,0,0,23,23,1.5835337989824612,0.8174711010701805,0.7088908737631243,-0.97788496860414,0.08206358486499687,0.4097370390133115,0.9314242394780065,1,2019,2024
GENE_00455,noise,,0,0,13,13,1.4166664206971284,0.2406282434832539,0.41303073379468874,-1.1821591929777382,-0.6810387448234196,0.6104159877439158,0.589461437010383,0,2019,2024
GENE_00456,popularity_only,,0,0,42,42,-0.7926150042572964,-0.455861004817279,0.5037632249877215,2.54840005042423,-1.8346924395533044,0.5313292465198445,0.732929410753535,1,2019,2024
GENE_00457,biology_signal,,0,0,1,1,-1.7792003923067234,-3.8848232086582177,0.052617606068271816,-0.3316286532699275,3.1978430134900204,0.5138785820170739,0.28985523088057763,1,2019,2024
GENE_00458,noise,,0,0,3,3,-0.6354410742892909,0.3023034272475261,0.7732165222162576,0.36076866278304687,-2.478252311745443,0.8799137366106848,0.2705377463494702,0,2019,2024
GENE_00459,biology_signal,,0,0,21,21,0.7249883748962705,0.9330442518627978,0.8058837627938595,-1.0369729473121485,-1.4775231448812844,0.5160152665501376,0.9085216243609587,0,2019,2024
GENE_00460,biology_signal,,0,0,9,9,-5.856732839369071,-7.213166999211036,0.016187310108359172,2.4161410252404663,3.837321258827511,0.9693663534408874,0.37278336912736704,0,2019,2024
GENE_00461,biology_signal,2015.0,1,0,17,73,2.2991877692610334,3.108915631402841,0.8683304317570978,-1.7686940759801248,-0.2664403894629257,0.2022009340007625,0.8276936468019831,1,2019,2024
GENE_00462,popularity_only,,0,0,14,14,-0.6056421758289148,-0.43683499222111394,0.2754739395878299,0.8910613223606141,-0.5419496122127556,0.5016653753627209,0.42914689916404325,1,2019,2024
GENE_00463,popularity_only,,0,0,3,3,0.7420376785595413,0.16825386143201485,0.5960842143287682,-1.0523884500981295,-0.7924987799613514,0.46080481451796235,0.5208037019537844,1,2019,2024
GENE_00464,biology_signal,,0,0,13,13,-3.0094124780015874,-1.6423770487530454,0.24306430481068272,2.1597665960485695,0.32196930283452585,0.7727182498171471,0.5973426440188837,0,2019,2024
GENE_00465,biology_signal,,0,0,12,12,-0.7681274252643624,0.15228807635000108,0.465974620903529,0.6529543448199113,-1.6175895996856977,0.79020826506066,0.4354818493971096,0,2019,2024
GENE_00466,biology_signal,,0,0,6,6,1.1545303187751257,1.0670638904122893,0.5956235890960413,-0.9628915889283302,-0.4690545564441705,0.5958723759868975,0.42877556480374884,0,2019,2024
GENE_00467,noise,,0,0,64,64,0.37198960590171937,-0.29365260169722307,0.5949088035626688,1.1441905613235857,-1.532008229929257,0.5566584811778136,0.5337257543523364,0,2019,2024
GENE_00468,noise,,0,0,10,10,0.11676402373351809,-0.22648986556217904,0.6979062355464168,-0.33353081846173405,0.6958414474861739,0.2624705648419068,0.5459970967641862,0,2019,2024
GENE_00469,noise,,0,0,5,5,0.39816537392904194,-0.164416397213865,0.4930755342959679,0.2490172878256838,-0.4252659060823222,0.1512191074576309,0.40185163436017296,0,2019,2024
GENE_00470,noise,2018.0,1,0,5,60,0.017438572018757356,-0.044544266263700685,0.4568440655861541,0.5147434172544058,1.3068598601666115,0.24762007399762095,0.49415036318708255,0,2019,2024
GENE_00471,biology_signal,2019.0,1,0,9,69,-0.025627929555347373,-1.3006964535303442,0.6894835094322851,-0.9781072299621925,2.33110347639208,0.33164035681989934,0.20116478646220992,0,2019,2024
GENE_00472,popularity_only,,0,0,9,9,-0.11840126423360711,0.44105268868257264,0.645638482873493,0.8377720400503773,-0.1007296021911674,0.44859173195603397,0.7613829240587175,0,2019,2024
GENE_00473,biology_signal,,0,0,5,5,-2.8929075203205024,-4.063641603633657,0.11265464773455781,1.5638706203887844,2.9497105705820035,0.6802223385694618,0.35818500855853325,0,2019,2024
GENE_00474,noise,,0,0,6,6,0.10816568756981709,0.8921634239707632,0.37488747031162584,1.2612624862015858,0.023312768209558965,0.4860965113468433,0.5904374968099765,0,2019,2024
GENE_00475,noise,2018.0,1,0,23,75,0.16695516565095478,0.44697564562899894,0.4847649305755379,-1.9099008342103787,-0.3025029502713742,0.5803305589718307,0.4902222267432035,0,2019,2024
GENE_00476,noise,,0,0,1,1,-0.41381652381440837,-0.24644519186687963,0.5920147109765551,-0.7081761023656048,-0.40525481726046386,0.9642546651114358,0.08495373954069156,1,2019,2024
GENE_00477,noise,,0,0,5,5,0.2061818033029702,0.6888712854834083,0.5662199789001241,-0.5081666408190925,-1.033973260886747,0.30593447253546957,0.4170163381194453,0,2019,2024
GENE_00478,biology_signal,2018.0,1,0,12,76,1.2967171373931703,1.428754780369287,0.8157811547581604,-1.5956375194595922,-1.1221733163862968,0.19675247377689997,0.8829687698329075,1,2019,2024
GENE_00479,noise,,0,0,3,3,-0.8009391643639704,-0.5937383953713633,0.35708986897362094,-0.9274288999519361,0.17975657596975128,0.475045732427831,0.6251879946062893,0,2019,2024
GENE_00480,popularity_only,,0,0,19,19,0.573840149587068,-0.33031438857265844,0.8032842462460777,1.9300142724764373,1.7434718614851654,0.5037689834019103,0.7334602891279131,0,2019,2024
GENE_00481,biology_signal,,0,0,11,11,1.283469348434038,1.814324502346015,0.35546909143449407,-0.6246454554173119,-1.9766634888228207,0.17047317011990804,0.5530173581554065,0,2019,2024
GENE_00482,biology_signal,,0,0,2,2,-0.31765880525307577,1.0037251215365532,0.35721896258506153,-0.6419650535092111,-0.11144908198067693,0.4930208437008074,0.41330145549020675,0,2019,2024
GENE_00483,noise,2014.0,1,0,6,57,0.29708303760272237,-0.6845434147590508,0.3800485445468055,-1.0492816599125356,1.361282413333841,0.4788209584092513,0.3879240202538338,1,2019,2024
GENE_00484,biology_signal,,0,0,3,3,0.741930570851993,-0.39065514985182426,0.43252746807532627,-0.046003713884527286,-1.3604622148919858,0.3386793026182824,0.160266733897207,1,2019,2024
GENE_00485,biology_signal,2014.0,1,0,4,61,0.8920802604334747,0.937322896409429,0.7000087589574108,-0.572240557712338,-2.0988920027240314,0.7354733737800515,0.5982400818008624,0,2019,2024
GENE_00486,popularity_only,,0,0,21,21,0.654471632485766,-0.36660633328751246,0.838189613755546,0.3942122818542481,-0.8030250331214477,0.3782305144165542,0.960749176980046,1,2019,2024
GENE_00487,noise,2018.0,1,0,3,54,-0.5649391426095864,-0.49652385443870095,0.794816306750598,1.915808857884405,0.3165726380171393,0.7473120232094731,0.411341554375891,0,2019,2024
GENE_00488,noise,,0,0,12,12,-1.5180571202274857,0.036372896681487965,0.4217000315199759,0.6046428389116453,-1.5304242012269527,0.5578306755659985,0.7362247133118108,0,2019,2024
GENE_00489,biology_signal,2015.0,1,0,3,54,3.9564082101586813,3.434263462319398,0.8886134276293828,-1.8297568614385706,-3.2874352179267516,0.035268897408987636,0.5501451042977373,1,2019,2024
GENE_00490,noise,,0,0,9,9,0.6788982523646016,-1.5039741596046157,0.46757206962855924,-1.1168342689722137,2.772594321124588,0.6644092583647193,0.25870113567590236,0,2019,2024
GENE_00491,noise,,0,0,29,29,1.019616146342054,-0.28542339400497524,0.6256844801607641,-0.025606137758184877,-0.4699131723394198,0.38978219436788236,0.6935318013291639,0,2019,2024
GENE_00492,noise,2012.0,1,0,15,68,-0.5646523672919552,0.5917913992598659,0.9347551737528143,0.8344734514419635,1.008973514066489,0.5145037453884526,0.7185482300881186,1,2019,2024
GENE_00493,noise,,0,0,5,5,1.1022430440077837,-0.039700508588460054,0.5343191918771462,0.2124474490386316,-1.6696501934529557,0.32128300645470037,0.11062641764817326,0,2019,2024
GENE_00494,biology_signal,2019.0,1,0,4,49,-0.09485024235638895,-0.4087535050477269,0.29976664712300494,-0.49801740023344276,1.3203447994261976,0.1789186648637395,0.37593214938927133,0,2019,2024
GENE_00495,noise,2017.0,1,0,7,56,-0.2824257150290037,-0.7405517940317933,0.5974934706949858,0.7113266684201023,-0.17570539090717124,0.44923304479057435,0.7110526631447709,0,2019,2024
GENE_00496,noise,2015.0,1,0,20,74,0.45741596421612774,0.5044778869723598,0.5117296111042867,-1.478655491888896,-1.9445955360028073,0.22711658544685562,0.8889457270139711,0,2019,2024
GENE_00497,noise,,0,0,12,12,-1.8153992934523844,-0.4182086945013116,0.5462638049679743,0.5047483911961572,0.766850658474058,0.4620809020567334,0.5295468425236586,0,2019,2024
GENE_00498,noise,,0,0,12,12,0.24914452017774824,0.1246819024753145,0.3664157327173619,-0.10283785741860393,-0.6429306678367633,0.35870730124111894,0.20198982338966306,1,2019,2024
GENE_00499,noise,,0,0,22,22,0.7046646396820581,0.17341064289680713,0.4706133057054607,-0.6990650970144058,-1.5458053184851395,0.5244443022418696,0.7850677988994906,0,2019,2024
GENE_00500,noise,,0,0,2,2,0.6297445787867846,0.6392353903975332,0.41436602471960304,-1.5070787415550273,2.2670054808694404,0.23753261988313598,0.14228495202815317,0,2019,2024
GENE_00501,biology_signal,2014.0,1,0,5,54,1.611328258198752,1.5303355502127134,0.3626990812358268,-0.05672673898293823,-1.4038125737928997,0.22868367591026645,0.39153106425727635,1,2019,2024
GENE_00502,popularity_only,,0,0,15,15,-0.5141289142276197,0.18705460329453752,0.6867718555320314,-0.667709784741473,-1.3840705850605834,0.12626428306639606,0.7087436562848856,0,2019,2024
GENE_00503,noise,2012.0,1,0,53,106,0.2142841732359114,0.9038896129928768,0.5770228079420068,-0.13480625369836158,-0.49004409089039574,0.2942581202223262,0.9381384218511724,1,2019,2024
GENE_00504,biology_signal,,0,0,10,10,-0.8972422316607503,-1.5772091536399944,0.6048803887991242,-0.944210398632329,1.5697741050619298,0.5901553294828373,0.8022907234981798,0,2019,2024
GENE_00505,biology_signal,,0,0,21,21,-0.3522122561989738,-0.744888657361554,0.3458653772845586,0.40578188319556036,0.6089903733757771,0.24966482599086037,0.7715641763467526,0,2019,2024
GENE_00506,noise,,0,0,3,3,-0.1941860670120606,0.8626622806948449,0.5245770907584304,0.8699377150640399,0.5713989220304885,0.8417375556547062,0.4177371708866848,0,2019,2024
GENE_00507,noise,2014.0,1,0,11,63,0.008576665354543878,0.2547196010461256,0.5659375323407102,0.08240221991724078,0.5484340081867585,0.833649529525651,0.6538401122728587,1,2019,2024
GENE_00508,noise,,0,0,5,5,0.013606262928133328,-0.48698001669794705,0.7105757140148573,1.542856851333643,3.0944424071373104,0.7910393184128673,0.1333017209226492,1,2019,2024
GENE_00509,biology_signal,,0,0,21,21,-0.6907314191083405,0.20577943309485563,0.3221164897340364,0.4005261265665764,-0.30371777735417604,0.7462193075824077,0.7850719943243287,1,2019,2024
GENE_00510,popularity_only,,0,0,4,4,-0.018109728775669243,-0.1288775402988227,0.36909174702436665,-1.0547451208912146,-0.5159857143167109,0.2914412385828323,0.4325352582515269,0,2019,2024
GENE_00511,biology_signal,,0,0,1,1,0.9912077170013416,0.599187409005519,0.2927370571430244,-0.42837599416247973,-2.2151098445720687,0.7088484924952916,0.42802140632740737,0,2019,2024
GENE_00512,biology_signal,,0,0,3,3,-2.0137982038768123,-1.0243851470631984,0.42679732165228124,-0.12102934338700444,1.2978263079179357,0.7918340962567044,0.4533548672955258,0,2019,2024
GENE_00513,biology_signal,,0,0,1,1,-2.0334038954478655,-2.9160930639728155,0.09649953045653055,1.5912701479707496,1.422288082220459,0.9416571790802193,0.3134222568628273,0,2019,2024
GENE_00514,biology_signal,,0,0,35,35,1.2401540771456754,1.062614844583298,0.6957973688556821,-0.2644683979394592,-0.9278812458921986,0.18035071090526528,0.6182832981737048,0,2019,2024
GENE_00515,biology_signal,,0,0,14,14,-1.735411213313799,-0.3921319986714593,0.053869034024987654,0.19888635203408334,-0.05232978807976946,0.33879976041195814,0.5945907279399081,1,2019,2024
GENE_00516,noise,,0,0,3,3,0.03569589354330854,-0.24822637897597663,0.6920741477412631,-0.9096611898527861,1.2337218846701448,0.4560385444293573,0.10384064058161598,1,2019,2024
GENE_00517,noise,,0,0,6,6,0.3141911750587853,-0.34955368555855265,0.6427485646020366,0.11791325909443703,0.24468163487667002,0.6881255243744248,0.6107869711290397,0,2019,2024
GENE_00518,noise,,0,0,13,13,-0.3689610032834612,0.5705578064801246,0.7039924060119094,0.5675056499314293,0.4263139208803868,0.7577364864529263,0.5440947241833216,0,2019,2024
GENE_00519,biology_signal,,0,0,8,8,2.6783772179208833,4.287607330304261,0.8726064392626198,-0.3577635327401594,-3.0371043230811097,0.29316244958261956,0.8701871132275234,1,2019,2024
GENE_00520,noise,2016.0,1,0,36,92,0.3502190532609526,0.5237073328822502,0.4491494768776813,-0.5567430895847196,0.22535182410868834,0.2809211052631745,0.8356853688669891,1,2019,2024
GENE_00521,biology_signal,2013.0,1,0,22,79,4.589059666361347,4.272541680840094,0.9879316496347081,-2.500073098361312,-3.610137652042365,0.23158501964526448,0.4291275304357142,1,2019,2024
GENE_00522,noise,,0,0,1,1,0.8791295229433607,-1.7277370306702668,0.49507551554786433,-0.8530085988559073,-0.11236317026407616,0.7254185181049208,0.14384754244772696,1,2019,2024
GENE_00523,popularity_only,,0,0,19,19,-0.8386368674444991,0.4249224460018238,0.46255054834256965,0.9100867118758661,-0.33403536033456127,0.2391350443607659,0.27293720449523373,0,2019,2024
GENE_00524,biology_signal,,0,0,6,6,1.601361282703857,0.9669067046998143,0.3402972288376229,0.07060268797228664,-0.8274054738273589,0.11611211730408619,0.6204174097394515,0,2019,2024
GENE_00525,biology_signal,2013.0,1,0,7,65,2.172976495210487,3.683570133117774,0.9773148244653493,-1.103201924169751,-2.4748436957664435,0.0825741304316397,0.4832505641365593,1,2019,2024
GENE_00526,noise,,0,0,2,2,1.3264702056713236,0.3484566499411009,0.4507316097657255,-0.07727671032226457,-0.4814177113286458,0.28112646331198987,0.14590451830469447,1,2019,2024
GENE_00527,noise,2014.0,1,0,12,65,0.7034561350232242,0.5139866165091556,0.502677307666052,-0.944953776816432,-1.9025107069719103,0.3462903366209748,0.8975337320143137,1,2019,2024
GENE_00528,noise,,0,0,6,6,0.8133534487767098,0.26109084840854546,0.47111531443618837,-0.027340475580111767,0.9501588804857414,0.6141309119188901,0.32921457497528767,0,2019,2024
GENE_00529,biology_signal,2021.0,0,1,6,64,0.06929560697643918,-0.035837061458776825,0.6360857097443751,0.8816164842366374,0.3484846509584402,0.5233242297702299,0.8962537849670926,1,2019,2024
GENE_00530,noise,2015.0,1,0,6,65,0.005940921894475412,0.5143441153074922,0.41333672386914044,-1.5362743721196814,1.5209208479659166,0.5309408996326571,0.49884068437986934,1,2019,2024
GENE_00531,biology_signal,2013.0,1,0,5,59,1.497412111364724,1.6879115026580076,0.91896249816843,-1.2635515830422765,-0.8313516576124804,0.4746438806929847,0.2930703597460439,1,2019,2024
GENE_00532,noise,,0,0,9,9,-1.3158167745319496,0.45543529086047385,0.3797923698678132,0.9182229994875499,-0.4508183530748663,0.6409690759530204,0.22256181004463194,1,2019,2024
GENE_00533,biology_signal,,0,0,10,10,-1.1672753875823978,-0.4614865367514961,0.33642151656233005,2.7717346117456625,0.7304264862815888,0.5482552561504968,0.19020340951137735,0,2019,2024
GENE_00534,popularity_only,,0,0,17,17,0.06726348152913791,0.5548446595809342,0.4904616214528521,1.9087538757054234,0.090100694137422,0.7958354471997229,0.22824823686948068,1,2019,2024
GENE_00535,noise,,0,0,2,2,0.09194638907035457,0.13609218411109242,0.7074161147645487,0.2977130417021647,1.2063622272943124,0.604118217649221,0.14020521934978086,0,2019,2024
GENE_00536,popularity_only,,0,0,37,37,-0.39616723914848,-0.2578111746486077,0.4539067037075437,1.8027572695872505,1.7170282942636828,0.4706962706849035,0.4794620005358386,1,2019,2024
GENE_00537,biology_signal,,0,0,18,18,-1.73116365625401,-1.638926728957378,0.2012542735127147,0.44809735586733157,1.471710893441056,0.7282044568339733,0.3742674932530903,0,2019,2024
GENE_00538,popularity_only,,0,0,15,15,-1.231763558763347,0.3047402630035531,0.4860935451175095,-0.4949081653184817,0.41704591800415736,0.4174080935091834,0.3022255046707769,0,2019,2024
GENE_00539,noise,2018.0,1,0,1,54,0.5275540531050603,-0.37206259942667624,0.6474901680858137,-1.1221718596816184,-0.21197017372438637,0.34357382304015993,0.16868502263775584,1,2019,2024
GENE_00540,noise,,0,0,1,1,1.2470310137929432,-0.45518665353843957,0.5594478743333675,-1.464284995616079,-2.541901343334973,0.15991281378567415,0.18931611302666185,0,2019,2024
GENE_00541,noise,2012.0,1,0,3,56,0.3702991274641637,0.9906863791613321,0.6204720304704731,1.1983722621287793,-1.1849383566320815,0.5386900546544392,0.6361796442829439,1,2019,2024
GENE_00542,noise,,0,0,2,2,-1.2279887519707335,-0.2549097622433733,0.3466138481913846,1.218220668760054,1.1171902936898788,0.4022307927240696,0.5385826191639477,0,2019,2024
GENE_00543,noise,,0,0,3,3,0.18717253355908195,0.3797590697297896,0.4074625950611457,-0.6439349194676387,1.2899523862075795,0.915972838022345,0.22371381303618582,0,2019,2024
GENE_00544,biology_signal,,0,0,5,5,-1.0192686497112693,-1.3475430078549582,0.5218129156526315,2.283958685941432,1.3974690487047383,0.8526325176636012,0.6203666155996173,1,2019,2024
GENE_00545,noise,2021.0,0,1,11,61,-0.9439916029490306,-0.07387889380919668,0.6130900417047511,1.1270073566312218,0.6558188773672935,0.7993816509014773,0.32712662848671265,0,2019,2024
GENE_00546,noise,2016.0,1,0,15,82,0.5652856822208887,0.2592637132907917,0.7379944410695366,-2.3473222023121973,0.9574589571914621,0.565744973612987,0.5264064939747126,0,2019,2024
GENE_00547,biology_signal,2013.0,1,0,17,76,1.4318076849457777,2.3361697085650994,0.8861650402455858,-2.1483996288899663,-1.7104774377273146,0.6575699044544238,0.9310865468331095,1,2019,2024
GENE_00548,noise,2013.0,1,0,21,78,0.2532903981012864,-0.4914080064084019,0.7134549748656372,-1.0436897507744927,0.1323378759053928,0.40528726390972414,0.48498546991088637,1,2019,2024
GENE_00549,noise,2016.0,1,0,8,65,-0.19655134521499568,-0.5356249687349889,0.345129291402822,-0.21750151799120038,0.7112157577298099,0.6233698369653651,0.6388645667891694,0,2019,2024
GENE_00550,noise,,0,0,7,7,-0.14452283638179048,-0.08381775294845259,0.14257023748661923,-0.13557392483283676,0.22273243483094146,0.7677594182433041,0.7403310757195767,1,2019,2024
GENE_00551,biology_signal,,0,0,5,5,2.2020088253454486,2.4704438166502434,0.8373597127326937,-0.8726705993359056,-4.074983997064758,0.3674727863680461,0.9149016133846557,0,2019,2024
GENE_00552,biology_signal,2020.0,0,1,5,65,-0.37381328391627083,-0.2268249376502203,0.2225091981025878,0.6874801156587093,0.5153769481045027,0.25191391421219134,0.6024844762791276,0,2019,2024
GENE_00553,noise,,0,0,8,8,-0.25722241052901834,-0.23567619495508763,0.4987656990113983,0.5640353535276095,0.15297098703739176,0.6786210660298267,0.4586595449132024,0,2019,2024
GENE_00554,biology_signal,,0,0,11,11,-0.9938040958103371,-1.6671429225095606,0.021503551562416946,1.7389192771518678,-0.4147020224695741,0.4927803525237453,0.2696570550689133,0,2019,2024
GENE_00555,noise,,0,0,27,27,0.35912491887798886,-0.46274427171565924,0.5002837848473844,-0.3381580739058574,0.6104785024998882,0.39043744417496834,0.9191581146853218,1,2019,2024
GENE_00556,noise,,0,0,1,1,-0.3071353902698045,0.1144344919996055,0.3649931974989792,-0.4103243955688205,0.1755726845729388,0.43829812446688465,0.10552812486478574,0,2019,2024
GENE_00557,biology_signal,2019.0,1,0,5,59,1.0034357192615875,0.45652427966902925,0.7650037878438489,0.22526530354374774,0.08673707696862727,0.2961101454739643,0.1704701160005635,0,2019,2024
GENE_00558,biology_signal,,0,0,12,12,-0.6501397900095433,-0.01522538361327689,0.4249236062846512,0.1919611821507869,0.05442840547734788,0.6695628580613907,0.8348635024806385,1,2019,2024
GENE_00559,noise,,0,0,15,15,0.6190659742364238,0.015694967655506403,0.3866101664934875,-0.017944432439154667,-0.21248141972983284,0.3717244039561532,0.7703070942348562,0,2019,2024
GENE_00560,noise,,0,0,11,11,0.6007031165075396,-0.3787639103535831,0.6295403683259214,-0.0018227841577959092,0.6641288531552461,0.34390781491684597,0.5992739226672344,0,2019,2024
GENE_00561,noise,,0,0,6,6,-1.1097808371994071,-0.29674468555166744,0.6275272843383449,1.2564145001419231,-1.564967002766102,0.4744490482790924,0.21506161405730573,1,2019,2024
GENE_00562,popularity_only,,0,0,5,5,-0.5465156436938987,-0.8929645104275677,0.4934477602725869,0.8148311039669967,1.6353646059465925,0.7566182871307566,0.3677626139516762,0,2019,2024
GENE_00563,biology_signal,2014.0,1,0,8,64,1.2342533447284065,1.0896581461045085,0.6514747453635336,-0.4368749767098449,-0.48672188408613637,0.2723806682269691,0.3717101023059245,1,2019,2024
GENE_00564,noise,2020.0,0,1,9,60,0.3100646992090732,-0.6667603886721853,0.5545120012468422,-1.254844440520321,0.5264508456012832,0.13066596370752545,0.7070833716117628,1,2019,2024
GENE_00565,popularity_only,,0,0,8,8,-0.010811453843945381,-0.1879353421413799,0.41592868229479807,1.1677790955681022,0.0676619460355207,0.437925238460652,0.6462485411671792,0,2019,2024
GENE_00566,biology_signal,,0,0,4,4,0.6575090221938475,1.4290290694212366,0.9247329533414319,0.0036247058978338687,0.042882191972871575,0.2889444888954684,0.32446698686316733,0,2019,2024
GENE_00567,biology_signal,,0,0,6,6,-0.35679470468145236,-0.018593812250732422,0.5693412130818817,0.5064619104771888,1.7053668875468209,0.5896343894593817,0.253891666313731,0,2019,2024
GENE_00568,biology_signal,2015.0,1,0,8,57,0.67144269034623,0.015796711339307504,0.29797965901846085,-0.07702689442305233,-0.5293812893367769,0.7819621208527475,0.5318747776474697,1,2019,2024
GENE_00569,noise,,0,0,11,11,-0.9255870649324099,-0.9436567413948067,0.3412159389419811,0.6196796876844393,1.386584976659949,0.24727973419736515,0.43081878389131745,0,2019,2024
GENE_00570,biology_signal,2015.0,1,0,6,56,1.0403503592626968,0.38386979625514595,0.801687125565248,-1.315857842882064,-0.23039854410019198,0.2985965038337032,0.5135938575098538,1,2019,2024
GENE_00571,noise,,0,0,1,1,0.04058863195166229,-0.807835420119386,0.38334734211491844,-0.4010077742650031,0.852436829042047,0.6263160016583832,0.2950182405018204,0,2019,2024
GENE_00572,noise,,0,0,10,10,-0.36623173825485356,1.2745910627098382,0.31687546455884036,0.417867211005977,-0.9255866942088498,0.31039730473535015,0.46779699794978874,0,2019,2024
GENE_00573,biology_signal,2013.0,1,0,14,65,1.3806038672462484,2.990550769895171,0.6219805878315947,0.5072507941265829,-2.1028921337706983,0.11403091806168993,0.3082052265126351,1,2019,2024
GENE_00574,noise,,0,0,18,18,-0.27367685320987223,0.23475639234728307,0.3969988159886208,1.5183419659897588,0.5154112732064084,0.3724137292378166,0.41400684976661795,1,2019,2024
GENE_00575,biology_signal,2016.0,1,0,5,57,2.3083487371370026,1.8147105950850224,0.6419925327318767,-2.375699158938453,-0.6041125063987931,0.09284669983596346,0.4916144684988986,1,2019,2024
GENE_00576,popularity_only,,0,0,4,4,0.0003191414959007599,0.24359570942422798,0.37719582074716296,-0.5256134508697775,0.7031711616894802,0.4660973810933284,0.47952692377626704,0,2019,2024
GENE_00577,biology_signal,2014.0,1,0,2,51,2.3608575848827864,3.915995174981869,0.8993947634805771,-2.027595295654213,-1.9782871295678524,0.04525826917430564,0.24889948518974978,1,2019,2024
GENE_00578,noise,2018.0,1,0,16,72,-0.3012303814788915,0.4674039926645709,0.5713257935766526,1.0909949663025997,-0.269327543370569,0.7499281459920072,0.6756460214331836,1,2019,2024
GENE_00579,biology_signal,,0,0,2,2,-4.507143294947665,-5.600982044302411,0.0054042527283463876,1.8778440639587384,4.270661294463706,0.9701418958742349,0.33899698114851706,0,2019,2024
GENE_00580,biology_signal,2016.0,1,0,7,61,3.1691642523313126,2.870864468528532,0.9220543397928286,-1.5838281381041728,-0.9042968819383219,0.15418069678562768,0.58672247817138,1,2019,2024
GENE_00581,biology_signal,,0,0,9,9,1.3977374209544544,0.3711898817580471,0.8331872715742696,-1.9936338992155775,-0.10076007909650261,0.27507804441735295,0.7603964353070419,1,2019,2024
GENE_00582,noise,,0,0,2,2,-1.2866699640857826,0.6044109409504393,0.3590592044058488,0.6588456604343471,0.23218513274779085,0.2501915973590488,0.3057287153777926,0,2019,2024
GENE_00583,noise,,0,0,2,2,-0.2229224787667618,-0.8544715627698322,0.5724911249029383,0.09775857180178041,-0.5035955318467515,0.6191875749756546,0.19823626468094646,0,2019,2024
GENE_00584,popularity_only,,0,0,24,24,-0.4244620649770278,-0.037280075220602754,0.6758969382299465,-0.30004282794954124,0.22671196212775724,0.18995934048150223,0.6042019515936743,0,2019,2024
GENE_00585,noise,,0,0,8,8,0.40461401578140577,0.15198846298695448,0.29529817096693245,-1.2665507079696103,0.621369961935585,0.5858937242449763,0.7217900299224888,1,2019,2024
GENE_00586,noise,,0,0,12,12,-0.7093459361519989,0.3780871372046301,0.49694124432745285,1.268039052056306,0.17756316914963166,0.7668170231894487,0.667121798336547,1,2019,2024
GENE_00587,biology_signal,,0,0,7,7,1.6014277578879073,0.844361438061968,0.6913099966245052,0.18894896621015267,-2.189178705510507,0.35695095048725967,0.4517789706721315,1,2019,2024
GENE_00588,noise,2020.0,0,1,4,64,-0.2458927120018349,0.15816699642677112,0.7254546412343301,-0.18843303366460784,0.5207338660433993,0.31941829765877056,0.6821918450119284,1,2019,2024
GENE_00589,biology_signal,,0,0,3,3,-1.8957405031575922,-4.010664539569783,0.19105002307498048,0.9624404340007833,4.102860290008507,0.8338521986885923,0.733359899662,0,2019,2024
GENE_00590,biology_signal,,0,0,5,5,-0.7426270703494473,-0.4197440234581101,0.20059446367394101,-0.5317789861912038,1.32298743056515,0.7097768772982926,0.39555390520382305,0,2019,2024
GENE_00591,biology_signal,,0,0,5,5,-1.9503592976412998,-1.7480487751655966,0.04983602357691692,2.015642650402684,-0.45702086607848735,0.8419785038981205,0.2749057423539128,0,2019,2024
GENE_00592,noise,2015.0,1,0,24,78,1.0480768304135497,-0.7517618164610267,0.47567762968089583,-1.537067694511919,0.7484166929899969,0.7191907028850796,0.7149361128555104,1,2019,2024
GENE_00593,noise,,0,0,3,3,-0.055062257102009196,0.11017528193479216,0.1937536240419956,0.32699149888658235,-0.6802581280123969,0.5839840840235947,0.3762023756857026,1,2019,2024
GENE_00594,noise,2013.0,1,0,20,73,-0.3388374053639387,-0.20393933382140225,0.35201963523311236,0.6445445662793943,0.34714448347735727,0.558539864961933,0.6877782776779737,1,2019,2024
GENE_00595,noise,2022.0,0,1,6,58,-1.1839484498041914,0.17964123780017766,0.310977867005207,1.7418560838303467,-0.2882207090181646,0.4117988124592655,0.6978834156872455,1,2019,2024
GENE_00596,biology_signal,,0,0,3,3,-1.0536541154664008,-1.0638646415071285,0.3776645584599518,1.285991341585214,1.5452348453848783,0.7476877049857202,0.5475718686499256,0,2019,2024
GENE_00597,biology_signal,,0,0,21,21,-1.3843244157573995,-2.041393682478751,0.18616507005108474,-0.26445856770145204,1.5243522795501483,0.9349599834269552,0.6155261883614483,0,2019,2024
GENE_00598,biology_signal,,0,0,5,5,-0.4684446695384058,0.4621507932623088,0.2328654432923498,-0.399347082182529,0.9330102616453826,0.6288121272812268,0.8512856896947285,0,2019,2024
GENE_00599,noise,,0,0,17,17,-0.38249715979494736,-0.5063520781755031,0.3422179081490096,0.9006151204108888,1.1033092171469374,0.6286926441625694,0.38621847006891935,0,2019,2024
GENE_00600,noise,,0,0,12,12,0.07253480388284533,0.4634397407207491,0.5148948701612418,0.1513575605176897,-0.47014006837340894,0.5670182171907724,0.7927904233783342,1,2019,2024
GENE_00601,noise,2014.0,1,0,45,108,0.871965586473145,1.3882127780951157,0.5006522945007067,-0.9707467431513306,-1.1230701192819625,0.5539943771173236,0.9326724236605466,1,2019,2024
GENE_00602,noise,2018.0,1,0,15,72,0.8924077495949149,-0.48578681673737567,0.5875435387611007,-0.44228711482727173,-0.2902308375992666,0.14518937414819647,0.7734278946918175,1,2019,2024
GENE_00603,noise,2020.0,0,1,31,77,0.5943256728479616,-0.1884367085364323,0.5174038244261987,-1.9529916364004223,-0.16082867771878104,0.18699573521621551,0.5859752717645381,1,2019,2024
GENE_00604,noise,2013.0,1,0,14,77,0.5797069465443245,-1.4938302566814283,0.1613918712391856,-0.21984455429839483,0.8430273465396166,0.36280512479115695,0.6765570738051937,0,2019,2024
GENE_00605,biology_signal,2016.0,1,0,65,119,1.075331006074156,2.2807298430354064,0.5698777556890675,-1.276365427643512,-0.9460761958971086,0.22357223860095846,0.9330890147487237,1,2019,2024
GENE_00606,noise,,0,0,4,4,0.7118530192983717,0.055962949895770754,0.34925407874478104,-1.0221311311498433,1.1650341299050824,0.5444014454449665,0.31542790787786534,0,2019,2024
GENE_00607,noise,2014.0,1,0,12,67,-0.17076629571006174,-0.5871276636545554,0.7254510524711801,0.04709897993700224,-0.07281165417414115,0.6733717526309568,0.5108227589381852,0,2019,2024
GENE_00608,biology_signal,,0,0,3,3,-1.2357141587442353,-1.1143522079924697,0.4365668139469999,0.15386990776949516,1.778201925963411,0.9119886958374936,0.19653295186119826,0,2019,2024
GENE_00609,noise,2016.0,1,0,51,102,0.6345978342981977,-0.29462979605016065,0.3049603042614382,-0.8779951262457555,1.9547369255972789,0.5849967654878818,0.7138749711127161,1,2019,2024
GENE_00610,biology_signal,2015.0,1,0,9,60,0.12340095659354228,0.008655431994626595,0.4083336554278418,-1.0768565232487735,-0.3882660674702855,0.7642975242680996,0.29922660204773555,0,2019,2024
GENE_00611,biology_signal,,0,0,6,6,-2.267689748461105,-2.056640173458639,0.09957412612366141,0.07907996636786518,0.3144532722345915,0.8040585187722433,0.3034172335380491,0,2019,2024
GENE_00612,biology_signal,2013.0,1,0,24,83,4.097823439466826,4.299443597388939,0.9719365264825552,-1.6119285624282824,-3.456485124596128,0.23795346079370475,0.5190535812203663,0,2019,2024
GENE_00613,biology_signal,,0,0,4,4,0.02083239678985735,-0.09756487887444101,0.7189615283412345,-1.5118702650945677,1.4439949420568712,0.47917481030647036,0.09365229048680941,0,2019,2024
GENE_00614,biology_signal,2017.0,1,0,7,62,1.0790083327421403,1.4638183094761459,0.4469824777325233,0.07831035517558516,-0.2605370173527246,0.8352918068089132,0.28761427340002826,1,2019,2024
GENE_00615,noise,,0,0,4,4,-0.13012962149459467,-0.17081988743134321,0.6923431104724361,0.21860830650919508,-1.0282842120533402,0.8402830265210275,0.21249134243005907,0,2019,2024
GENE_00616,noise,2015.0,1,0,23,66,0.20744971126438483,-0.37035853691169174,0.4608851869421744,0.4817104458371331,0.22604343864907286,0.4030048047659705,0.6053111300590192,1,2019,2024
GENE_00617,noise,,0,0,9,9,0.6622766750290086,0.23928555144835706,0.2977783305556279,-0.8385741496102076,-1.3765459288523383,0.6535275553050188,0.38340394399505234,0,2019,2024
GENE_00618,noise,,0,0,11,11,-0.38135436228229214,-0.575550205718149,0.6344246915586883,-0.6789980415651761,0.1530972870606949,0.7170746775992043,0.7593464764421921,0,2019,2024
GENE_00619,popularity_only,,0,0,97,97,0.03837351898977884,0.11047190633033466,0.6820690069272636,-0.8622040131906206,-0.6779294111385132,0.49780545890073874,0.961710066325572,1,2019,2024
GENE_00620,biology_signal,2013.0,1,0,2,54,3.7890652209640643,2.048387401344786,0.9747390859409084,-1.9445538113387502,0.37883785760488986,0.042431061329266904,0.7771881963854491,0,2019,2024
GENE_00621,biology_signal,2013.0,1,0,16,65,2.0793701247219794,2.289239371126922,0.7455866479814207,0.33339325806394027,-1.8157587697595918,0.833686814418337,0.5995745929125875,0,2019,2024
GENE_00622,biology_signal,,0,0,20,20,-1.6967095883840058,-0.581340921100868,0.28391380923930026,0.4687118812172908,1.6663422862860995,0.16616888896531387,0.7614826143448218,0,2019,2024
GENE_00623,noise,2014.0,1,0,6,63,-0.010097307908803754,0.24566291423140957,0.32041570260125385,1.181788230482446,-1.8640822132546688,0.4213802257831493,0.7445756799433769,0,2019,2024
GENE_00624,biology_signal,,0,0,19,19,-1.3253693731475378,-0.7828375614364711,0.3123777344034663,1.0155697914667994,-1.1238600328761326,0.9335701840526767,0.506022907957673,0,2019,2024
GENE_00625,noise,,0,0,1,1,1.394147056382916,-0.44440943605400995,0.6763073960322215,-2.057027532910841,1.4512455406205518,0.5360845479576536,0.2558564499105763,0,2019,2024
GENE_00626,biology_signal,,0,0,16,16,-3.38455196926042,-2.5361856241866043,0.051356116669266746,1.7380193989797805,0.34069191487292305,0.8584369207453916,0.5731832010435404,0,2019,2024
GENE_00627,biology_signal,2019.0,1,0,30,87,0.8977083311941862,0.8377896725007195,0.7969073145399418,-1.107899287128304,-0.657711676891463,0.9420398578636967,0.8631635623175352,0,2019,2024
GENE_00628,biology_signal,2015.0,1,0,15,72,0.4515266146516801,1.1981983202763433,0.7999187769989012,-0.6158774459464478,0.27917307454003404,0.43973888003786465,0.3288823930647661,1,2019,2024
GENE_00629,biology_signal,2014.0,1,0,2,59,-0.5064896583431354,-1.6477992369246885,0.15711805924299696,-0.8915576256936273,2.3842202272692115,0.5928326044842801,0.31717577188019097,1,2019,2024
GENE_00630,noise,,0,0,9,9,-0.8034026892040731,-1.2540769458303136,0.26265793630669415,2.2294200158056037,2.244022623438422,0.7486554465615067,0.7109068692211077,0,2019,2024
GENE_00631,biology_signal,2013.0,1,0,19,72,1.025874087337524,0.3891121629972877,0.3694023265219983,-0.9410712353815786,-0.5615519981384761,0.15566315379588183,0.7900568393340908,1,2019,2024
GENE_00632,noise,2014.0,1,0,0,50,0.18511173307567735,0.2845657555948146,0.3805881052782077,0.024549690322158424,-1.5152100507700175,0.16454051245939336,0.535609074519982,0,2019,2024
GENE_00633,biology_signal,2018.0,1,0,22,69,0.5553235740465214,1.2594094100346835,0.6634306171782639,-0.12525021930084498,-0.7197332106682847,0.8333281733074599,0.6745825189390365,1,2019,2024
GENE_00634,noise,,0,0,6,6,-0.5372193181729753,-0.2589791735496847,0.4051511107506148,0.05694513796060592,0.38561735068672276,0.7994431833165525,0.6054301993599044,1,2019,2024
GENE_00635,noise,,0,0,11,11,0.761079972824168,-0.4732472898804891,0.3950882520797273,0.9551228772435782,-0.42665826988048594,0.3521828470830081,0.41629300835323124,0,2019,2024
GENE_00636,biology_signal,,0,0,18,18,0.2754023160463691,0.7125498203388276,0.5160962296315736,-0.372219981030033,0.4918118004801288,0.4596813621831159,0.6150293637885492,0,2019,2024
GENE_00637,noise,,0,0,3,3,-0.798401886497234,-0.0008780107553290895,0.4235268794465507,-0.43768591688986846,1.3711788622817014,0.3218350452490057,0.4581083875548391,0,2019,2024
GENE_00638,biology_signal,,0,0,1,1,-1.5122495598790922,-3.087221239535626,0.16153069119749827,0.7618256764002999,2.3249375622629507,0.9335887710732594,0.2243282174641339,0,2019,2024
GENE_00639,biology_signal,2013.0,1,0,13,72,3.022883204308835,3.2742470849168472,0.910134617409472,-0.8115356466241888,-2.6939884655604263,0.18856680794150824,0.39882698802747696,1,2019,2024
GENE_00640,popularity_only,,0,0,18,18,-1.1825986408010347,-0.43195198222159814,0.6539417793611372,-0.8759275912775644,-0.31772756311487627,0.6603189835458416,0.8826145210244155,0,2019,2024
GENE_00641,biology_signal,2012.0,1,0,28,79,1.5929930081547528,1.8450756120679968,0.7445519026689545,-1.1146431925341593,-0.23931183159700586,0.4700563503919771,0.8401681397752006,1,2019,2024
GENE_00642,noise,,0,0,1,1,0.629516284120157,-0.3496752443607019,0.24985231287847032,-0.30816235513259244,0.6966009285798861,0.43198374166994663,0.2842978729266026,0,2019,2024
GENE_00643,biology_signal,,0,0,9,9,-0.9907477244099118,-2.1726126339822995,0.15905823121244236,2.040220234552108,1.8874677778910005,0.9511325600598193,0.2261748512048947,0,2019,2024
GENE_00644,biology_signal,,0,0,11,11,-1.294310777406774,0.8184300885978055,0.19415791457000808,0.9334227621808033,0.5766463245828085,0.8744241784412385,0.6666572254716026,1,2019,2024
GENE_00645,noise,,0,0,7,7,0.35321990669747927,-0.5962986103657093,0.7059502943420974,-0.5641205381498597,0.907161499298712,0.48996587846388645,0.43529918370056425,0,2019,2024
GENE_00646,popularity_only,,0,0,28,28,-0.6297331205124732,1.3543408049215446,0.43032559895167216,-0.7689961354962228,-0.22891889121405418,0.6722527322332245,0.7501308551588506,0,2019,2024
GENE_00647,noise,2013.0,1,0,4,59,1.590826553513363,-0.2838774981913974,0.6546057729518062,-0.8048540164927241,-0.14273113917755986,0.6627300775627623,0.26935142211434404,1,2019,2024
GENE_00648,noise,,0,0,5,5,0.058312794663243295,-0.44297050090932255,0.24940001732034908,-0.02570454900207425,0.4510633306230985,0.7201985852123092,0.23658739124567682,1,2019,2024
GENE_00649,biology_signal,,0,0,13,13,-1.1642158586257079,0.332457521045449,0.20585240269228808,-0.13142317958365435,-2.05116041011865,0.5148307990008856,0.577268080489977,0,2019,2024
GENE_00650,noise,,0,0,4,4,-1.282272279440488,0.013298737507802638,0.21958782108088887,1.3488101523687641,-1.3963848852452885,0.5437314465565476,0.4015798827078306,0,2019,2024
GENE_00651,biology_signal,2014.0,1,0,5,54,1.9576741394184642,1.8628946279535759,0.8236474648978978,-1.4840901230425336,-2.5306653089662214,0.49992882401771027,0.6580064651728126,1,2019,2024
GENE_00652,biology_signal,2018.0,1,0,6,66,0.00019064301004230455,-0.7899354478918514,0.6447503540171898,-0.7425313034327272,1.2307025118401969,0.4109444746375182,0.20229301157943033,0,2019,2024
GENE_00653,noise,,0,0,12,12,-0.25019384823744684,0.030044123063831807,0.6484344499969338,-0.31483042183410814,1.1301122905960264,0.3509057140600474,0.8293316291961913,0,2019,2024
GENE_00654,noise,2012.0,1,0,4,57,1.5858417639152038,0.39096868778666377,0.349763628129512,-0.693244118059727,0.04020849993593634,0.14908371762234168,0.5053812126235616,1,2019,2024
GENE_00655,biology_signal,,0,0,2,2,-3.8113607479943714,-5.733513417864298,0.0034021055368304064,1.0664869755275856,4.888871794321495,0.9415200283708173,0.1757820867576123,1,2019,2024
GENE_00656,noise,,0,0,27,27,0.05848250836289195,-0.3979695515038368,0.41361714059883015,-0.8505136157432396,-0.3324812126993909,0.07393297069321039,0.9260771142978579,1,2019,2024
GENE_00657,biology_signal,,0,0,3,3,0.2034580421937794,1.2012981720324962,0.49956030847357236,-2.251743392347158,-1.7565387095183265,0.28730948782987503,0.2511585549437782,1,2019,2024
GENE_00658,noise,2016.0,1,0,12,62,0.5287627485521018,0.20754110071024487,0.7112281869110956,0.19985270156095042,-1.012352132753997,0.5725144498845063,0.5222075305268007,1,2019,2024
GENE_00659,noise,2022.0,0,1,1,47,-0.13302876611190523,-0.5109232658992267,0.41377036406254575,-2.1953373563962346,1.303779553332488,0.4455144001934026,0.07740253618137828,1,2019,2024
GENE_00660,popularity_only,,0,0,24,24,-0.17085496375824816,-1.2964142423142464,0.3290484467308894,1.1675801118555078,1.6070481258168523,0.341295260680043,0.7519876456078123,0,2019,2024
GENE_00661,noise,,0,0,3,3,1.0364548008319792,0.3964339398005578,0.6656093277908189,-1.7845893591013353,-0.08997172487243602,0.660508842601481,0.31724299028045655,0,2019,2024
GENE_00662,noise,,0,0,3,3,0.04938254132917913,-0.4474664014583511,0.2541582884700083,-1.5533303045619125,0.5812730808095166,0.8183460706804669,0.66856405556005,0,2019,2024
GENE_00663,popularity_only,,0,0,41,41,0.129880612513747,-0.633257895115733,0.3630347572876069,-0.5035395205854767,0.6316136415264249,0.29854330322031875,0.6891764537704642,0,2019,2024
GENE_00664,noise,2014.0,1,0,16,65,0.672911606908201,0.5006544950357031,0.775132953377072,-0.984487208375923,-1.0694611202740165,0.5656439151634073,0.4767682695164193,1,2019,2024
GENE_00665,biology_signal,,0,0,3,3,0.3614975468333952,0.4916382658668514,0.7735760948395632,-0.8071081360997949,-0.45284273379182816,0.5536853647290089,0.3239083709935609,1,2019,2024
GENE_00666,biology_signal,2012.0,1,0,7,76,3.0355540855397813,4.192418931477636,0.9442540217279771,-0.9797552161649635,-2.6075634752231163,0.04518437633844415,0.8168606277180221,1,2019,2024
GENE_00667,biology_signal,,0,0,17,17,-0.3974459391026832,-0.22482819294539724,0.3827639926006709,0.7836153421230285,1.6287874468378587,0.43089590036257525,0.7498535756971654,0,2019,2024
GENE_00668,noise,,0,0,2,2,-1.240112065681549,-0.06679888690653515,0.3697208897342875,-0.30243108394981466,-1.0367681160510087,0.3313005398215379,0.19257819046851823,0,2019,2024
GENE_00669,noise,,0,0,10,10,-0.50019038466033,-0.07712980276241493,0.7322440193171358,0.2592620806301153,-0.01824818681869521,0.5870898475269163,0.7742492603338542,1,2019,2024
GENE_00670,biology_signal,,0,0,21,21,1.3129126794201702,1.3221097171862917,0.8382758468988384,-1.2824419808985872,-1.4657917707640182,0.38868957470542204,0.3929565198005092,1,2019,2024
GENE_00671,popularity_only,,0,0,15,15,-0.8752702158379029,-0.35293066892546376,0.3467129993913459,2.7595845961708445,0.3045356169630296,0.31758344635876173,0.7720630472530646,0,2019,2024
GENE_00672,biology_signal,,0,0,3,3,-1.982702366122668,-2.1210623472531767,0.08293536076449666,0.5548563200939408,2.110987973592439,0.4438373828785925,0.1565826109332965,0,2019,2024
GENE_00673,biology_signal,2017.0,1,0,17,78,0.9493443762772243,2.072077523957355,0.7644789283205391,-1.7058672301632858,-1.2956700137717396,0.7180215596710734,0.20585433644661294,1,2019,2024
GENE_00674,noise,,0,0,2,2,-1.004118630887831,-0.5726783212812926,0.4509403063783992,-0.6714664451533272,-1.698512432781514,0.5563143384861741,0.5132266718931093,0,2019,2024
GENE_00675,popularity_only,,0,0,23,23,-1.1354608109592232,-0.3562056247881777,0.2311080626890893,0.43018025615464006,-0.6131647268413608,0.16533508051857282,0.6205246830136765,0,2019,2024
GENE_00676,biology_signal,,0,0,0,0,-2.8063482698803304,-3.890408722500324,0.041011456296069095,1.723507532672989,1.9644832625365094,0.9645451589460587,0.1621135879512244,0,2019,2024
GENE_00677,biology_signal,2013.0,1,0,8,62,1.8054088755180873,0.956150882150008,0.8913086378345769,-1.7758575825384422,0.22975742798817478,0.10192577749908496,0.6415466927082948,0,2019,2024
GENE_00678,biology_signal,,0,0,4,4,-3.9394157985435885,-3.897142702458954,0.021313609512776326,1.8475650801268708,3.5327995488371027,0.9820274265989274,0.4115791529172629,0,2019,2024
GENE_00679,biology_signal,2016.0,1,0,14,75,-0.354237634190543,-0.7603135788416777,0.4183286181888106,1.2474064928544037,-0.0907431479267076,0.7526693915089009,0.6632497340198897,0,2019,2024
GENE_00680,biology_signal,,0,0,4,4,-4.172582763119607,-5.702920987111309,0.10140057072909543,1.8097269437305363,3.803502125454457,0.9518477441741083,0.34933588504395147,1,2019,2024
GENE_00681,noise,,0,0,4,4,0.35082045278607443,-0.25779656882655105,0.37999341782371265,-0.29331666685811353,1.3487051045788507,0.24918327115443556,0.5032415315008931,0,2019,2024
GENE_00682,noise,,0,0,3,3,0.45766313399652225,0.21232311602251897,0.6919321445763122,-0.7481277813432631,1.4257247678644487,0.8575561255777475,0.381858798179389,0,2019,2024
GENE_00683,noise,,0,0,7,7,-1.9915451867216074,0.1750140329783476,0.30333882282853364,1.4273878163322535,1.8557836477818224,0.2051741087420208,0.4267670099542581,0,2019,2024
GENE_00684,biology_signal,,0,0,6,6,-2.6868365559628167,-1.4083139072754283,0.12254157878667467,0.6031984243304386,0.8556249393352723,0.31050959202773304,0.44350302357023175,0,2019,2024
GENE_00685,noise,,0,0,11,11,-0.09076436687071969,0.32519465012741866,0.5015951447728751,0.44132942154747345,-0.3569686685118625,0.43563008228781736,0.2720133681536827,1,2019,2024
GENE_00686,noise,2016.0,1,0,9,76,0.28928593908828387,0.2759249520715039,0.28512708016443733,-2.1918205023861295,-1.3621182940842629,0.8804223710951268,0.5450498962526339,0,2019,2024
GENE_00687,biology_signal,,0,0,13,13,2.5164595170989736,0.5593906025291848,0.7791724911096507,-1.5885753097450928,0.4947804052445392,0.8338029440663104,0.5114033663129754,0,2019,2024
GENE_00688,biology_signal,,0,0,16,16,1.823039465862725,0.6256466462283115,0.44173559989621086,-1.3005328416102868,-0.04108123771150862,0.04328343189470817,0.7314722567663688,0,2019,2024
GENE_00689,biology_signal,2017.0,1,0,21,69,2.3387744879912855,1.0629473193773515,0.7757640835187832,-0.18123802726476912,-0.9304992374752182,0.15924991997389196,0.9198726757408757,0,2019,2024
GENE_00690,noise,,0,0,2,2,-0.4998065558966176,-1.0901874791612727,0.6186378992781435,0.44864706131980747,0.9231333581949781,0.6949528131732037,0.305116965666525,0,2019,2024
GENE_00691,noise,,0,0,1,1,-0.9527877625789236,-1.1973860922453696,0.30922110869222985,0.5827765908069681,-0.086860149195095,0.2555089951662036,0.21909677074858241,0,2019,2024
GENE_00692,noise,2012.0,1,0,13,71,1.2631887866506488,0.26765163434962325,0.6746147845458831,-0.4772275288289531,-2.7271617021335417,0.3171287710524225,0.8014979920397365,1,2019,2024
GENE_00693,noise,2016.0,1,0,6,58,-0.41645257025956667,1.0731384321801054,0.6130959344989775,-0.854133896705779,-0.27201360431239097,0.3064992220261344,0.41790546081038643,0,2019,2024
GENE_00694,noise,2022.0,0,1,16,70,-0.5140932819552422,0.3669338833033741,0.4861240211640439,0.37359421980147095,1.564073637326258,0.6046057259808308,0.6681186357682095,1,2019,2024
GENE_00695,biology_signal,2012.0,1,0,7,66,4.8183598089804525,4.246052242868228,0.984242652709293,-2.487104349363703,-0.15017081259564025,0.08093027396990675,0.37787472676556577,1,2019,2024
GENE_00696,noise,,0,0,13,13,-0.42332410558216965,-0.02685548148728059,0.1956791367547343,0.7913460961467653,0.0535510845106027,0.4650548167498542,0.49132614572088884,1,2019,2024
GENE_00697,popularity_only,,0,0,10,10,-0.07964004982780132,0.0666139224402934,0.31564174588830857,0.3301961034932801,1.1690041593726128,0.20053635588797353,0.4388222934702688,0,2019,2024
GENE_00698,noise,,0,0,12,12,-0.13234501789637226,-0.025364466058767902,0.25383843706246817,-0.8564851118962211,-2.331262861504827,0.16664257621718154,0.572295251028955,0,2019,2024
GENE_00699,biology_signal,2013.0,1,0,9,62,3.6625897773617218,3.6609339177113336,0.844577662810196,-2.3917462133706646,-0.14397192946835125,0.061582029217601,0.9173984633402806,1,2019,2024
GENE_00700,biology_signal,,0,0,3,3,0.15710728690600062,1.2038931509509774,0.591025485529531,-0.020781878692664013,-1.3593300467060196,0.6925033523641344,0.07757005009061785,0,2019,2024
GENE_00701,noise,,0,0,41,41,-0.24663144144727875,-1.0548053281526426,0.4355546580084381,0.34865970123569046,-0.5285481397119837,0.26013134297449764,0.7063136812492188,0,2019,2024
GENE_00702,biology_signal,,0,0,22,22,-0.5048944921380807,-0.8299881252233218,0.3134921702847447,1.3253595262836544,0.8026484299849527,0.4847142713603871,0.6378069877936147,0,2019,2024
GENE_00703,biology_signal,,0,0,6,6,-2.279142981796326,-2.955521542188603,0.13282039445787142,1.4650148297914751,2.8047700234133184,0.798756510834556,0.23370473844679074,0,2019,2024
GENE_00704,biology_signal,,0,0,5,5,0.16980471715839396,-0.9819285878790834,0.3424038648375906,-0.7739030094875057,1.0788216732178926,0.3843028578529032,0.29990938785901,0,2019,2024
GENE_00705,noise,2016.0,1,0,9,58,1.5837716080882742,-0.5716925781989938,0.23198201251525977,-1.1935758198288244,0.15365822980884383,0.5216376717477572,0.7401199324278265,1,2019,2024
GENE_00706,noise,,0,0,7,7,-0.8597502245302662,-0.7028772492932792,0.39159340120056935,-1.136110602650005,-0.6840265078545382,0.7647567367527144,0.3271140236971166,1,2019,2024
GENE_00707,noise,,0,0,6,6,0.554285128707789,0.2658518486679977,0.6569896145968185,-0.7362530409045123,1.8092461740130992,0.5322954627280662,0.7178136259961062,0,2019,2024
GENE_00708,biology_signal,,0,0,1,1,-1.095111617130524,-0.2786659264674304,0.2749312500597201,-1.214474117401343,1.2896538501742238,0.12728652709768376,0.3418908196314929,0,2019,2024
GENE_00709,noise,,0,0,4,4,-0.09742349835521252,0.11201501885451959,0.6026511924181783,-0.6813609040100107,0.9858333223641687,0.4260576781146031,0.08369484725509889,0,2019,2024
GENE_00710,biology_signal,2014.0,1,0,7,56,2.0900655485258026,4.594573578736671,0.9409668661858324,-1.8447157147118847,-3.156785513399477,0.3202899144466516,0.7157106144110061,0,2019,2024
GENE_00711,biology_signal,2014.0,1,0,20,79,-0.49944698451450875,-0.36347390781433064,0.5683438025140881,0.39782870197688297,-0.5047188552357866,0.37405162816629833,0.7781692780355979,1,2019,2024
GENE_00712,biology_signal,,0,0,16,16,1.170043489335312,1.74336178891611,0.5745879170727083,-1.3472513633086538,-0.12859613575011986,0.42083045975526745,0.7974022496762079,0,2019,2024
GENE_00713,biology_signal,,0,0,4,4,-2.8300359066590315,-2.227271498345131,0.09395625692730568,1.2945682975881758,3.928354398939356,0.8626854175570282,0.39708062215271017,0,2019,2024
GENE_00714,biology_signal,,0,0,9,9,1.5010580676782195,1.6678416763223711,0.7124126654525045,-1.5307970036890244,-0.7704031343010321,0.5407108935324333,0.5191402581728787,1,2019,2024
GENE_00715,noise,,0,0,5,5,-1.262346783300184,-0.6561747045073565,0.775710285073524,-0.2869651081446203,1.0203281154021266,0.31080240672951664,0.17739581792701564,0,2019,2024
GENE_00716,biology_signal,,0,0,6,6,1.0854452411895659,0.4711628957059404,0.5938002598779882,-0.43930828409330486,-0.18980110530518157,0.21813156630237884,0.2747843131538329,0,2019,2024
GENE_00717,biology_signal,2016.0,1,0,14,76,0.448768423049993,1.7878558642864197,0.7325453548100531,-0.8708205559920337,-0.9116810321508144,0.31151108685148515,0.6672415872019496,1,2019,2024
GENE_00718,noise,2019.0,1,0,10,59,-0.21718551926698232,0.28807518465722254,0.5055793593256089,0.10861807693026487,-1.1117765252285972,0.5723016864489505,0.32410566554192355,0,2019,2024
GENE_00719,biology_signal,,0,0,4,4,-0.8758462935546334,-1.0351154594297098,0.4330383481503505,-1.1985011006978978,0.7151113722991727,0.5483248404191797,0.6698835706084442,0,2019,2024
GENE_00720,biology_signal,2014.0,1,0,14,63,3.2600877645396382,5.023627112757504,0.9883247244458112,-2.126593506249564,-2.7894383502904674,0.08432318459584645,0.6777857744917138,1,2019,2024
GENE_00721,noise,2016.0,1,0,4,63,0.003932747681290372,0.572040586098277,0.5389181215115283,-0.337043098480174,0.8058982586214248,0.36997212129396245,0.5025695370749276,0,2019,2024
GENE_00722,biology_signal,,0,0,5,5,1.785374311038187,1.3395539347359098,0.6438514500801151,0.44463105187545426,-1.7558097336304965,0.17026190263909052,0.3329653842809811,1,2019,2024
GENE_00723,biology_signal,2019.0,1,0,13,75,2.0189257597894956,0.764948336550133,0.8659337613406818,-2.484866873306342,-1.0211219858076703,0.6973499893925371,0.6651088863903458,1,2019,2024
GENE_00724,noise,,0,0,0,0,-0.04395959018128662,0.17436635366241404,0.380580124929455,1.4776168000670042,-0.12408539284864113,0.6018536254057338,0.16620566798192896,0,2019,2024
GENE_00725,popularity_only,,0,0,46,46,0.4596640798766799,0.0684256164589543,0.21325525916414179,-0.8095335472858892,0.5567291687507807,0.3065741415242437,0.7694817875201707,0,2019,2024
GENE_00726,noise,,0,0,23,23,-1.127438909653676,0.5641854298732614,0.44174758431907557,0.2503057451808102,-0.21678503101423272,0.4344182887685264,0.6560469023780297,1,2019,2024
GENE_00727,popularity_only,,0,0,11,11,-0.5794642460269719,-0.43409438851566884,0.4975383222848,1.9530084139820347,0.3156182736643825,0.4964916535231318,0.38356962250842985,0,2019,2024
GENE_00728,biology_signal,,0,0,10,10,-3.161742008815543,-2.168791846404633,0.2367096231987289,1.0482970158512457,0.5595770245818107,0.4806829448187424,0.6260577500131291,0,2019,2024
GENE_00729,noise,2012.0,1,0,11,67,1.9109293303372161,0.0717136185982607,0.7401036207817691,-0.7920082529858316,-0.616588640992163,0.3805149824258842,0.8201208570845046,0,2019,2024
GENE_00730,biology_signal,,0,0,4,4,0.273559955517649,0.40893036662513726,0.5529365004913382,1.452144865804929,0.39209073707826103,0.3864888689657371,0.3717810964351592,0,2019,2024
GENE_00731,noise,,0,0,3,3,0.6516876597347497,0.007608707275932103,0.4202250558398813,-0.8127548778348856,0.9703278536999562,0.9567102235285443,0.17911459765349122,0,2019,2024
GENE_00732,noise,2022.0,0,1,1,51,0.42327037441439186,0.3100413577016232,0.8556597686237836,-0.5010635900158326,0.37113766868560727,0.7750172634778416,0.1023718626121938,0,2019,2024
GENE_00733,biology_signal,2014.0,1,0,3,58,4.257258501557336,3.4633262031898906,0.9093593725821789,-0.08077382903974861,-1.0083466093342814,0.12673161578350348,0.6194650132266268,1,2019,2024
GENE_00734,biology_signal,,0,0,9,9,-1.6242176382625997,-1.3192390542475985,0.4444766553813448,-0.5345550380301883,-0.049993828128486406,0.4830898302941245,0.6155387230411897,0,2019,2024
GENE_00735,biology_signal,,0,0,5,5,0.4134877410810349,0.2503097479693421,0.2645449260076332,-0.24332781591182975,0.4153171179300018,0.5745347699953289,0.6186048756765652,0,2019,2024
GENE_00736,biology_signal,,0,0,3,3,-1.3249760810373967,-2.870902674900747,0.10880516198372642,0.8355809727743482,0.9814048458370274,0.8403987415940356,0.2778075281661336,0,2019,2024
GENE_00737,biology_signal,2018.0,1,0,1,44,0.5199961672764711,1.6018866650628862,0.6562221872597143,0.8095040472170509,-0.10902681972407502,0.17293592215052114,0.2457471395203157,1,2019,2024
GENE_00738,biology_signal,,0,0,8,8,1.0610982549700627,0.8172858563765584,0.48452611350712577,-0.517789109900363,2.183830013790624,0.4348861694104978,0.18278356756172634,0,2019,2024
GENE_00739,noise,2015.0,1,0,37,89,0.44283788434566373,0.5107140973079224,0.6308044554750446,0.4173121392962781,-0.12932552533627645,0.5297372128980922,0.814189444325562,0,2019,2024
GENE_00740,biology_signal,,0,0,9,9,0.022993769524426333,-0.08405651562766214,0.4031211787242046,0.6237821074184836,-2.0917826019508383,0.3715943896804792,0.5486607852146316,0,2019,2024
GENE_00741,biology_signal,,0,0,7,7,-0.10851445770430163,-0.8628492220959453,0.7439822460805392,-1.061680677431199,0.06439991786985999,0.05096558385219246,0.3688681003465547,0,2019,2024
GENE_00742,biology_signal,,0,0,5,5,-3.331321521300659,-2.0502875824490836,0.03703546514554807,0.1982130830559501,1.8097664437676864,0.9465201774967041,0.3728807109924347,0,2019,2024
GENE_00743,noise,,0,0,17,17,-0.28228918289869975,-0.8098225168239679,0.3032276136611604,-0.17338159353148874,-0.23256408712831655,0.5332260826750745,0.6079971283922592,1,2019,2024
GENE_00744,noise,2012.0,1,0,4,54,0.765381163678187,-0.26284780737080304,0.3416945212517759,0.012451966715070428,2.0090065352725004,0.8548818889736901,0.13240807469343913,1,2019,2024
GENE_00745,biology_signal,,0,0,11,11,0.5899052687594029,0.5203806102906603,0.3282844027428333,2.4120274570105456,-0.04657668790514838,0.7514312219080574,0.6152815515190714,1,2019,2024
GENE_00746,noise,,0,0,1,1,-0.31936517351840377,-0.4050635938503439,0.37503301796528093,-0.14327360240777243,1.6343860743449499,0.16512713005114224,0.08681384719213152,0,2019,2024
GENE_00747,popularity_only,,0,0,14,14,-0.5839805756301666,-0.787207094956603,0.39462163283798446,0.4615291330774433,1.1956172704545307,0.7948997930538839,0.3473736110757327,0,2019,2024
GENE_00748,noise,,0,0,6,6,0.5581067348250426,-1.1425912264952238,0.3960171748807597,-1.1807960720238027,2.0712441816739404,0.2205349458680904,0.5293134275707022,1,2019,2024
GENE_00749,popularity_only,,0,0,6,6,-0.7794539399149174,-0.5601763256053148,0.7735522667241942,0.29251896151673473,-0.09142635965130796,0.35710959019486976,0.6662001259576712,0,2019,2024
GENE_00750,biology_signal,,0,0,7,7,0.6752514849779478,-1.2966713154412906,0.6325288235012488,-0.08542969086578733,1.1177815891089071,0.48959131458816174,0.5947243007613697,0,2019,2024
GENE_00751,noise,,0,0,3,3,-0.9418428714118843,-0.21621974994933113,0.5882482243303939,0.6829434119333885,0.7623036487366726,0.417843587680124,0.5036527797577421,1,2019,2024
GENE_00752,popularity_only,,0,0,9,9,-1.8744371882928996,-0.40321776784599334,0.3925565211314667,1.4541217050225654,-0.04068294683708884,0.49110991009080257,0.32082705096397873,0,2019,2024
GENE_00753,biology_signal,,0,0,4,4,-1.0874453696947923,-0.947281949715379,0.6460881508491281,1.0725975194021249,-0.5262927840346213,0.5416250267252524,0.4847997814735953,1,2019,2024
GENE_00754,noise,,0,0,5,5,-0.29678166183049226,-0.8733262670296685,0.5465795181751573,0.859058406865629,0.5036114911788763,0.4250653973744483,0.23542234650376842,0,2019,2024
GENE_00755,noise,,0,0,3,3,-0.39320631734090494,-0.2953561622373202,0.6371524710565877,-0.8498486564073042,0.44291550078041186,0.29166359074447135,0.07583218446213134,0,2019,2024
GENE_00756,biology_signal,,0,0,14,14,-0.05314666686082897,0.6197576126103399,0.5868125318666197,-0.2688972407260886,-0.3883499594522978,0.6577574690789743,0.8567381495593092,1,2019,2024
GENE_00757,biology_signal,,0,0,11,11,-1.6258278620283144,-0.7547921177932773,0.329274944258598,2.145659540099695,2.1711178716463504,0.8911627313059884,0.23054417652207113,1,2019,2024
GENE_00758,noise,,0,0,13,13,-0.5783612087322775,-0.19591231541827436,0.45644317035369797,1.106758855654105,0.6370737861691825,0.5433022870067897,0.7634280866880432,1,2019,2024
GENE_00759,noise,2017.0,1,0,7,56,-0.3332436711925967,-0.13902520423813403,0.3164111174560079,-2.424467127259113,0.6042825346216828,0.5500064744449255,0.698014752965298,1,2019,2024
GENE_00760,noise,2014.0,1,0,11,65,0.17698496450192433,0.4384505513834499,0.6150653606571335,-1.6671365774777274,-0.16134837232050458,0.2928429282135833,0.7574871457645951,1,2019,2024
GENE_00761,biology_signal,,0,0,6,6,-0.7732254050882157,0.9069033453919183,0.309893156991792,0.19973183919701476,0.7940349874075003,0.3102966761912482,0.4207932543077632,0,2019,2024
GENE_00762,noise,,0,0,10,10,0.5129101013096541,-0.6004060722449908,0.7254134493411922,-0.48831061118657526,0.7840769991593386,0.20494096811575013,0.3983571631423358,0,2019,2024
GENE_00763,biology_signal,,0,0,14,14,-1.5883214386725915,-0.9041323540120396,0.07230317284389555,0.3428309229470498,0.12332105438144314,0.7967046373648087,0.6048665164403235,0,2019,2024
GENE_00764,noise,2015.0,1,0,19,71,-0.4962631207858569,-0.3501551442948616,0.5262083769269742,-0.6248000498344098,0.7207234097223716,0.16827468923239272,0.8814030461099612,0,2019,2024
GENE_00765,noise,,0,0,4,4,-0.5314846622377445,-1.0581064833791827,0.34703401636565584,-0.7673203113200552,-1.5141241805224075,0.4473840721431204,0.5408416817541584,0,2019,2024
GENE_00766,biology_signal,,0,0,13,13,-2.884499037425849,-4.377711395157109,0.04671930678584798,3.095941021127089,2.456375974994212,0.9021898409110812,0.30724013115928145,0,2019,2024
GENE_00767,noise,2012.0,1,0,21,69,-0.14434074423604293,0.8405319178589346,0.48272704989078175,0.14145372918745183,-0.00966496349908108,0.5970467387214169,0.6576258733029146,1,2019,2024
GENE_00768,noise,,0,0,7,7,0.6515110974098831,0.6662583793295541,0.4569191303680767,0.07346398758224504,0.9547295019624605,0.4082970520832014,0.5705522617914656,1,2019,2024
GENE_00769,popularity_only,,0,0,51,51,0.7541179044723748,-0.8320350639873627,0.5568234692029967,-0.3275991927417046,1.9907150727203975,0.3417635815663383,0.6248822710332932,0,2019,2024
GENE_00770,noise,2014.0,1,0,12,61,-0.4043546725002978,0.7590710589863197,0.3070553218469284,-0.03756909796528593,-0.5878523768228723,0.6964440423667791,0.6823592263562501,1,2019,2024
GENE_00771,biology_signal,,0,0,8,8,-2.0436587867774425,-1.6959231039770934,0.3460624744637566,2.292566741705474,0.3588536635242342,0.854588918111214,0.4676428533056982,0,2019,2024
GENE_00772,biology_signal,,0,0,3,3,-1.8214577122296896,-1.863318383322878,0.3942526383031164,1.826513648678279,0.7703419015110782,0.8340768097943653,0.1356273898551935,1,2019,2024
GENE_00773,biology_signal,2017.0,1,0,37,93,2.2372680465007866,1.0718991026158509,0.8441151557003259,-1.5432284706849884,0.4005384225523059,0.43940021273599367,0.47423505908513164,1,2019,2024
GENE_00774,noise,2014.0,1,0,5,55,-0.3663153016781411,1.0771296371256514,0.742251250394962,-0.009099370462088197,-0.8656171760636069,0.6618996596243341,0.43231871686901846,1,2019,2024
GENE_00775,biology_signal,2014.0,1,0,16,80,1.621348723779172,2.1994188449946828,0.7719136054994192,-1.3507492743325737,0.5994488734787091,0.14377156099262295,0.7080385284350995,1,2019,2024
GENE_00776,noise,2015.0,1,0,8,60,-0.021300588504390316,-0.010765252716318924,0.7412483376288879,0.010522316878177798,0.6173029571287643,0.18331625024080114,0.6356410890024341,0,2019,2024
GENE_00777,biology_signal,,0,0,3,3,-1.174965586432372,-0.7857628252483199,0.489600583048428,0.26114815524958845,0.9540322631943257,0.8368268425272231,0.6313375713650015,0,2019,2024
GENE_00778,popularity_only,,0,0,7,7,-0.3790314048326322,0.8609930574005904,0.4468278596633448,-1.871470296303225,-1.4212679951801395,0.44465600393529653,0.5384651014587486,0,2019,2024
GENE_00779,noise,2016.0,1,0,26,87,0.016350731034336985,0.8509333438629215,0.5568230576805202,1.2008805732980594,-1.2426013052415716,0.19337444650172664,0.8208475931316038,1,2019,2024
GENE_00780,noise,,0,0,6,6,0.3423035229286912,0.10494154197449596,0.580962556192018,-0.08383229776866569,-1.2186713611562237,0.5808366065347955,0.18619377822489255,0,2019,2024
GENE_00781,noise,2017.0,1,0,18,78,-0.2995472268372753,0.8724747300080203,0.7541779275640249,-0.41798223083655117,-2.2275973319401445,0.6282226305408366,0.6643052755409651,1,2019,2024
GENE_00782,biology_signal,2014.0,1,0,9,66,2.175295581813386,3.6599856257357692,0.9533024797648083,-0.13679921139707918,-3.24953602180969,0.15781155158365473,0.5985262363083216,1,2019,2024
GENE_00783,noise,,0,0,4,4,-1.1606245522906673,0.2865153025006829,0.6089726323882024,0.5187743732806219,-0.1869931907021074,0.08864953398953455,0.2975984584502356,0,2019,2024
GENE_00784,biology_signal,,0,0,5,5,-1.4439076568616953,-1.767943242515619,0.4159062976326685,1.4425711869644804,0.12622658808208131,0.7532166471687327,0.3932080953662827,0,2019,2024
GENE_00785,noise,,0,0,13,13,-0.5586490369137641,-0.6543322669721757,0.5232604738560656,-1.206496709244074,0.2327119676252129,0.11503273561749515,0.40575431025768166,0,2019,2024
GENE_00786,noise,,0,0,1,1,-1.7806450838803565,-0.5383443189363066,0.6084029518972807,0.3929429584525155,-0.640217296491495,0.5468665616506349,0.16048193212873998,0,2019,2024
GENE_00787,biology_signal,,0,0,16,16,0.45734346061194286,-0.49143817740588386,0.3432636803406978,-0.22944086984650652,-0.4721038890995661,0.8116370557689289,0.7401738358055566,0,2019,2024
GENE_00788,biology_signal,,0,0,16,16,-0.5209202886091849,-0.14495644219330667,0.4975164887601674,0.005821076338973413,-0.777478332949954,0.3539952949716745,0.5930338296109277,0,2019,2024
GENE_00789,biology_signal,,0,0,5,5,-1.581916168177921,-1.5816031594637425,0.33059620619264957,2.4818987791646614,0.2869429795495343,0.4148932857155414,0.5366769254856801,0,2019,2024
GENE_00790,noise,2020.0,0,1,9,65,0.8792661955113535,0.5465868298444989,0.580372570090593,-1.8681175766626439,-1.224511210891949,0.6310241546757017,0.9178677111738321,0,2019,2024
GENE_00791,noise,,0,0,2,2,-0.3957539743990586,0.2654925908621331,0.427767835836521,1.4214117154351793,1.5616595695631414,0.6219657897311618,0.2019367579781943,0,2019,2024
GENE_00792,noise,,0,0,0,0,1.0955524984092082,1.1089935250762262,0.4681141694534573,0.003969222917526605,-2.6687971137270297,0.6643535693841317,0.1491472649408397,1,2019,2024
GENE_00793,biology_signal,,0,0,6,6,-2.9507921653742013,-2.9082006558905897,0.06164269572891728,1.874185454885,0.2484621235774056,0.8582269372797077,0.36935588379409123,0,2019,2024
GENE_00794,biology_signal,2015.0,1,0,9,69,1.3623768567211643,1.865536833034577,0.6788103237580242,0.41667436064264196,-1.3873477137911565,0.46419749400983445,0.4342157616705536,1,2019,2024
GENE_00795,biology_signal,,0,0,7,7,-0.19249460893731296,-0.9922420710684842,0.2995288473823338,0.7634278620820756,0.23079762334897674,0.7258790692617835,0.5315116209381427,0,2019,2024
GENE_00796,noise,,0,0,24,24,-0.6151609788041534,-0.22575805034178667,0.7095643650289645,-0.9135150067701675,-0.5676687151909917,0.6754023818594274,0.43254744666726186,0,2019,2024
GENE_00797,noise,2014.0,1,0,11,65,-0.22042750087547497,-0.3498962458256456,0.4429017993572196,2.4781048991459844,-0.7693551723522517,0.8990268030019382,0.2906105663810046,1,2019,2024
GENE_00798,noise,,0,0,8,8,-0.7255338950598109,-0.6679953437631357,0.4173476180521613,0.1893611394471273,-0.45847888029161715,0.7762904373382385,0.3738457028425163,0,2019,2024
GENE_00799,biology_signal,,0,0,0,0,0.841983978143382,0.24764655763675453,0.4935664451348206,-1.0529744256378955,0.4088482687282654,0.5747633054597286,0.1264939175913682,0,2019,2024
GENE_00800,biology_signal,,0,0,17,17,0.8994071811124743,0.9018298064924741,0.3989595092270728,-0.3750262654580256,0.7104558500155297,0.2647461545147651,0.7431771697611852,0,2019,2024
GENE_00801,popularity_only,,0,0,26,26,0.20470631462743288,-0.847662718085863,0.6831555920119537,-0.6951701081839868,-0.4056810912359112,0.14145719404292262,0.8744506746930747,0,2019,2024
GENE_00802,noise,,0,0,5,5,-0.5281791045610009,-1.500426794139881,0.24205569792031092,1.9413482347177018,1.1513373094749535,0.4203737172808272,0.22858521026149303,0,2019,2024
GENE_00803,biology_signal,,0,0,10,10,-1.7828276663681455,-1.2682557786221422,0.33431646211574984,0.8838174199970543,1.4280883014705217,0.47572396039851444,0.6013971402817014,0,2019,2024
GENE_00804,biology_signal,,0,0,5,5,-0.9185924318124269,-1.083407731550252,0.32618944976458847,-0.8619271851014492,2.839062959957504,0.537915747490714,0.6890108460597792,0,2019,2024
GENE_00805,noise,,0,0,16,16,0.40336512049918827,0.11727408474890513,0.3703755898995318,0.19649478264215803,-1.0352264058247058,0.7067903143923877,0.7654496704758095,0,2019,2024
GENE_00806,biology_signal,,0,0,6,6,-3.5516565158180136,-3.0061132009221057,0.046611537216736346,2.340191054245224,2.0315911844753614,0.7062206001524554,0.1766651907499175,0,2019,2024
GENE_00807,noise,,0,0,15,15,0.18247579431185013,-1.1244279624404747,0.44453945707465203,-0.4900248195160599,1.584926643308488,0.10168549763639893,0.4918694636814086,0,2019,2024
GENE_00808,biology_signal,,0,0,8,8,-1.7641430714465596,-1.9861868141344707,0.48366863772021795,0.23255207413253043,-0.5410448850152223,0.7577387837256413,0.5569502782581461,0,2019,2024
GENE_00809,noise,2017.0,1,0,59,112,1.127446916619863,-0.08282570696011213,0.2967548741820688,-0.7401144053242545,0.23771145227999668,0.4909946681583105,0.9353353590591468,1,2019,2024
GENE_00810,biology_signal,2014.0,1,0,9,63,-0.13286597582690135,-0.7017401853462967,0.6732582308836458,-0.2352965282915594,2.096500688758264,0.7582051010354411,0.5359434471277819,0,2019,2024
GENE_00811,noise,,0,0,9,9,-0.9685026469717645,-0.18072736918297305,0.3899230802755909,0.5073759094944427,-2.340807159319527,0.7736131736405908,0.29718388967999687,0,2019,2024
GENE_00812,noise,,0,0,10,10,-0.28680851115448536,0.00147014075238458,0.6911573684840792,-0.963240928367668,-0.4068006428536099,0.8873685036747458,0.5631238657666978,0,2019,2024
GENE_00813,biology_signal,2013.0,1,0,14,72,2.824845107930001,2.1175173908334957,0.9315943144500213,-0.47201073159116635,-1.923740857162454,0.3520093382424459,0.7145798645406871,0,2019,2024
GENE_00814,noise,,0,0,9,9,-0.1373377461166882,0.08271319590923262,0.5390372866403442,0.1390589816487085,0.6662369040089761,0.12980497042340985,0.7009080766142713,0,2019,2024
GENE_00815,popularity_only,,0,0,35,35,-0.56281210375779,0.9199355500720587,0.32069574686894886,0.5041999524268063,-0.1323250280565042,0.5368031521001358,0.9075099139191488,0,2019,2024
GENE_00816,biology_signal,2016.0,1,0,4,61,1.4194835542534638,1.7779236210597276,0.8804201537139305,-1.676357459077976,-1.8372358632789394,0.4591411728645508,0.37950403946773487,1,2019,2024
GENE_00817,biology_signal,,0,0,2,2,-1.1152088876281387,-1.6336116557708504,0.17604941157223708,0.9075344370901334,0.5749324580473556,0.9022033348011509,0.09484378254041631,1,2019,2024
GENE_00818,biology_signal,2017.0,1,0,9,61,1.6285735458576789,1.8777946552018112,0.6138797414879062,-1.333627307820666,-2.8452744764270093,0.1600133026165738,0.6471031318813785,0,2019,2024
GENE_00819,popularity_only,,0,0,1,1,-0.7147221508285826,0.253037581986434,0.3329919641068628,-0.8670295527383318,-1.0064160209983428,0.7564420248586775,0.39822445286025976,0,2019,2024
GENE_00820,biology_signal,2020.0,0,1,2,60,-0.7478667393059124,-0.16372140799332596,0.2573966225749535,0.5764715149082944,-0.04334690850686218,0.7170226851584194,0.5531273294333691,1,2019,2024
GENE_00821,noise,,0,0,12,12,0.7707248838411038,-0.676914685931387,0.8058192400441361,1.0102588400918173,1.0759022257639372,0.6063399274197779,0.6047107778873637,0,2019,2024
GENE_00822,popularity_only,,0,0,41,41,0.0012323820143184117,-0.43150289658493135,0.6105612628873837,-0.3283621162938021,-1.0139725833101676,0.6898538335157713,0.8442226337435192,0,2019,2024
GENE_00823,biology_signal,,0,0,10,10,-1.5975012361982759,-2.268171265479702,0.1561805676236598,0.19646613234638033,0.8249827611980989,0.7352470967327038,0.48232949656636975,0,2019,2024
GENE_00824,noise,,0,0,13,13,0.1549065803772376,-0.13427196994924534,0.3358192006503325,1.8978530487772258,-0.20917870779946485,0.43247540123816697,0.6686543326220451,0,2019,2024
GENE_00825,popularity_only,,0,0,36,36,0.25913522595623123,-0.07199449930415328,0.644634014780927,0.06720088919472803,0.23965327667918224,0.899718683591387,0.7888663186719115,1,2019,2024
GENE_00826,biology_signal,2016.0,1,0,2,71,0.655806608246007,-0.407140629644534,0.42025343792172837,-0.5474243523000526,0.45406359750820346,0.6953966389509147,0.4216031055177927,1,2019,2024
GENE_00827,biology_signal,,0,0,4,4,-1.393627318180757,-1.8748302161366959,0.13014498789041506,2.1156085217117457,2.2800190632057777,0.7343557485075407,0.21772617964533472,0,2019,2024
GENE_00828,noise,2019.0,1,0,4,58,0.7966527456125967,-1.051056205844864,0.7092452170493785,-0.8758475564734769,0.6902454068276711,0.6644504599933169,0.767264918791799,1,2019,2024
GENE_00829,noise,,0,0,2,2,-0.2595119731273704,0.8813356665445078,0.5887496701562965,0.8191087246952402,-0.49258037347061473,0.4788173019311401,0.18206734292045795,0,2019,2024
GENE_00830,noise,,0,0,7,7,-1.4584135072022317,0.47326758916779516,0.23976203072918173,1.0158159048376278,-0.6261584312141195,0.8510942590505912,0.10627958075000248,0,2019,2024
GENE_00831,noise,,0,0,6,6,-1.2652663114772753,-0.13543389862463256,0.8354781412672437,2.557071634837467,1.1405985957280245,0.7760918878020362,0.5998299725930436,0,2019,2024
GENE_00832,biology_signal,,0,0,3,3,-1.817812359117554,-2.1713969520201855,0.25280551304013643,0.550212414496626,1.458920678492227,0.7857942382245592,0.2625441299553937,0,2019,2024
GENE_00833,popularity_only,,0,0,9,9,-0.28988530439657506,0.724682145037792,0.4196400950960151,-0.3775051170685937,-0.13879599778571644,0.9363983759903795,0.28086226584492574,0,2019,2024
GENE_00834,popularity_only,,0,0,2,2,-1.4640151747756742,-1.5403438776871679,0.44040387300438083,2.390927088594752,0.4571833940893152,0.5329951195401479,0.11365114748319938,0,2019,2024
GENE_00835,noise,2012.0,1,0,11,65,0.5340373555183846,0.9748561696261431,0.5830246078339673,0.6125898024808702,-0.13845914917049584,0.09660184693935649,0.7078175756756825,1,2019,2024
GENE_00836,noise,,0,0,28,28,-1.0342771867504439,0.9042093787458512,0.6609051547299107,-0.23148984112198034,-0.452035734452637,0.7645148254121256,0.40390905359833207,1,2019,2024
GENE_00837,noise,,0,0,11,11,-0.29217058746403474,0.37962949225871145,0.402649906986349,0.46110410095753973,1.159113401758577,0.5618587947687682,0.7824682605191531,0,2019,2024
GENE_00838,noise,2019.0,1,0,18,84,0.27448951178192843,-0.3816784016149668,0.8353953675183264,0.006152720503526776,2.733327211739981,0.5405507812770334,0.8175465688423597,0,2019,2024
GENE_00839,biology_signal,2023.0,0,1,13,74,1.6491113485949438,0.33653429223467457,0.5339042973545736,-1.8396888151719515,1.4834569876167747,0.5118417092546379,0.34659482232931677,1,2019,2024
GENE_00840,noise,2021.0,0,1,6,64,0.8378032870138726,0.2086209878849823,0.3670670540501108,-1.4406828337208069,-0.2767558082254485,0.3643954159573132,0.5833638744455775,1,2019,2024
GENE_00841,popularity_only,,0,0,4,4,-0.1759828832919361,-1.3749745968100564,0.6924973819021443,0.7818436063670439,0.4529639809637157,0.5916809046316781,0.4556059290018105,1,2019,2024
GENE_00842,biology_signal,,0,0,6,6,-0.77905053105219,-0.17508819584470786,0.6243283823213072,0.44369510416399827,-0.2505278548351869,0.5115400945272224,0.28702107902032176,1,2019,2024
GENE_00843,noise,,0,0,4,4,-0.006149941186846461,0.39406895856378826,0.7602400015880727,0.1633987671581401,-1.7946895830405207,0.37278019853734523,0.28361235303648374,0,2019,2024
GENE_00844,popularity_only,,0,0,3,3,-0.2667751636591567,0.22138942217387836,0.5188756789434118,-0.924054580460015,-1.525326483759478,0.2777605755087069,0.4101501680254149,0,2019,2024
GENE_00845,noise,,0,0,4,4,-0.7680950961005263,0.015530061799995165,0.4259859587033661,-0.6220036847568107,0.5006441002091402,0.5696515381650096,0.6198168160962338,0,2019,2024
GENE_00846,noise,2012.0,1,0,8,65,0.3427989118031006,0.21860140518121957,0.4188279217328756,-0.29981044992242667,0.08124045162571392,0.7725436921620303,0.8864253286091665,1,2019,2024
GENE_00847,noise,,0,0,10,10,0.29590129359711165,-0.34131369520655896,0.504488377853463,0.7956999722264604,1.2691607639556053,0.12600401228524877,0.567814644979366,0,2019,2024
GENE_00848,noise,2013.0,1,0,6,66,0.9184560354847975,-0.05004468712859411,0.5412721415439163,-1.6284259631076103,0.82418037790778,0.24006568856199864,0.427065872862171,1,2019,2024
GENE_00849,noise,,0,0,0,0,-0.27388209742984937,-0.8708718447584745,0.42409510556666274,0.5390521169043814,0.6345976606569435,0.4690239190156521,0.11568964457654711,0,2019,2024
GENE_00850,popularity_only,,0,0,38,38,0.4442194821579527,0.3177927411295459,0.5315361002496614,0.7375965291439727,-0.5781960808941031,0.4874331132811127,0.8004392032097902,0,2019,2024
GENE_00851,popularity_only,,0,0,17,17,0.2576844346765842,0.7210522247906843,0.39051729344980135,-0.3728241008736192,-0.7472516036026327,0.38012716756584297,0.5556783211316445,0,2019,2024
GENE_00852,noise,,0,0,7,7,0.565867624652838,-0.054596668379536195,0.4657570951184722,-0.522539652531362,1.0540609715505338,0.4640436848261073,0.45435209571444224,1,2019,2024
GENE_00853,biology_signal,,0,0,7,7,-2.035306435386957,-1.3676131002087426,0.42122355712306997,0.4691176552127323,-0.14148832824690405,0.7691599460768846,0.44686830419222234,0,2019,2024
GENE_00854,biology_signal,2022.0,0,1,6,69,1.078164642817554,0.7904481491306488,0.5528538638956507,-0.46908317813547357,0.7347819401037191,0.2805514946167146,0.616669694382597,1,2019,2024
GENE_00855,noise,,0,0,7,7,0.6276031805017144,0.5215440709444644,0.7106160993124395,0.19075434605300456,-1.925911940196508,0.2702546747026312,0.4917646139240121,0,2019,2024
GENE_00856,noise,,0,0,2,2,-1.5550559739791452,-0.9705037702884264,0.31332921802664176,0.17091643824713976,-1.0402883856796934,0.7072091512373151,0.06790591288642342,0,2019,2024
GENE_00857,biology_signal,2020.0,0,1,27,79,0.3558567449103877,1.5643900139404918,0.6817416396070607,-0.06463340382065051,-0.4688519129841171,0.4289531895916353,0.732374952437365,0,2019,2024
GENE_00858,biology_signal,,0,0,7,7,-4.86057461436743,-5.010670246161935,0.060624416112028894,2.4271526462752244,4.067030805985101,0.9482716863482684,0.28269508001651444,0,2019,2024
GENE_00859,noise,,0,0,2,2,0.4368254640732905,0.12643960126911188,0.7270449559883996,1.9193766637812737,-0.6644280108184013,0.44110495354604956,0.2974293781102473,0,2019,2024
GENE_00860,biology_signal,,0,0,48,48,0.3150913496608027,-0.4799058337267205,0.43526301841693965,-0.6103245291617351,0.07049648546098419,0.5623550851910095,0.8613140365138611,0,2019,2024
GENE_00861,noise,,0,0,4,4,-0.4530213064883509,-0.569328442321491,0.5542257795236544,-0.6268747884861425,1.588265061466908,0.25440160747729934,0.18160901436157761,0,2019,2024
GENE_00862,noise,,0,0,8,8,0.23528872561899833,0.20596096433163863,0.8150451163259628,-0.4574254642454097,1.0909063112922694,0.7352637679547493,0.552136537119963,0,2019,2024
GENE_00863,noise,,0,0,9,9,0.359539790627542,0.8780811604622647,0.4552087368075957,-1.1305195110217445,-1.200579705082435,0.361738028328222,0.4273843508016834,1,2019,2024
GENE_00864,noise,,0,0,8,8,1.465442754595244,-0.37971041723576765,0.6088863374349122,-1.9909029269972425,1.2331581839056336,0.3525329005010012,0.33989357653624136,0,2019,2024
GENE_00865,noise,,0,0,5,5,-0.010081767367627822,-1.148312001899816,0.31090564281684,-0.2135725445785386,0.9590738414268258,0.18836959732737993,0.10646295686449289,0,2019,2024
GENE_00866,biology_signal,,0,0,14,14,-0.6787449521703278,-0.9724001567266678,0.4523758928327396,0.690343598762074,0.22380091135077318,0.21398566483728948,0.4597834089691753,0,2019,2024
GENE_00867,noise,2018.0,1,0,8,66,0.4283501095894114,-1.385261432951385,0.3679221036983412,0.7613349188059093,2.409266725414197,0.3393716794368175,0.48020510205162514,0,2019,2024
GENE_00868,noise,2012.0,1,0,10,56,0.25325528970702127,0.7052314658216342,0.3443502444482471,-1.501011989516447,-1.294568316565638,0.4914151917847485,0.36106335569497744,1,2019,2024
GENE_00869,noise,2018.0,1,0,5,61,-0.26867423527873824,-0.015415650922822016,0.7475078354870306,0.4408571112729591,0.4396401982170123,0.8222496347064658,0.6890796254245017,0,2019,2024
GENE_00870,noise,,0,0,10,10,-2.04002668574552,0.017652727272341656,0.550461083419604,-0.3440913279383302,2.623606445597856,0.8747339726413762,0.22439727511570026,0,2019,2024
GENE_00871,noise,,0,0,5,5,0.027902664089072007,0.8780480696528511,0.6289301368578706,0.12504207747198126,-0.3687200311748862,0.8083561320975596,0.3462775993718544,0,2019,2024
GENE_00872,biology_signal,,0,0,9,9,2.366181347901095,1.3887457204937723,0.7250955798009117,-2.481836528668291,-1.5265778529023577,0.33032783865759424,0.3144677072294099,0,2019,2024
GENE_00873,biology_signal,,0,0,12,12,0.9230759785691194,0.2813881849482156,0.5205375263671344,-1.542745279506978,-1.0536485738454977,0.3452510902486732,0.4487794811195959,0,2019,2024
GENE_00874,noise,,0,0,8,8,-0.13851444022973025,0.7624085949431848,0.29220620454388,0.750793514564692,0.03357575314683109,0.371029458165915,0.3324893260262753,0,2019,2024
GENE_00875,noise,2013.0,1,0,12,73,0.6350852122677978,0.30270361677181845,0.648192441703932,-0.15306442387667502,-0.4696184526109864,0.5746209828387271,0.5365395138639436,1,2019,2024
GENE_00876,biology_signal,,0,0,15,15,-2.12282679144857,-3.505175780209668,0.20800585157272217,2.2400345185964685,0.8935721225984123,0.8809702132955821,0.27261460132636556,0,2019,2024
GENE_00877,noise,2013.0,1,0,3,55,0.8859152509372246,0.48276051132634734,0.6227065900219309,0.3007714726752195,-0.3297278579111892,0.7417897210721985,0.3190848396535568,1,2019,2024
GENE_00878,noise,,0,0,8,8,0.26181373942074293,-0.3211388007887568,0.3585467100805669,-1.9355014270110447,-0.6108581413925289,0.655613748883578,0.6473172950708284,0,2019,2024
GENE_00879,biology_signal,,0,0,15,15,-1.305537128302408,-2.1584369518821016,0.06502644351277044,-0.3516985543159389,2.265662246191513,0.771702954663365,0.35746539353057055,1,2019,2024
GENE_00880,noise,2012.0,1,0,23,82,-0.07296981176045696,-0.8868509882074831,0.8195632823810668,1.4108860025802978,1.7228556308401315,0.8023494872167339,0.5634824000046579,0,2019,2024
GENE_00881,noise,,0,0,2,2,-1.627953617435219,-1.3107331107089562,0.43715580432080775,1.8385425896620666,1.6793251099081608,0.423068757314175,0.141003935051444,1,2019,2024
GENE_00882,noise,2020.0,0,1,4,60,0.2525841456961464,0.23821685599672932,0.3990342768017423,1.175749267329741,0.41199320956592056,0.5085256723903605,0.7096674893812754,0,2019,2024
GENE_00883,biology_signal,2014.0,1,0,42,96,3.335541832211342,4.348417540709194,0.9618514501667429,-1.9794304773597113,-2.2682019833462537,0.05274368780998937,0.8416949111159516,1,2019,2024
GENE_00884,noise,,0,0,13,13,-1.0316768612454643,-0.3677616717568069,0.5939508914204511,0.6540894115702283,0.40946349558970013,0.5725593912902952,0.31353969073526056,0,2019,2024
GENE_00885,popularity_only,,0,0,17,17,-1.396678611660158,-0.44035475372818494,0.2813017131496193,1.671853371078471,0.9851821134684587,0.8517100383278803,0.3171772462939363,0,2019,2024
GENE_00886,noise,2013.0,1,0,13,65,-0.06636426485888436,-0.33502159343781024,0.6377600410566147,0.43581845537207786,0.9292134145290876,0.46167065267617335,0.4109262336315858,0,2019,2024
GENE_00887,biology_signal,,0,0,17,17,-0.4525362862292663,-0.4632487533256696,0.23077982370639497,-1.6484876939072561,-0.41933120159477655,0.8305497532036586,0.6159160983020564,1,2019,2024
GENE_00888,noise,,0,0,8,8,0.4775069181760318,-0.22687005590822928,0.44042852457754617,-0.814540041295605,0.24544808692519293,0.3240723071432653,0.3154453973328991,0,2019,2024
GENE_00889,noise,,0,0,13,13,0.5059819580729081,-0.47117750998082125,0.6961116423781285,-1.4800526830892806,-0.5063289903131172,0.722764969274312,0.7252240278375685,0,2019,2024
GENE_00890,noise,2017.0,1,0,26,80,0.5979822850273815,-0.34208177761224656,0.41640882129339796,-1.181573933223969,-0.5603736635312122,0.7256679082962836,0.845642339321407,1,2019,2024
GENE_00891,biology_signal,,0,0,2,2,-1.0124663315448776,-1.5227123989265166,0.17316375441444867,1.0717369998499864,1.8313821779427377,0.4581512029355828,0.16951762123562966,1,2019,2024
GENE_00892,noise,,0,0,9,9,-0.295244312877587,-0.6825845600571346,0.2636565580333398,-0.4671464064014158,0.73518906715711,0.6645345354942073,0.3801565494251904,0,2019,2024
GENE_00893,biology_signal,,0,0,3,3,0.20414388000686157,-0.6430654743895174,0.42160179362470407,0.5120173011489355,-0.05769910014646673,0.8865133458784265,0.08293649508287289,0,2019,2024
GENE_00894,biology_signal,2013.0,1,0,7,55,2.0957872342933426,3.4253821427235276,0.8643425796793611,-0.9034327185428684,-2.267469093914034,0.12541594946651596,0.8322310479729493,0,2019,2024
GENE_00895,noise,2018.0,1,0,12,75,-0.379333890057318,-0.275797145950151,0.5834764859733912,-0.9704449613292829,0.858872063348549,0.2815601249912802,0.6326507496519186,1,2019,2024
GENE_00896,popularity_only,,0,0,50,50,-0.30258360076083096,-1.9309619010265502,0.6497302151659797,0.36391790746822533,1.0424295346871155,0.1411109135577148,0.8467836418735895,0,2019,2024
GENE_00897,noise,2013.0,1,0,19,69,0.9575007570011301,0.03171696467341928,0.6530697952613108,0.08332359701655978,-0.8569473535081104,0.7042391951047728,0.741307626239895,1,2019,2024
GENE_00898,biology_signal,,0,0,4,4,-0.8658290303238794,-1.685077070867033,0.2102380570055693,-0.43142824725359175,1.3196422882919256,0.696469406264568,0.1739102829518026,0,2019,2024
GENE_00899,biology_signal,,0,0,1,1,-2.6603559617156347,-2.85202981195561,0.057872102905128335,-0.4893438033229822,1.776663150269842,0.7685760722567072,0.47164968870310536,0,2019,2024
GENE_00900,noise,,0,0,13,13,-0.30276350600575314,0.8131471079549011,0.6750677157546112,0.12140455491609356,-0.21136058797925814,0.24149059684192364,0.6426059652425106,0,2019,2024
GENE_00901,noise,2014.0,1,0,23,72,0.8737918183225413,-0.017469602725690064,0.4617879104100721,1.5431676800304461,0.6042200409584966,0.3049154156393911,0.6085574505281107,1,2019,2024
GENE_00902,noise,2014.0,1,0,33,82,-1.1653559375360758,-1.1489291702645739,0.22780240496969578,0.440942802740487,1.1165611416250751,0.9263818664517187,0.7175887131579696,1,2019,2024
GENE_00903,biology_signal,,0,0,1,1,-0.0844748558692483,0.1271526672226435,0.09889413370302294,1.3008872610340427,-0.6443506813618185,0.19201840179580612,0.2569683714124939,0,2019,2024
GENE_00904,popularity_only,,0,0,9,9,-2.158281192108891,-0.2110430712067806,0.5979816667127249,1.1653141926533734,-0.4969353014445313,0.8410114955571992,0.6579541205427463,0,2019,2024
GENE_00905,biology_signal,2015.0,1,0,10,64,0.2034591046264897,-0.06189060383245937,0.8061811062304336,1.6041339025880392,1.4153977037896248,0.5391008112707216,0.8248402198877677,1,2019,2024
GENE_00906,biology_signal,2012.0,1,0,12,69,2.3847450066213876,2.286386976845701,0.8934558856235398,-1.5014896495513255,-0.9128211896221397,0.050704650056844665,0.5361281899471289,0,2019,2024
GENE_00907,noise,,0,0,6,6,1.445971796433615,0.06802748770317393,0.6882092084515017,-0.46341860904075466,0.7667733673705239,0.7077644519276994,0.6348696677755363,1,2019,2024
GENE_00908,noise,,0,0,7,7,-1.877538094048505,0.8259222589300066,0.3551343257698238,2.0323904065965452,-0.25752120885595375,0.8371304862635436,0.33542393482475474,0,2019,2024
GENE_00909,biology_signal,2013.0,1,0,23,74,2.0401164801861307,2.6777820146752105,0.980459601011316,-1.315411109634496,0.5684238567412991,0.062076784669523946,0.8360867531867092,0,2019,2024
GENE_00910,noise,,0,0,2,2,0.36401525219385134,-0.9753306584826213,0.39141053180773805,0.4722273021257899,-0.34799310970154024,0.8509034741608567,0.4533905476603761,1,2019,2024
GENE_00911,noise,2016.0,1,0,5,72,-0.9095722034011271,-0.21324799417411325,0.7884107015173641,1.3500662270046595,1.2363613474847908,0.3876334349793692,0.2991086057440318,1,2019,2024
GENE_00912,biology_signal,,0,0,19,19,0.633673915337617,0.43287195110860444,0.6767815416997796,-0.813854207603425,0.8705961031833073,0.4537642186106931,0.3927773563599386,1,2019,2024
GENE_00913,biology_signal,,0,0,10,10,2.458876114858752,2.104948734040839,0.6874132586346748,-2.446920659984718,-3.8923118171060875,0.24745769238255994,0.7290610484583309,1,2019,2024
GENE_00914,biology_signal,,0,0,3,3,-2.4532284624536103,-3.1080320791123803,0.2598940266222685,2.247920810230155,1.949174874864041,0.6409337006197605,0.343686862100275,0,2019,2024
GENE_00915,biology_signal,,0,0,2,2,-2.420434370990556,-2.8750502069530426,0.14849490508720084,1.4186716786792337,1.140731607920109,0.7457420030138137,0.3786202307550512,1,2019,2024
GENE_00916,noise,2013.0,1,0,4,49,0.2825770974308355,-1.1020513224755346,0.5026138328262817,0.32133691685190613,-0.8763685771060172,0.22477478429057735,0.29276191578914185,0,2019,2024
GENE_00917,noise,,0,0,4,4,0.9207796110099514,0.17723830811637145,0.4703246742480265,0.16769675185475952,-0.7455519539648297,0.5183468088236859,0.4218287892759378,0,2019,2024
GENE_00918,popularity_only,,0,0,11,11,0.4783200439803681,-0.5120648024105885,0.23798440380115726,-0.18245858575193608,-0.85038580761066,0.7779841936843975,0.34927372351267505,1,2019,2024
GENE_00919,biology_signal,2014.0,1,0,10,65,1.9670680536451013,1.8727459543687657,0.7346341848998648,-0.6766292888130927,-1.289931686955107,0.4246995794870624,0.6496430263094295,1,2019,2024
GENE_00920,biology_signal,,0,0,2,2,-0.3709179279649829,-0.4419547225648665,0.6225121323799899,-0.44233282150971975,0.6706107053497607,0.8870202970532699,0.41578105877246785,0,2019,2024
GENE_00921,noise,,0,0,10,10,-0.22517769631926254,-0.3110299484195878,0.7275407790383028,-1.9511530064180174,1.8339443590302877,0.46307519506961564,0.7342137609807098,0,2019,2024
GENE_00922,biology_signal,,0,0,2,2,-2.299534617640664,-3.8886601251496575,0.06019078039184272,2.6419319746840118,1.8126737631052208,0.8720448787109947,0.18550535601881216,0,2019,2024
GENE_00923,biology_signal,2019.0,1,0,15,70,0.688098220305417,0.7013773229642756,0.5022575625249993,-1.1843519363265562,0.3848257118211953,0.30233320894350696,0.28637095223932996,1,2019,2024
GENE_00924,noise,,0,0,19,19,0.03555218458466619,-0.6826702981075987,0.6345178117077483,0.3859221060348195,1.768944661114972,0.8310906129717005,0.805255655474597,0,2019,2024
GENE_00925,noise,,0,0,15,15,0.12399975036883396,-0.3107911737926051,0.3358073324386498,-1.854889938313118,1.1330868032911519,0.6268622658661838,0.5387780220745336,0,2019,2024
GENE_00926,noise,2017.0,1,0,7,56,0.11514880195164562,-0.8873979092413081,0.7873656424284673,-0.579085703337925,1.3912215930305587,0.4649311398590448,0.7913804831922939,1,2019,2024
GENE_00927,biology_signal,2014.0,1,0,13,67,2.5674300354820536,2.0545148196690515,0.7608085476758728,-2.094195168883777,-2.131786198052672,0.5742104336002676,0.6254997973893944,0,2019,2024
GENE_00928,biology_signal,,0,0,10,10,0.21959430054803786,0.5769080704709968,0.5583214807736178,-0.4670924580356931,-0.8394209541359727,0.5503986249097816,0.8190283634031424,0,2019,2024
GENE_00929,noise,,0,0,7,7,-0.6290832980829835,-0.15848826562873097,0.4441807952780228,0.9380879577549102,2.0361798550179393,0.36688174516908034,0.7146132621737301,0,2019,2024
GENE_00930,noise,2013.0,1,0,9,64,0.11994758403748018,0.3941971056190435,0.7003667242424881,0.158729986407676,-0.385346064992774,0.6452986389721543,0.43920485928196606,1,2019,2024
GENE_00931,noise,2013.0,1,0,8,66,-0.4531759781481599,0.8659619195818333,0.6972908348131899,-0.7874818413164225,0.13985056417633313,0.5462030857683918,0.8462166152403398,1,2019,2024
GENE_00932,noise,2018.0,1,0,35,90,1.1798677404735474,-0.1928549321799037,0.661157213202555,-0.448861399279909,-1.0862130775356549,0.889434199148511,0.7726576872825337,0,2019,2024
GENE_00933,noise,,0,0,10,10,0.24201065704285638,0.11760430561479658,0.5985495984092295,-0.7559266215954761,0.8509813849733647,0.2622067767930992,0.4034491954769112,0,2019,2024
GENE_00934,biology_signal,,0,0,4,4,-0.05854114011873213,1.1628009437626106,0.6773649307391261,-1.226184837753402,-0.09084404952133007,0.4118725906822925,0.6633441675366951,1,2019,2024
GENE_00935,biology_signal,2018.0,1,0,8,68,1.6543374104353623,1.6209767577004008,0.7506552819683839,-1.7981707113057814,-2.149008900334918,0.13137080111904914,0.38806296609755075,0,2019,2024
GENE_00936,biology_signal,2013.0,1,0,7,57,1.2803507474271965,1.3881386306477994,0.7788745251976791,-2.1721553184891045,-1.8029448940033808,0.7437421127117065,0.7332476378802668,1,2019,2024
GENE_00937,biology_signal,,0,0,5,5,-0.20265088645217244,-0.35601767934275974,0.4901341485362212,0.07328735292700411,0.225443999585738,0.23121964253786081,0.09839494832324594,0,2019,2024
GENE_00938,noise,,0,0,1,1,-0.8873442389025106,-0.2708956194922884,0.4419723318420116,0.4411119106695328,-1.897709319078727,0.6401998986351501,0.3395018618736777,1,2019,2024
GENE_00939,biology_signal,,0,0,3,3,0.4510426069121201,1.1071727093710342,0.5390633029324995,-0.3639704127919724,0.3746546221540703,0.6053800738131417,0.169817489048094,0,2019,2024
GENE_00940,noise,2012.0,1,0,17,70,0.8378455582650587,0.02323895381302382,0.5707012630081132,1.2687784187609417,-2.4992116582462987,0.1279091580137453,0.8563848304424361,0,2019,2024
GENE_00941,noise,,0,0,7,7,-0.8391602451224316,-0.1976403005440347,0.5475266724513168,-0.4005958625418542,-0.5589547734370665,0.6505409661889754,0.5224695638990564,0,2019,2024
GENE_00942,biology_signal,2017.0,1,0,4,53,2.8574644982227877,2.307041932033524,0.9237891162519852,0.16649700134324252,-1.917379164429762,0.14650905571243608,0.30610700565856797,1,2019,2024
GENE_00943,noise,2013.0,1,0,6,63,1.0010517334147235,-0.16919563385801717,0.7515164012775554,-1.0964986117794504,1.6632582965531604,0.28266750791598755,0.6767363454871433,1,2019,2024
GENE_00944,popularity_only,,0,0,5,5,0.22762758528101296,0.35571382619707353,0.515254817822254,-1.5815263410709066,-0.5322585837660493,0.47369886550379636,0.8250586952300628,0,2019,2024
GENE_00945,biology_signal,2017.0,1,0,14,71,1.4883020914018597,1.994997295358339,0.5809538555599671,-0.9862299732614814,-1.241053653271804,0.2684924093912477,0.7658293640286552,0,2019,2024
GENE_00946,biology_signal,2021.0,0,1,8,62,2.697578224993083,1.8765020899386844,0.9782307921119736,-1.9826812274367522,-1.53035421265372,0.22091530553754807,0.5337896483236017,0,2019,2024
GENE_00947,biology_signal,,0,0,5,5,-0.1716150024747565,-0.11347793614365827,0.6814965750661924,0.3323902908942734,-1.0394805790430781,0.46182008652710527,0.5653319047189173,0,2019,2024
GENE_00948,popularity_only,,0,0,117,117,-0.23125098077595668,0.4398312576037469,0.45251378973450956,-0.8645758772419139,-0.07825093480582858,0.31864003204727215,0.9311730404242511,0,2019,2024
GENE_00949,noise,,0,0,7,7,-0.30401974964956546,-0.06899451158428434,0.38129443917065836,0.005901450845110484,0.2798710305826341,0.24820189378446605,0.51725647156181,1,2019,2024
GENE_00950,biology_signal,,0,0,4,4,-0.30745168960791935,-1.3580910477625605,0.6460707603544861,1.2141277448484686,2.0441346398101765,0.744405689596534,0.20131453063725546,0,2019,2024
GENE_00951,biology_signal,,0,0,14,14,-0.4999463144220919,-0.386219390144897,0.3696344274762879,0.48326880697920527,0.08559460111277015,0.12215031395621971,0.7886164197042546,1,2019,2024
GENE_00952,biology_signal,,0,0,5,5,0.5392898788693655,-0.23028492100141934,0.4728484501375967,-0.3038664285362397,1.509243954968716,0.788573376823569,0.14327408829707236,0,2019,2024
GENE_00953,biology_signal,,0,0,5,5,-0.37061588374287535,-0.7219045419542203,0.506801609924693,-0.4169015338366732,1.5619450784655804,0.20640368507818085,0.6915180423468936,0,2019,2024
GENE_00954,biology_signal,,0,0,7,7,-2.2660782194471363,-4.264273986221153,0.07078577825829421,2.116520121467933,2.7898867730077828,0.9056078039260782,0.45966290600491666,1,2019,2024
GENE_00955,noise,,0,0,10,10,0.9665362110052846,-0.2252902034612464,0.7394640514438899,-1.3362097692365666,-1.829585667314151,0.5687493456258409,0.4134998872738504,0,2019,2024
GENE_00956,noise,2017.0,1,0,12,59,0.13590090565110208,0.4331618725513681,0.46675480732494734,-0.02668766047608161,-1.654678302077545,0.6203921116393246,0.6719179129968041,0,2019,2024
GENE_00957,noise,,0,0,10,10,1.065724041101259,0.09161603973378592,0.49904628957577635,-2.5269790241410437,0.41249457113593285,0.6089122071610392,0.3070414834574719,1,2019,2024
GENE_00958,biology_signal,,0,0,0,0,-2.226033469132817,-1.6344151789476429,0.5119073882605295,-0.10174022477669364,2.7939584080451194,0.5143306030473374,0.6484192875099765,0,2019,2024
GENE_00959,popularity_only,,0,0,43,43,-0.7151336345387203,0.07552091522114131,0.6680818244656677,0.8078687684476062,-0.8630910085493306,0.10393350740804437,0.7603158405253521,0,2019,2024
GENE_00960,noise,,0,0,6,6,0.9301510451893937,-0.08334889637955566,0.5213216833677496,1.1365902166784343,-0.7161186308090196,0.5111381671724061,0.6025774155714854,0,2019,2024
GENE_00961,noise,,0,0,5,5,0.4463131061330498,1.1955534816045528,0.6448514598907152,-0.8931988161490384,-2.0633296336561973,0.6681153819797896,0.2913771859681195,1,2019,2024
GENE_00962,noise,,0,0,3,3,0.469628331298495,0.6246867438446886,0.6433019274701808,1.3059391078240277,-1.196015651491464,0.5757119489730107,0.4897475326337634,0,2019,2024
GENE_00963,popularity_only,,0,0,26,26,-0.6049093113830931,-0.775791630444971,0.37384608970854755,0.3225429832154559,1.6475592162911177,0.8751451289280701,0.8608651975725241,0,2019,2024
GENE_00964,biology_signal,,0,0,14,14,2.1780202601155327,1.6136243803359247,0.9059015588625651,-1.5984840950793928,-1.0602518758870374,0.15080812725895887,0.7506953941502658,1,2019,2024
GENE_00965,biology_signal,,0,0,22,22,-1.145864914629657,-1.3258052576696682,0.2761306018875615,0.3534587813874229,0.6708940623104874,0.5029555619959355,0.4431154717138088,0,2019,2024
GENE_00966,biology_signal,,0,0,6,6,-0.3570676745194734,-0.012872137897989688,0.48168822943860273,1.105331749527496,-0.8924838720949932,0.6202919739097351,0.269187501760005,0,2019,2024
GENE_00967,popularity_only,,0,0,16,16,-1.243313598225967,-0.7866728117295739,0.857001995521709,2.328688216203976,-1.0298115757948878,0.3002741049003598,0.4979235119892995,0,2019,2024
GENE_00968,biology_signal,,0,0,11,11,2.0871713168998154,1.9757095347485842,0.853149188185041,-0.3016997021713772,-0.9768311884304567,0.39974160138751463,0.30172796923836714,1,2019,2024
GENE_00969,biology_signal,,0,0,1,1,-0.9447378754776348,-1.0785778120681233,0.3669376782678568,1.14088047905221,0.5290790178759659,0.595784053313989,0.1256619495127734,0,2019,2024
GENE_00970,noise,,0,0,4,4,-0.523846461696161,-0.7582907647420041,0.4486049808076677,1.2205597761633822,-0.6108908916307855,0.3236412158441872,0.2319402048056876,0,2019,2024
GENE_00971,noise,,0,0,5,5,-0.026251549121157812,1.4175525141912653,0.2316489982671638,1.0910518865943082,-0.6653872723720673,0.3795831610055484,0.47538221064527436,1,2019,2024
GENE_00972,noise,2018.0,1,0,20,68,-0.4404195642156894,-0.8961881522046021,0.5968600983219781,1.0387316089702905,0.7138646949182603,0.49595106966783387,0.5952221803726865,1,2019,2024
GENE_00973,biology_signal,,0,0,29,29,1.0842784198630162,1.4988284334854252,0.6218778310700482,0.36614008282136445,-1.4757350209856246,0.07403404684007302,0.9337293865820929,0,2019,2024
GENE_00974,biology_signal,2013.0,1,0,17,79,2.821448097493709,1.6530020782820274,0.6963842233468869,-1.4805907671356366,-0.22205874752960275,0.10847611684032722,0.8302564225797798,1,2019,2024
GENE_00975,noise,,0,0,13,13,0.011253463656545101,0.5776206577889671,0.5029128179795807,-0.8092352523975119,0.14541194428068527,0.6521336854310349,0.8085728947309477,1,2019,2024
GENE_00976,noise,,0,0,17,17,-0.8537437213226631,-0.4363293572040433,0.45983868695677277,0.7427487533981282,1.5617092200650167,0.6107549792283894,0.654916610396174,0,2019,2024
GENE_00977,biology_signal,,0,0,4,4,-2.3279179587327157,-3.1672856293844047,0.07509807643291315,1.268085205027789,0.4534238650206679,0.6451026587472326,0.06146613629167789,0,2019,2024
GENE_00978,biology_signal,2017.0,1,0,4,63,4.648192947988445,5.697904856209619,0.9960180591706967,-3.8211509994841446,-4.627119672584038,0.1277330830344599,0.568947006658352,1,2019,2024
GENE_00979,biology_signal,2020.0,0,1,16,68,1.1120111319004118,1.3589647562907703,0.3825769343682545,-0.1169424545448508,-1.770898806179059,0.6263443982841647,0.6083202462159812,0,2019,2024
GENE_00980,noise,2012.0,1,0,33,94,2.121315587310165,1.0581052909317328,0.4655000187009205,-2.2191400672761894,-0.7839282327667023,0.14440354184707152,0.903791014211429,1,2019,2024
GENE_00981,biology_signal,,0,0,5,5,1.3260268002614124,1.2981367392397076,0.9017253907708791,-0.5455054549713058,-0.6661408281119945,0.0775557497229078,0.6667530942151527,0,2019,2024
GENE_00982,biology_signal,,0,0,8,8,-2.844892756884225,-2.413369809198085,0.39946970661406733,2.884440869118575,2.3077652996206472,0.549554248771962,0.26580305075413546,0,2019,2024
GENE_00983,biology_signal,2014.0,1,0,7,62,2.4483568881270807,3.693179371570545,0.7714064866618741,-0.6410406726286322,-1.1957680068027476,0.12634600447867655,0.3419279298981266,0,2019,2024
GENE_00984,noise,,0,0,3,3,-0.2720660640041752,-0.06381441414897922,0.5756632225888236,1.3429033519199933,1.127097214802506,0.3036200392557333,0.1246606127879427,0,2019,2024
GENE_00985,biology_signal,2021.0,0,1,9,65,-1.5343510015823176,-1.2177320190150498,0.14073652949235432,1.20402632462449,-0.2805614458188843,0.6451160356522727,0.4779628305674571,0,2019,2024
GENE_00986,noise,,0,0,6,6,-0.4517677933523601,-0.06165526681595775,0.6675634143518658,-0.0662150378964036,0.07851047620756452,0.7849273881980451,0.25554176375426285,0,2019,2024
GENE_00987,popularity_only,,0,0,60,60,-0.4245910880919711,-0.24407539338129247,0.3565925306888243,0.829994711381429,0.6345810726248046,0.3219948121628651,0.8186136826211492,1,2019,2024
GENE_00988,biology_signal,2013.0,1,0,4,59,3.387776878893688,3.317561432559218,0.9006781217045258,-1.3622275273880327,-2.2321311245942748,0.3930150923964728,0.3564629380536225,1,2019,2024
GENE_00989,noise,2016.0,1,0,10,65,0.8034567180639066,0.38471319455423697,0.6959110308419904,-0.8119333676576963,-0.7624276628216221,0.5905247794647352,0.31343998011253693,1,2019,2024
GENE_00990,noise,,0,0,3,3,0.7256843068686532,0.1005557033434541,0.3417035092257451,-1.5957477976120857,0.44622499469974336,0.37166347153887314,0.16047944010554124,0,2019,2024
GENE_00991,popularity_only,,0,0,25,25,-0.028006403586537443,-0.40455947340380116,0.6600436164867942,-0.7596769183607621,-1.3362834990797157,0.15167225808975046,0.8487339171366629,0,2019,2024
GENE_00992,noise,,0,0,4,4,-0.1933737303453515,-0.30952953332975397,0.6987851547947097,0.5771599440785496,-0.8965169468855962,0.23819701180208838,0.5986036161101762,0,2019,2024
GENE_00993,biology_signal,2020.0,0,1,16,70,1.4843162086049666,1.1742190642171562,0.5499927484986123,-2.5733553182288804,-2.525721111352415,0.7753772190501204,0.7176828303275282,0,2019,2024
GENE_00994,biology_signal,2015.0,1,0,36,91,2.383711025279843,3.42805073038487,0.8923451197523244,-3.163260738555745,-1.9772274278576458,0.1681183820555188,0.8363994214817586,0,2019,2024
GENE_00995,biology_signal,,0,0,2,2,1.386557292778397,2.1416228300315705,0.8659716427416054,-0.27212283327648923,-1.512042745805893,0.44103335295299256,0.34134708126903884,1,2019,2024
GENE_00996,biology_signal,,0,0,13,13,-2.565295101635864,-2.0274763665326505,0.028429050042338838,2.733959985095489,2.7122151200131155,0.8726156007099332,0.31406260018163606,1,2019,2024
GENE_00997,noise,,0,0,10,10,-0.2182685946005269,-0.9446439368983358,0.47417197997814103,-0.6279180858156992,-0.20655236926285725,0.9063659387058469,0.7050540884275471,0,2019,2024
GENE_00998,noise,,0,0,5,5,0.034984284149254585,0.40929103363471353,0.5092327870481963,-0.79651234096135,1.1523714449881206,0.2954858366733087,0.2857235214219944,0,2019,2024
GENE_00999,biology_signal,,0,0,1,1,-0.8208839046040715,-1.5748412766721043,0.10661745403801502,0.7913578018754754,1.0484333578693168,0.5562189571600518,0.28892384084126826,1,2019,2024
GENE_01000,biology_signal,2013.0,1,0,25,81,3.0877546650982253,3.0345823107608263,0.9528281982040647,-2.1327689790062325,-1.4593505329817307,0.21359765217980253,0.834468627519631,1,2019,2024
GENE_01001,popularity_only,,0,0,38,38,0.42532824958332793,-0.41549478981016197,0.31835910696657393,-1.9073148336422925,0.7924073578778593,0.12660902350865255,0.38623163121356613,0,2019,2024
GENE_01002,noise,,0,0,12,12,0.8689234401536684,-0.26996357423411926,0.45067211663531626,2.32030859494987,-0.7566817270630615,0.5147894343897771,0.7255715412783237,0,2019,2024
GENE_01003,biology_signal,,0,0,19,19,0.8478687146894683,0.8404296222698406,0.6045934773525311,-0.3571735961891597,-0.6764630147863201,0.8355077017562565,0.7130158543921544,0,2019,2024
GENE_01004,noise,,0,0,7,7,0.6964156062024307,0.27655449782059777,0.4420912443004802,0.5628434425323747,-1.398571950212688,0.22209381961739585,0.45985495355664713,1,2019,2024
GENE_01005,biology_signal,2018.0,1,0,19,78,1.2906709466436979,0.4040141393319693,0.6201903025172475,0.2032457355048669,1.2746277871472889,0.6621806445219803,0.8586238776189271,0,2019,2024
GENE_01006,noise,,0,0,3,3,-0.32288790818738966,0.4184267945575324,0.5881561104863456,0.5621483067357891,-1.7369335090563827,0.6517842789624048,0.08115483467879579,1,2019,2024
GENE_01007,noise,2013.0,1,0,11,74,-0.06256893493804416,0.8166964210703554,0.5498699849571319,-0.27601114121081155,-0.14443936999514645,0.5387972849284756,0.5500555223950727,1,2019,2024
GENE_01008,biology_signal,2012.0,1,0,23,77,3.2520173094860807,4.684856703204736,0.9714160204275776,-2.8692524432732203,-4.7815677787425805,0.19125424938990532,0.8517235184708115,0,2019,2024
GENE_01009,biology_signal,2015.0,1,0,8,58,1.848759033699288,3.095104108695067,0.904943445011689,-1.2458797001269368,-2.0020277839619958,0.3550035086451331,0.8361373820685769,1,2019,2024
GENE_01010,biology_signal,,0,0,8,8,-1.5879700523367821,-1.3643473681111238,0.2520301342630225,1.2601977659928778,2.2445175648295335,0.6376837017469303,0.27657614407293857,0,2019,2024
GENE_01011,noise,2013.0,1,0,6,58,-0.16124743650695494,0.7029036469401173,0.4145065935887532,0.27523630851036274,0.5297453363170133,0.17055355110907663,0.3541527430655306,0,2019,2024
GENE_01012,biology_signal,,0,0,5,5,-3.068045554167677,-3.4415942720586723,0.025002332039052437,1.2971495072731816,1.5031494023104606,0.9474718269529773,0.14818860026047648,0,2019,2024
GENE_01013,biology_signal,2018.0,1,0,4,66,1.7862717086247852,0.9423908830720595,0.5071741855568052,-0.9157039948899646,-1.6706495753475137,0.21261801599374328,0.7684610491370741,1,2019,2024
GENE_01014,noise,,0,0,2,2,-0.16619138605861888,-0.5076201335589227,0.5951510943052364,1.8519361850054368,0.08586761701331802,0.2778081658192312,0.16811912095431172,0,2019,2024
GENE_01015,noise,,0,0,6,6,-0.6125504892976155,-0.4711374830189156,0.4305514416063685,0.43908695986382107,-0.1213792955897367,0.44130225650521343,0.2903134329517539,0,2019,2024
GENE_01016,biology_signal,,0,0,24,24,0.598734482598586,-0.6236388001584302,0.5039631916928999,0.34916231025871436,0.49223223432056906,0.4364520801544502,0.6882585876489997,1,2019,2024
GENE_01017,biology_signal,,0,0,9,9,-2.154829000829956,-1.7632416568999503,0.24656939442302062,1.1184805953737171,0.08016283725631013,0.7448619753758114,0.3064196320641708,0,2019,2024
GENE_01018,noise,,0,0,13,13,-0.3191535133535993,-0.4878631962995855,0.3125248862647532,-0.8486581456298641,-0.7492953414112649,0.8399516031245436,0.7904961901989564,0,2019,2024
GENE_01019,popularity_only,,0,0,21,21,0.10912121059596253,0.4949298196168884,0.9089821924300423,0.8425124629898306,-1.22413064622002,0.8087924927831569,0.6186964032465302,0,2019,2024
GENE_01020,biology_signal,2012.0,1,0,84,144,2.745812660885265,4.358842249660549,0.9732492425071834,-1.467275819052195,-0.7362823717502105,0.5499291121556755,0.9606382355283882,1,2019,2024
GENE_01021,popularity_only,,0,0,12,12,0.2936798738344918,-0.25184378575311844,0.30883990210743034,0.5158015274018628,-0.5602171367024249,0.7226987698654654,0.4537565171379893,1,2019,2024
GENE_01022,biology_signal,2015.0,1,0,12,73,2.358099264786067,2.7858522847406135,0.646429194425589,-1.5850606533066476,-1.614140582564194,0.4449753950200477,0.438601677012295,0,2019,2024
GENE_01023,biology_signal,,0,0,2,2,-0.8468606375166317,-1.2274096964613612,0.17154665079267264,-0.3703297788359148,0.9215741117447052,0.8419319732037058,0.19142874622114914,1,2019,2024
GENE_01024,noise,,0,0,3,3,0.2877587905190091,0.0325432217455051,0.33562401469758635,-0.4116566714562322,-0.7123228193011276,0.32372003578960934,0.21835348509935218,0,2019,2024
GENE_01025,popularity_only,,0,0,71,71,0.5703590199638716,-0.34002487484142585,0.541447375043716,-0.9710088422698868,0.07171629969916543,0.4452225858938511,0.953704138745854,0,2019,2024
GENE_01026,biology_signal,2015.0,1,0,7,68,2.5442750920070782,1.775443332556642,0.7903511043563396,-1.4706261618603866,-1.9503630173767552,0.08808489327403547,0.5507096833268865,1,2019,2024
GENE_01027,noise,,0,0,2,2,-0.734717298516562,0.3564079157047865,0.2897830561106171,1.718468757813583,-0.7342285909340853,0.1988939062347559,0.4057923535541658,0,2019,2024
GENE_01028,noise,,0,0,7,7,-0.11826140539741264,-0.10533782053599003,0.4687490860515862,1.4809983758460945,0.49664832904330913,0.44318048208201405,0.19283858331478768,0,2019,2024
GENE_01029,noise,,0,0,11,11,-0.654083524816762,-0.1330817970218482,0.9343576922736718,1.9058014754540467,-2.145136776464718,0.33079164448410314,0.827118336687879,1,2019,2024
GENE_01030,biology_signal,2016.0,1,0,10,60,2.49928506538824,2.178319436527801,0.8807047221093636,-0.9401594273219189,-2.095680401686911,0.09303361907871029,0.6339338557064501,0,2019,2024
GENE_01031,noise,2015.0,1,0,8,67,1.099981974968728,-0.1530230429861246,0.5399159404911671,0.6111032515388375,-0.017195470781769265,0.152894559681199,0.6599484573127348,1,2019,2024
GENE_01032,noise,,0,0,1,1,0.9302835647163766,-0.4016632684102592,0.35992883690347105,-0.6314417518601703,-0.03951420648361549,0.8446479784299346,0.2080302491672406,0,2019,2024
GENE_01033,biology_signal,2018.0,1,0,9,69,1.3608303644661377,1.4488887150494811,0.6158083288610415,-1.1101176457197182,-0.6038448091366082,0.5956349050398625,0.42731772582162525,1,2019,2024
GENE_01034,noise,,0,0,9,9,0.7565381871105673,0.08744368464197196,0.5591784719746689,0.4093287486154931,-0.6806796651197665,0.7023130292284487,0.6919604921393574,0,2019,2024
GENE_01035,biology_signal,,0,0,10,10,-2.548583623941067,-3.6142503687886656,0.028595852540239858,1.5304437128810462,3.338593125507048,0.7259662889975326,0.23681809416070185,1,2019,2024
GENE_01036,biology_signal,2016.0,1,0,16,73,1.3716191643833973,1.7819605021391163,0.7220520852882513,0.6298836129435852,0.6794930764882872,0.24591843748137351,0.8053819408448836,0,2019,2024
GENE_01037,noise,,0,0,8,8,-0.31241125032813527,-0.8359588370642586,0.3244174624067994,-0.00690245398647407,0.4252366151355879,0.5309320474186772,0.6361689671340727,1,2019,2024
GENE_01038,biology_signal,,0,0,4,4,-1.7415435549519342,-2.692309214729122,0.12532184387288822,1.290966042323862,1.7303477368438864,0.7029482389934542,0.07813367078275814,0,2019,2024
GENE_01039,noise,,0,0,25,25,0.3216002721271949,-0.24798513231736666,0.4467658498735945,0.9023912113810127,1.9329451904181878,0.4771211079162889,0.7783510733112933,1,2019,2024
GENE_01040,biology_signal,,0,0,9,9,-0.9354074790248443,-0.4206121089243908,0.28235713788550665,1.112220125021854,-0.39088648625362765,0.3951102742274453,0.5877466359591769,1,2019,2024
GENE_01041,noise,2012.0,1,0,13,64,-0.4802394012632728,0.7928425118921314,0.6118877717696816,0.2690983724858587,-0.11493032654454882,0.36893656471344183,0.40479864895981316,1,2019,2024
GENE_01042,noise,2017.0,1,0,23,75,0.3456414612061895,0.11352202438987403,0.6990622937251658,-0.2642939855494173,1.5997930727376584,0.6565633386422083,0.6407662757225188,0,2019,2024
GENE_01043,noise,,0,0,0,0,-0.08455198228828453,0.28431812538787776,0.49398429080640577,-0.028036859385697596,0.11979767094196489,0.443329725806668,0.20604668373843082,0,2019,2024
GENE_01044,biology_signal,,0,0,18,18,-2.216393342535006,-1.9241552488453857,0.19405781199262692,0.9342264119695072,-0.12744371729320925,0.544553380170894,0.8231351215462717,1,2019,2024
GENE_01045,noise,2024.0,0,1,14,67,0.6423240814400566,0.2667784384257652,0.3962605783877836,-0.8410229000268002,-0.6174074260704976,0.6444237363502711,0.49660137874613786,0,2019,2024
GENE_01046,biology_signal,,0,0,7,7,-1.4087337759516352,-1.4273630090193234,0.15214860142495978,0.7164917623698398,1.9251527970796996,0.5986363951478548,0.722403732069425,1,2019,2024
GENE_01047,noise,2019.0,1,0,2,68,-1.1699200276413668,-0.09567409061792018,0.5553160995297518,0.912669593979441,-0.040488317514061345,0.14257518699059196,0.30994881959624937,0,2019,2024
GENE_01048,noise,,0,0,5,5,0.3030453437488523,-0.6608336615287425,0.7039023951518362,0.17340960250300708,-0.10537347660845686,0.4178869859780769,0.4608558580893662,0,2019,2024
GENE_01049,noise,,0,0,3,3,0.10607464323450488,0.19789618183924823,0.565933123316384,-0.10564952715323941,0.8251145545151723,0.4677275420675021,0.5794279192596361,0,2019,2024
GENE_01050,noise,,0,0,2,2,-0.22433945481453788,0.04669050893164717,0.37005305814749606,-1.6657755500227813,0.8815656021199239,0.4538355596598142,0.1707397461684798,0,2019,2024
GENE_01051,popularity_only,,0,0,24,24,0.3932696506152888,0.5863073823347841,0.5186028006583189,0.6963801195919372,0.0482500005103238,0.6339046426818111,0.46403755012998926,1,2019,2024
GENE_01052,biology_signal,,0,0,4,4,-1.3537501800273983,-0.1126290152184824,0.23193185116343762,-0.44109235193655616,0.21001922145665575,0.5028800034702207,0.46845013086078546,0,2019,2024
GENE_01053,biology_signal,,0,0,2,2,-1.2664571745231676,-1.4379179901353174,0.655635621802651,1.9593665633058868,1.480647957360612,0.8631568982943914,0.30129296739344,0,2019,2024
GENE_01054,noise,2018.0,1,0,5,53,-0.8657921795001658,-0.17894670793590972,0.2981477056926672,0.2715237409260308,-0.9030873325695509,0.6962885302874257,0.301624346971296,0,2019,2024
GENE_01055,popularity_only,,0,0,24,24,0.4610468542723528,0.6391538146034017,0.5789675478224903,0.7758744951554412,-0.6774373104459902,0.43779632784717204,0.5264971912443929,1,2019,2024
GENE_01056,popularity_only,,0,0,8,8,0.4210088729847855,-0.5705587202865758,0.3414888690865434,0.6215593050393784,0.18660851470356898,0.4941998734054945,0.19861789286526227,0,2019,2024
GENE_01057,noise,,0,0,10,10,0.6055621685712144,0.675975044781081,0.46924865869927723,-0.9655432999915263,-0.9346481076639659,0.18377135835856828,0.39822748994766966,1,2019,2024
GENE_01058,popularity_only,,0,0,22,22,-0.5423975113171995,-0.03641278521281992,0.21568056916437664,0.7065496926133482,0.9718566586676937,0.5975423109637565,0.72610587735054,0,2019,2024
GENE_01059,popularity_only,,0,0,2,2,-0.8855656615674173,-0.28865810595651525,0.2925202665406247,0.24046461736618951,-0.2997916747918804,0.9014089562925288,0.3325136452277448,1,2019,2024
GENE_01060,noise,,0,0,2,2,-0.957658956367437,0.46635118350650584,0.4338575771304124,0.7304331340927113,1.5346387187821438,0.1840873716993379,0.15530986904029528,0,2019,2024
GENE_01061,noise,,0,0,5,5,-0.023481779445188575,-0.5013900845767341,0.6015158967429878,-1.6743750814704077,-0.9971406511546034,0.4439552883812361,0.44904954515026607,0,2019,2024
GENE_01062,biology_signal,2017.0,1,0,13,63,3.0203964454908303,3.3972596386187788,0.9245133867918375,-3.2277311944897806,-0.6208500922931364,0.15429184777306698,0.5287737300714767,1,2019,2024
GENE_01063,biology_signal,2013.0,1,0,7,59,2.6111947765371473,3.0155001696002404,0.5544098923504094,-1.0010253290956777,-1.6083754784322952,0.6610967673596493,0.27110448417713795,1,2019,2024
GENE_01064,noise,2012.0,1,0,10,67,-0.4374312625033313,0.18808564289162022,0.5191011860447015,2.017976597500162,0.14716570468224788,0.5615960825527961,0.8247300323970335,1,2019,2024
GENE_01065,noise,,0,0,8,8,-0.049193497347776484,0.29318439687387504,0.38320597245179666,-0.5745642680535236,0.09203084461346157,0.6284329859337141,0.7599034014978526,1,2019,2024
GENE_01066,biology_signal,,0,0,7,7,0.32692950609389326,0.21808519326968737,0.2241756080836311,0.14564447429552274,1.2173599714532792,0.6346920431816242,0.2704597434646755,0,2019,2024
GENE_01067,noise,,0,0,8,8,-0.8078824602163914,-0.18057885761789869,0.5429995765780492,-0.4198160190373761,0.8277268871674239,0.7356086511084071,0.3907048644742188,0,2019,2024
GENE_01068,noise,,0,0,0,0,0.27558797036280525,-0.43798963639356625,0.43779973686914686,-1.4026090453714637,1.2627096173971528,0.8105826732370308,0.08139975175726329,0,2019,2024
GENE_01069,noise,2016.0,1,0,11,65,-0.2765067310784398,-0.3276747674676357,0.44161881440589734,-1.3107792874050677,1.0511401413925063,0.6123636716463715,0.4897537964804557,1,2019,2024
GENE_01070,biology_signal,,0,0,8,8,-0.6800545100283559,-0.9763705034227506,0.3750790481410717,1.1369608377631257,1.4362578129357713,0.5822461249253744,0.5164045352894617,0,2019,2024
GENE_01071,popularity_only,,0,0,18,18,0.13468293514936036,-1.0209695010346624,0.4199594908999333,0.39479183611776947,1.4465604383166335,0.4477300491234783,0.6078236389829267,0,2019,2024
GENE_01072,noise,,0,0,1,1,-0.2944659904811515,-1.2428484619089664,0.3329073826453594,0.46844698821237396,0.9555417907988362,0.3222592696856885,0.3491772210414092,0,2019,2024
GENE_01073,biology_signal,,0,0,16,16,-0.0697678335920191,0.4139521170764089,0.6053614005761769,-0.2007959899234579,0.5302909233473623,0.5267138154138993,0.7469912510335758,0,2019,2024
GENE_01074,popularity_only,,0,0,29,29,-0.34463187494414704,-0.33777376805751425,0.43933006453081397,-0.081667001100591,0.1760317936484792,0.257719928419836,0.5823454714576541,0,2019,2024
GENE_01075,noise,,0,0,11,11,-0.7675429899384565,0.07525400205012378,0.5315564047388,1.6292098272745246,-0.04500467682089575,0.5955693552974494,0.31770952718649587,1,2019,2024
GENE_01076,noise,,0,0,6,6,-0.7673718919644201,0.4364980819908887,0.4541657261771203,-0.11779871456054153,-0.784801973535462,0.16411349762433872,0.7431789492717912,1,2019,2024
GENE_01077,noise,,0,0,14,14,-0.9461141085595385,0.0732398975590276,0.4599189200229658,0.4646003016325423,-0.5915003407575092,0.4513232902065276,0.7732526411459723,0,2019,2024
GENE_01078,noise,2013.0,1,0,16,72,-0.25675442455215586,-0.03850986114831301,0.5379270944522379,-1.4910827001651008,0.28801031528780435,0.4189449397850243,0.8526859742619203,1,2019,2024
GENE_01079,noise,2012.0,1,0,3,63,0.23924988261198094,0.3917511066362531,0.3223402248564249,-0.24572932316866802,-0.1402362719553662,0.7981443592002827,0.3012535675715601,1,2019,2024
GENE_01080,biology_signal,,0,0,3,3,-1.8715448787291586,-0.8452844348913529,0.1341401907718683,1.0719908092393329,2.169828970940739,0.6897474623571432,0.11759692584889796,1,2019,2024
GENE_01081,noise,,0,0,8,8,1.1264516609953585,0.26434727523812096,0.43588963963220534,-1.420339992834491,0.8340010464356443,0.394705021336543,0.3776399747355132,0,2019,2024
GENE_01082,noise,,0,0,10,10,-0.6882044482186114,-0.11021647096162669,0.6828910552420836,0.9786603780468318,1.2552238024281674,0.5296618166143486,0.7373540106253317,1,2019,2024
GENE_01083,noise,,0,0,7,7,-0.29653264583584593,0.7086775837627279,0.7351901189967797,0.17581942805403347,-0.9707690690387647,0.7682202365205087,0.541955414816712,0,2019,2024
GENE_01084,noise,,0,0,15,15,0.45001701724697485,0.4055690957521376,0.28540209486579154,-0.05682957194874372,0.31697120578658206,0.4046771586779835,0.5787056900497489,1,2019,2024
GENE_01085,popularity_only,,0,0,6,6,-0.09185266644851647,0.03826064395606141,0.5104564274795251,0.3313397064668328,-1.6902654700869248,0.5047890012168436,0.2522204646205143,0,2019,2024
GENE_01086,biology_signal,2020.0,0,1,6,57,1.7024934634199302,0.7244338272351731,0.20655017444389448,-2.170494630648369,0.401919901972195,0.20752382264012068,0.5243237118471672,1,2019,2024
GENE_01087,noise,2017.0,1,0,2,58,0.4231626552820365,0.2343413880894153,0.1664999276857198,-0.6364234883950372,0.6082470273300852,0.6884917758068774,0.1037989087846886,1,2019,2024
GENE_01088,noise,2012.0,1,0,86,142,0.2541813563171781,-0.03241675198952071,0.6956640788621687,-0.06852631797720213,-0.28410259154800743,0.3848861590960535,0.952266034470639,1,2019,2024
GENE_01089,noise,,0,0,9,9,0.8842383004844395,-0.12116510452919428,0.3537414864360798,0.9639441722596775,1.0692527327613712,0.34505974384143256,0.6008009762478215,0,2019,2024
GENE_01090,noise,,0,0,2,2,0.8304760312777746,-0.6839732433853054,0.5112567239563617,-0.6702529322184785,0.9775161308926082,0.6887797063902955,0.4764639106412232,0,2019,2024
GENE_01091,popularity_only,,0,0,41,41,0.4931549420408268,-0.8391483410503227,0.40285549801478354,-0.03301005036878846,-0.2806082720952004,0.20221646713964495,0.8783436655655814,1,2019,2024
GENE_01092,biology_signal,2014.0,1,0,11,69,3.5814785739720145,2.6612530588130876,0.9360978134940192,-1.202225795206717,-0.2986594014464654,0.047888303856243986,0.5092537850049663,1,2019,2024
GENE_01093,noise,2012.0,1,0,5,74,0.9300285200921541,1.3073071050721905,0.6705907672666152,-0.24791825751754554,-0.9304670664366621,0.4977949696700026,0.5910466156270914,1,2019,2024
GENE_01094,biology_signal,,0,0,2,2,-2.689415646101392,-3.754069733682106,0.05563122461063411,1.7581680861251818,1.8640271477464387,0.8194198995895151,0.14973059114987539,0,2019,2024
GENE_01095,biology_signal,,0,0,17,17,0.7257821527875892,-0.1565456127508581,0.4212742100932593,-1.0084238092026827,0.024852222838623025,0.7271941511131339,0.8798750223247974,1,2019,2024
GENE_01096,biology_signal,2018.0,1,0,11,63,-0.47491536262231054,-0.5776073791681557,0.5038094976263287,1.307326682371848,1.0650186427414918,0.18165358849916963,0.3871774760279756,0,2019,2024
GENE_01097,noise,,0,0,6,6,-0.17845279993151938,-0.030429688304532382,0.4745410664346032,1.982363508088268,-0.2094078216261065,0.7196074096681537,0.28555408688168515,1,2019,2024
GENE_01098,biology_signal,,0,0,21,21,-1.4685976247359924,0.15142145499357418,0.41647281111110906,-0.7770809536635334,-1.9593412487965767,0.1903546599743583,0.9092896292591054,0,2019,2024
GENE_01099,biology_signal,2014.0,1,0,1,52,1.3072806874813296,1.601424261398629,0.7819245169468184,-1.4241186787304474,-0.888990798022315,0.16055178976280937,0.762675890606482,1,2019,2024
GENE_01100,biology_signal,,0,0,22,22,-1.5957427749368405,-2.484287181470534,0.20319613643778328,-0.3277130914471853,1.6973567431472856,0.648320923052638,0.657838422566608,0,2019,2024
GENE_01101,noise,2015.0,1,0,11,60,0.009959396282297694,0.3316365731591359,0.6931902639823679,0.4057083893745622,-1.1457119808041516,0.5174911164745002,0.5596607987438905,1,2019,2024
GENE_01102,biology_signal,,0,0,3,3,-2.1348185943290368,-2.549898512968233,0.07393253792073512,0.8338428533069406,0.949044613450504,0.6665753844985612,0.5767614236778411,0,2019,2024
GENE_01103,noise,,0,0,8,8,-0.3777943642640889,-0.1452665173803442,0.24248441493326492,-0.6396312140587593,0.2287229491747117,0.3387280699283239,0.6011185056162237,1,2019,2024
GENE_01104,biology_signal,,0,0,16,16,1.9543904617080456,0.7132736915933868,0.67802114205686,-0.8056585619840876,0.2478068990418082,0.5647469193493894,0.5473209180886797,0,2019,2024
GENE_01105,biology_signal,,0,0,3,3,1.1921431325854641,0.8592010631673426,0.6186159275286941,-0.4090020688533099,-1.1787080614571361,0.39428429162226997,0.5837709695876142,0,2019,2024
GENE_01106,biology_signal,,0,0,10,10,1.2506674468504884,1.0450683863775092,0.7180352265826057,-0.7979902825242051,0.02951257739156199,0.4400871170214438,0.39849432139305435,1,2019,2024
GENE_01107,biology_signal,,0,0,9,9,-0.8065656334880581,-1.514784046020992,0.2999392940442586,-0.0174570561733709,0.23456820479584317,0.8099961146100786,0.41284436809606884,1,2019,2024
GENE_01108,biology_signal,,0,0,17,17,1.5261976427431698,1.9806849986720065,0.8645359116194885,-1.5263354044471318,-0.3113613194193787,0.05093601635266556,0.6418339355621894,1,2019,2024
GENE_01109,noise,,0,0,7,7,0.42109364897205265,1.5663815986428433,0.37354423446399615,-1.012491890199169,-0.4603606972442701,0.5681174311362662,0.29918378119635536,1,2019,2024
GENE_01110,biology_signal,2015.0,1,0,11,67,0.9866633348071996,0.4870109029408266,0.7160983012101212,0.5053781168853294,-1.0541427913893764,0.13590983580480578,0.6054457663614131,0,2019,2024
GENE_01111,noise,,0,0,5,5,-1.4339142774777398,0.39413857920052414,0.40858624827673423,0.04952430609792757,0.8223337084324894,0.1311560849450683,0.3038328550876853,0,2019,2024
GENE_01112,noise,,0,0,3,3,0.1907310875066578,-0.4468119470745768,0.26306069996070086,-0.6642541544487093,-0.7443544754483292,0.5167080609065937,0.21805207551963554,0,2019,2024
GENE_01113,biology_signal,2012.0,1,0,8,58,3.5569672469375453,3.3225988169193936,0.9129645592281561,-2.043746454045743,-1.306654232543433,0.01821581597379993,0.5616017681164799,1,2019,2024
GENE_01114,biology_signal,2014.0,1,0,9,65,1.8405786319826634,3.591739880509545,0.8484680234850175,-0.30188934102460396,-2.450216337201799,0.28183948853978025,0.5770127094005093,0,2019,2024
GENE_01115,noise,,0,0,2,2,-0.09173166617799283,-0.033406233536835056,0.40709179015126523,1.9288913209177312,0.8917743075631162,0.9069143480962746,0.1632582526499518,0,2019,2024
GENE_01116,biology_signal,2017.0,1,0,15,72,-0.23779250190702006,-0.831392063753809,0.22542608617673887,1.6537948495568553,-1.4142722845885816,0.7021358996045742,0.36177050271264666,0,2019,2024
GENE_01117,biology_signal,,0,0,4,4,-0.6059548915139726,-0.6108234742460625,0.2633382977784669,-0.538400297700594,-0.12273746804758856,0.3810344505716327,0.3643519751112817,0,2019,2024
GENE_01118,noise,2018.0,1,0,3,61,0.12421728889995318,0.019134130959503226,0.24668363143835284,-1.2391924954322333,-0.10355620067295909,0.5221988062987307,0.2809778765126835,0,2019,2024
GENE_01119,biology_signal,2014.0,1,0,14,66,1.1499202448957726,2.54334196907339,0.9564543195930687,-1.4309202425113492,-0.207359607533949,0.24091755458309666,0.8173350631772546,1,2019,2024
GENE_01120,noise,,0,0,4,4,-0.757307165501609,-0.07974136853151884,0.361247804211093,-0.34966402848370026,0.5254741217926641,0.7838831812723274,0.5695314371912218,0,2019,2024
GENE_01121,biology_signal,,0,0,5,5,1.8173916768254172,3.0616218166750695,0.7673976214780844,-0.5093499993262858,-3.3871699663180648,0.09854164595280941,0.3282431058700269,0,2019,2024
GENE_01122,noise,,0,0,15,15,-0.3619111282665615,0.12807158886310174,0.3107578998032377,0.09881779703498123,-0.7680009916058305,0.37373045227865215,0.6818070555334915,0,2019,2024
GENE_01123,noise,2013.0,1,0,5,59,0.13473029336587217,0.3399408634529722,0.3841637295245713,-0.5059458544870742,-1.3911454591697903,0.3361837377762233,0.5342564713157442,1,2019,2024
GENE_01124,noise,2019.0,1,0,4,56,0.5123959502493418,-0.2445611275840478,0.2770695126683782,-0.005237525924456032,0.6981144460655981,0.22241098622339023,0.5554987548387277,1,2019,2024
GENE_01125,noise,,0,0,3,3,-0.21069182164733025,-0.048757511315184354,0.7661181665001924,-0.579981010514155,1.0114419310519094,0.3074411873808508,0.1784800886731705,0,2019,2024
GENE_01126,noise,2014.0,1,0,11,74,-0.09571442442588363,0.0679768726127134,0.7609160019257475,0.02763052292065274,0.25166567198798295,0.7330182720685902,0.5629885019277955,1,2019,2024
GENE_01127,noise,,0,0,3,3,-0.475516334788411,-0.7787161463517236,0.6844063655799134,1.2962349152263108,-1.0695135915552434,0.6051391425939499,0.17272679765607538,0,2019,2024
GENE_01128,biology_signal,2014.0,1,0,8,54,4.011672460484605,4.173165935245844,0.8544797342671062,-3.5049476506823893,-2.29601334259715,0.08193849987237477,0.6458636121961387,1,2019,2024
GENE_01129,biology_signal,,0,0,2,2,-2.748813869480219,-2.250946662955349,0.19707208936653425,1.3818265579118891,-0.53528546036126,0.5959091136859677,0.5358356343391724,0,2019,2024
GENE_01130,noise,,0,0,10,10,-0.9306722580790072,0.10643276147949758,0.351946413870278,-1.8997658410020914,1.6409386664633543,0.6618311973037492,0.7350904997405391,0,2019,2024
GENE_01131,noise,,0,0,10,10,-0.29291304700231935,0.07488684614917114,0.43086920613620905,1.385948062403732,0.059830918510599136,0.8895570423390975,0.7349359805888208,0,2019,2024
GENE_01132,biology_signal,2015.0,1,0,12,64,0.17507616932302777,-0.00633122303891559,0.7800790096697026,-0.6074529577656205,-0.5324904177938669,0.5190592875088529,0.42353115792422563,0,2019,2024
GENE_01133,noise,2019.0,1,0,12,66,0.6620094065030797,-0.6881271806648043,0.45400272126689667,-0.36429217161536065,0.9052696101490378,0.6683527979705679,0.5470884550498807,0,2019,2024
GENE_01134,noise,2012.0,1,0,16,78,1.3949800594665454,-0.32000979084755554,0.5663458724726594,0.7753996142044526,-1.4221706978266435,0.24863553715648373,0.5407965179523508,1,2019,2024
GENE_01135,biology_signal,2016.0,1,0,10,66,0.6686351152293328,2.0634579811274096,0.7945663508229355,-0.2519099021001281,-0.24052704437267247,0.37369964058123706,0.5695138646875217,1,2019,2024
GENE_01136,biology_signal,,0,0,12,12,-0.25086516719789026,0.9296310769515117,0.31717199442983157,1.5244472981726371,-2.058045902240578,0.739467749257019,0.629949861119048,0,2019,2024
GENE_01137,noise,,0,0,5,5,-0.6050394915416253,0.38522386172047596,0.45709183794933905,0.6649420427631717,0.7551927667420226,0.8326553272759023,0.3770439656437927,0,2019,2024
GENE_01138,noise,2021.0,0,1,1,58,0.824846395487266,-0.9522721918324478,0.4816481614806792,-1.6975828165932438,0.8875678132961708,0.17088934570207495,0.1474875807098482,0,2019,2024
GENE_01139,noise,2012.0,1,0,9,57,1.453472040889639,0.6894311835617378,0.8472479247234791,-0.9144789234337471,-1.2818112389447187,0.7169232777300264,0.657220321886962,1,2019,2024
GENE_01140,noise,2013.0,1,0,47,98,1.2510318027751488,0.6669505507663243,0.3805214808986121,-0.1653858127883005,-0.2954735073076009,0.6747988195493926,0.9460630156201387,1,2019,2024
GENE_01141,biology_signal,,0,0,8,8,0.766794525886396,1.1074554209614367,0.701867628527919,-3.4977774371976027,-0.6609058103854328,0.08040457208615015,0.3469910586663691,1,2019,2024
GENE_01142,noise,,0,0,5,5,-0.7917615983472478,-0.05560611698382839,0.7101525445949425,-1.1166906069553302,-1.1279577679571289,0.33493598362955507,0.2547516537650416,0,2019,2024
GENE_01143,noise,,0,0,5,5,-0.27247276797036674,-0.4162935974104903,0.7048999786742343,-1.1346109562269313,-0.12168682196901706,0.4923011783279609,0.26637725639248566,1,2019,2024
GENE_01144,noise,2016.0,1,0,6,60,0.9031108167345487,-0.8549542448698747,0.4360255596894788,-0.7760318842147971,0.2535714246848787,0.6518545671691138,0.1537749285377196,1,2019,2024
GENE_01145,biology_signal,,0,0,30,30,-0.3033001122432159,0.663295659897461,0.5873009469134723,-1.38702494131089,-2.4495245905677416,0.2960281128612984,0.7426840489352191,0,2019,2024
GENE_01146,noise,,0,0,8,8,1.5050996368941412,-0.8745419998212046,0.7273324624119188,-0.6678748134052364,0.5691185904740523,0.7361730440885,0.6999930757330972,0,2019,2024
GENE_01147,popularity_only,,0,0,9,9,-1.1891227875992136,-0.6332125369149024,0.37263477263716366,0.5561253455517381,0.020825396230395976,0.07978504154104203,0.17631337667771557,0,2019,2024
GENE_01148,noise,,0,0,9,9,-0.46203827264123576,0.18822021624487084,0.21424477267898617,-0.23264149017867783,-1.0306552230371486,0.4319032794555334,0.21383905846305848,0,2019,2024
GENE_01149,biology_signal,,0,0,4,4,3.1412120928633973,1.2651871689165564,0.9552237272005348,-2.2091070351449953,-0.08468720638180505,0.1698258592104648,0.3432925994273978,0,2019,2024
GENE_01150,biology_signal,,0,0,6,6,1.7206695408493093,1.614097314844643,0.6636916759191533,-1.5100282004483983,-3.0706025932610483,0.6423146826905678,0.31876852048479315,1,2019,2024
GENE_01151,noise,2016.0,1,0,14,65,0.43515884382091985,0.6206817925705568,0.5605265027779762,0.29937728970498345,-2.003741293217474,0.5456294609180202,0.497380606396263,0,2019,2024
GENE_01152,biology_signal,2016.0,1,0,3,51,2.4840849984516855,1.6314159779786168,0.7441430385938486,-1.6309827933219592,0.023758336066476038,0.14043657224756187,0.5835548212052194,1,2019,2024
GENE_01153,biology_signal,,0,0,2,2,1.377291743553014,0.013903652300599256,0.4360780534184919,-0.3467426377473779,-0.4768076554918115,0.5635355970552329,0.31179091187307334,0,2019,2024
GENE_01154,noise,,0,0,3,3,0.05246468491566224,0.7583624059773255,0.5117015027754365,-0.3996272904869522,-2.017475220027029,0.620280940473189,0.4110923444325114,0,2019,2024
GENE_01155,popularity_only,,0,0,27,27,-1.204584371355485,-0.48765987591539994,0.18603858235869386,-0.3348032137113206,-0.8363914703608241,0.8781716813932139,0.5199176705378463,1,2019,2024
GENE_01156,biology_signal,2018.0,1,0,2,63,-0.7299556719542463,-0.49967352020395767,0.398906445714451,0.6776275340915343,1.4809836122046875,0.5952271067668448,0.3214785683646255,0,2019,2024
GENE_01157,popularity_only,,0,0,61,61,0.43541287955602986,-0.3854193055497658,0.7211269512158971,0.46447196937316804,1.4119132887094512,0.43591092740001264,0.8637231776000881,0,2019,2024
GENE_01158,popularity_only,,0,0,30,30,0.014344752717305564,-0.1519748946825428,0.6025253128711908,1.4640976145580666,0.23689210108679687,0.5844352731334114,0.6843054958858141,1,2019,2024
GENE_01159,biology_signal,,0,0,9,9,-3.4281769059042064,-2.85774866953303,0.09924250254803524,2.0839723655724267,0.5163514472168742,0.933366994658581,0.1213857034338499,0,2019,2024
GENE_01160,noise,2018.0,1,0,4,65,0.6491144159382308,-0.32947581438548856,0.5822964266159985,-3.5031042721130126,-2.2505136786952042,0.6455446020774823,0.5426398964822561,1,2019,2024
GENE_01161,noise,,0,0,5,5,0.3876103983150171,-0.3975501012312208,0.6638652862523561,-0.5343286358305184,-0.6853620536635647,0.1510231797733358,0.6519145444975863,1,2019,2024
GENE_01162,popularity_only,,0,0,21,21,-0.26206613520323735,-0.4401453326117515,0.30084440087064396,-0.07604098730713962,0.0759064611725834,0.794717853257993,0.8430272513444728,0,2019,2024
GENE_01163,noise,,0,0,11,11,-0.13575550235927714,-0.32462831383725743,0.40097903469618096,-0.3096226238105977,-0.937255462227356,0.7607001618167831,0.6187700926986428,0,2019,2024
GENE_01164,biology_signal,2020.0,0,1,2,58,0.48440551269836446,1.0028956165598282,0.41429721741329256,-0.6444936864136246,-0.8730820750838597,0.37067591720179827,0.6721286226580967,0,2019,2024
GENE_01165,noise,2013.0,1,0,46,96,1.5189418547768296,1.0888997820945994,0.6293306948299591,-0.8433008957828954,0.4679809071291371,0.3415282388308347,0.8922215840316922,1,2019,2024
GENE_01166,popularity_only,,0,0,2,2,0.059040266898346516,-0.597711906888416,0.5876260839172137,0.5177013191743894,0.870163465157138,0.17315288456582228,0.20826714354410014,0,2019,2024
GENE_01167,noise,2021.0,0,1,4,63,-0.4784045830357154,-0.3273804690827884,0.37943808173289234,1.5730315192761835,0.9034445182522673,0.6837722849402398,0.2572862459291523,0,2019,2024
GENE_01168,noise,,0,0,13,13,1.153911082613099,0.020877353194085874,0.4310843669793829,0.7863858294360655,-0.1907438017833162,0.5469991267896964,0.24063130026859783,0,2019,2024
GENE_01169,noise,,0,0,7,7,0.5323760874661737,0.5045151374064729,0.22018424443532011,-0.6295866256434937,-0.18740921286664314,0.4714633040504542,0.7636165625349444,0,2019,2024
GENE_01170,biology_signal,,0,0,4,4,0.4091570759259081,0.16247039282737796,0.6374025024824881,-1.1353862394798437,-0.050841231002227816,0.6900359706303105,0.7223948279908995,1,2019,2024
GENE_01171,noise,2013.0,1,0,1,58,1.0839604890592576,1.0112087285527014,0.5839908131020267,-0.6038416600289842,0.13065653823513157,0.8980026151675193,0.14612397772893795,1,2019,2024
GENE_01172,biology_signal,,0,0,9,9,-2.413454421481778,-2.4700387889879645,0.06670099910951682,1.2905567356991794,2.9204352324444978,0.4556191110915007,0.506403940688024,0,2019,2024
GENE_01173,popularity_only,,0,0,12,12,-0.9229872405704573,-0.3085021116887955,0.4150076877764766,-0.9563161868568022,-0.33440792661249735,0.3596904127023725,0.6410317475908229,1,2019,2024
GENE_01174,noise,,0,0,5,5,-0.4474359820465352,-0.11774161593099952,0.21176582033762906,0.3008321474473399,1.1349608566670963,0.6441331462237694,0.4973177276817107,0,2019,2024
GENE_01175,noise,,0,0,17,17,-0.13532815045065247,-0.6255528201302696,0.44402407410302136,0.5089938286001738,-0.7806118799962501,0.14843807098836698,0.4716060592618346,0,2019,2024
GENE_01176,biology_signal,,0,0,3,3,-0.8209704617281839,-1.9041747075338527,0.08506571713902521,0.37903950565301825,2.3362061102183334,0.3999386081660831,0.4361296168815298,1,2019,2024
GENE_01177,biology_signal,2013.0,1,0,26,79,0.584031428917284,1.8655973178945915,0.8507287318683888,0.8779252898142742,0.11666183040005862,0.3391010644791716,0.4632447644470705,1,2019,2024
GENE_01178,biology_signal,2020.0,0,1,8,72,-0.8788261375534081,-1.3367516932135044,0.7193835829413242,-0.2295228108815664,1.3443186536089646,0.6887934178517355,0.7317643473105987,0,2019,2024
GENE_01179,noise,,0,0,9,9,-0.19466066058721743,-0.2634256362124317,0.8985780224045471,-0.5621385366054503,0.4728535499140092,0.8554121441058674,0.34544242330411884,0,2019,2024
GENE_01180,noise,,0,0,8,8,-0.22718324342094587,0.5837074408478958,0.503720323373202,0.3099161233445618,-1.7516148102104285,0.2814359783884429,0.5813274974658912,1,2019,2024
GENE_01181,biology_signal,,0,0,6,6,-2.5639374577742724,-1.9154972806218151,0.04292855968253264,1.376479993636922,2.3034799162828747,0.9165625380989061,0.2803893454441551,0,2019,2024
GENE_01182,noise,,0,0,7,7,-0.7984024991616688,-0.35073587542103263,0.6319099894758259,2.476567327388883,0.46928721641060794,0.1517580643822667,0.7460887047643049,1,2019,2024
GENE_01183,biology_signal,,0,0,3,3,-0.3740371266961297,0.3718622449983912,0.6635238440082603,0.9894275811510378,0.996104437409143,0.4178418636686829,0.09159479753673438,0,2019,2024
GENE_01184,noise,2013.0,1,0,8,55,-0.609092875606841,0.2581419699264055,0.6543108586272475,-0.5403841611596282,1.2815490886703165,0.3736556484578193,0.3655691369558711,1,2019,2024
GENE_01185,popularity_only,,0,0,57,57,-0.8365097965176869,-0.5216062246134314,0.3959879529421783,1.8592540344722575,-1.6257591656435015,0.8254794381735548,0.8239120813971443,0,2019,2024
GENE_01186,biology_signal,,0,0,10,10,2.159624426265686,1.9923175454058755,0.8351493040361656,-1.206793057009222,-2.108854961357053,0.6761109645854289,0.3302322893896558,1,2019,2024
GENE_01187,biology_signal,,0,0,5,5,-4.08924096441326,-4.1796254011511085,0.013818550743372699,3.0426377809313667,2.555920671501532,0.912610863529046,0.22874583311658794,0,2019,2024
GENE_01188,noise,2014.0,1,0,2,56,0.07504010385264981,0.20911713405099217,0.3504576592261227,-0.7499595661801195,0.446182252552098,0.5494110235525539,0.2758815408626887,1,2019,2024
GENE_01189,biology_signal,2017.0,1,0,9,68,1.4174076261027195,1.9586175152307361,0.7623950546526089,-0.2257056361463775,-2.247817323287319,0.40207220608594696,0.316401879865149,1,2019,2024
GENE_01190,noise,,0,0,2,2,0.48161572746972103,0.8737432170270525,0.8065058093945405,-0.30940005548287225,-0.5198371058885686,0.46774152625932774,0.47770607457585157,0,2019,2024
GENE_01191,biology_signal,,0,0,3,3,-4.197644482919782,-5.320920641518548,0.013209460638301227,3.6087601269087646,2.6353869771179745,0.9783096025371228,0.044264155343188415,0,2019,2024
GENE_01192,biology_signal,2013.0,1,0,8,66,0.6566216322337367,0.4128925915950884,0.4396933137078958,0.6416356006988396,1.2547930980945825,0.45103668286635595,0.6490053976985837,1,2019,2024
GENE_01193,biology_signal,,0,0,5,5,0.2884435588717602,1.5421340099464502,0.7168424597141011,-0.1390053586572964,-0.12570818045122378,0.5741909562694772,0.3725499993181383,0,2019,2024
GENE_01194,noise,,0,0,2,2,-0.2153967718688311,-0.728284847044584,0.14016582549728251,0.7494634274010781,-0.4961244278834113,0.763535635123827,0.03738557143935098,0,2019,2024
GENE_01195,biology_signal,,0,0,2,2,-2.869361516657635,-1.0190620410367333,0.11865773444852842,2.050970101806342,1.4652968065698155,0.28493365932435344,0.10082121787615875,0,2019,2024
GENE_01196,noise,,0,0,17,17,-1.0031098398732023,-1.1753982286081002,0.20115614427543113,1.049750936546339,-0.028884040992560034,0.576871663106895,0.7125829841345963,0,2019,2024
GENE_01197,biology_signal,,0,0,4,4,-3.443863887598827,-2.5339615604411545,0.2402203147322448,2.5678527250598804,0.8248695754674964,0.6616793485092051,0.3519105220683833,0,2019,2024
GENE_01198,biology_signal,,0,0,32,32,2.846386787863449,1.1939142208695155,0.9435153073940092,-3.0258459685659846,-0.5785834247608493,0.30887699852193,0.9547764954440991,1,2019,2024
GENE_01199,biology_signal,2012.0,1,0,21,76,0.559493978862701,1.319564845646048,0.7141801723390334,-1.7676989323128254,1.000062975689981,0.209619207980111,0.5811433994456306,1,2019,2024
GENE_01200,biology_signal,,0,0,11,11,-0.5869372070493166,-2.155381898039875,0.030264327403615704,-0.41361290224401404,2.0128361391041802,0.5736831842369849,0.5744321646826961,0,2019,2024
GENE_01201,noise,,0,0,16,16,-0.13629573774819254,0.16277847198090784,0.7923662394397674,1.1636907305743205,-0.6301938687078512,0.27018134982385866,0.34179835371907213,0,2019,2024
GENE_01202,biology_signal,,0,0,5,5,-0.04204018018043443,-0.468648984027132,0.5703136317381557,-0.2845583059421876,-0.899658829211397,0.2558264340451078,0.5257879385513919,0,2019,2024
GENE_01203,biology_signal,2013.0,1,0,90,148,3.6037849053511115,2.4589816643567515,0.9810946401555029,-2.8210426574955103,-0.5635635101865336,0.1723547415924989,0.9680822366149976,1,2019,2024
GENE_01204,biology_signal,2017.0,1,0,24,81,0.34572456167468113,0.4765560373427243,0.4695601845899216,-0.13332380914560546,-0.2343069253667434,0.3667359729314894,0.3756968306971586,1,2019,2024
GENE_01205,noise,,0,0,7,7,-0.40578593171247856,-0.35524612350436235,0.4132617267813297,0.19467351129859603,-1.5652158610695672,0.14554310876345394,0.49281062238840095,1,2019,2024
GENE_01206,biology_signal,,0,0,2,2,-2.3465709082694737,-1.6852773231403444,0.1569611645337017,1.8545750402700802,1.1116523251440855,0.8808730264694792,0.14762247864014366,0,2019,2024
GENE_01207,biology_signal,2016.0,1,0,19,74,3.0705972332868265,2.981666085507505,0.9611852636436925,-0.9326359542378451,-2.028664386824809,0.04104362318819673,0.8840462595494583,1,2019,2024
GENE_01208,noise,2012.0,1,0,24,81,1.060030300944049,-0.3979573169811623,0.6208430664191632,-1.2132572860233273,-0.3287608093009222,0.4367555209282622,0.9653191287695081,1,2019,2024
GENE_01209,noise,2016.0,1,0,16,80,1.0058281561666578,0.19179668625620633,0.5603032022085112,-0.3320210831956402,0.572518218524286,0.40019972631616546,0.612038591936159,0,2019,2024
GENE_01210,noise,2014.0,1,0,19,75,0.6209266877228554,0.27137340193146786,0.8286841443979538,1.3781921684005687,-1.4253596076682042,0.2562475605791544,0.9631446132595124,1,2019,2024
GENE_01211,biology_signal,,0,0,22,22,2.978932379694907,2.2398626029117836,0.9171747183852043,-1.5098672827156188,-1.6856030919697549,0.15955805206651624,0.9077309791454845,0,2019,2024
GENE_01212,biology_signal,,0,0,3,3,-0.13853643738763055,0.13499225791626884,0.42885337963362946,-1.2870085033335235,-1.0417937797544274,0.6661799221715391,0.3187789811140695,0,2019,2024
GENE_01213,popularity_only,,0,0,30,30,0.418054287169595,-0.30420685637102285,0.4952749556099079,-1.1695160668408842,0.9303468532484682,0.76401941798932,0.7451129707714834,0,2019,2024
GENE_01214,noise,,0,0,10,10,-0.6154460243309644,-0.6878484191419106,0.525148782352595,0.2743362006839256,1.2265745198384899,0.07882046097692273,0.7813296174446375,1,2019,2024
GENE_01215,noise,,0,0,6,6,1.060584278378302,0.10161041142790576,0.3964639238781539,-0.8116127445557999,0.5062006534370402,0.7053503012069635,0.377535697845053,0,2019,2024
GENE_01216,noise,2015.0,1,0,7,60,0.8324358430810028,1.0367972958170228,0.23576137597720936,-0.9220910528532132,-0.46483213753600316,0.8445262759541048,0.5955972728254848,1,2019,2024
GENE_01217,noise,2014.0,1,0,19,81,0.336511175854381,0.18665718753162916,0.7251144530738357,0.9595336249151487,0.3683734161836694,0.6433713907056248,0.9109689532291216,0,2019,2024
GENE_01218,biology_signal,2014.0,1,0,22,79,4.149174416219396,4.559799390721416,0.912251264827288,-1.5606774525463158,-2.6044388177319227,0.18651291038220855,0.8669329522289444,0,2019,2024
GENE_01219,noise,,0,0,9,9,-0.7880140387691212,0.17416168716451585,0.242190082479454,1.656355911465543,0.11466074279314903,0.6171236438183701,0.4535830731130026,0,2019,2024
GENE_01220,biology_signal,,0,0,7,7,1.831790687976148,1.3795657735872644,0.8607601344144716,-1.3908928298694854,-1.4204006893873435,0.09333574869457989,0.5045623982704043,1,2019,2024
GENE_01221,popularity_only,,0,0,68,68,-0.6987718384920866,-0.4849458228218069,0.6520734252397967,0.1570835202222039,0.7746380291204191,0.24148049285986972,0.8973671620503849,1,2019,2024
GENE_01222,popularity_only,,0,0,11,11,-0.29990717976034525,-0.011593274055755831,0.6264464284691926,0.20057830976101315,-1.718597068015967,0.24731752952724667,0.5653694346239346,0,2019,2024
GENE_01223,noise,,0,0,10,10,-0.5019842250725239,-0.4754264005119715,0.4991342826600718,1.219292818950683,-0.009391344529859597,0.3710480127632037,0.5233626277789339,0,2019,2024
GENE_01224,biology_signal,,0,0,5,5,-1.9695148106329308,-2.61145201058054,0.13643958186391317,2.964576134835731,1.9256591781080263,0.6800398784281391,0.5138781280404666,0,2019,2024
GENE_01225,noise,,0,0,17,17,-0.2796107673703939,-1.1508071128573292,0.47250262148098526,-0.7486694598016734,1.36203119144488,0.819506113318116,0.5902458966754972,1,2019,2024
GENE_01226,biology_signal,,0,0,3,3,1.5240999158797368,1.8338891633778958,0.8399143674533853,-0.9531349198987156,-1.4457290570901895,0.26872359428856607,0.3692442947275927,1,2019,2024
GENE_01227,noise,,0,0,0,0,-0.17948035964261697,-0.2860445037436538,0.31307145052112045,-0.11152740959715299,-0.1440151013457566,0.38635771867406843,0.1835434014880511,1,2019,2024
GENE_01228,noise,2012.0,1,0,31,86,-0.5148666481097709,1.1055160313875578,0.7283381704156583,-0.2867702339658622,-0.8697464666621293,0.6345158036487882,0.9374794197943671,0,2019,2024
GENE_01229,noise,,0,0,7,7,-0.5166760389864001,-0.2854999203983901,0.26065303433905235,-1.7207106530799186,-0.5190268951046905,0.16862043980503838,0.5711444482961252,1,2019,2024
GENE_01230,noise,,0,0,3,3,0.2956147178006844,-0.427624526993143,0.43038566522717997,0.07529193112177862,0.572669117728835,0.9624377959084051,0.12553174830191616,0,2019,2024
GENE_01231,noise,2012.0,1,0,20,75,0.46142703311882316,0.7506680658792803,0.7677057120770976,-0.7328140412982196,0.22251792201163623,0.21488589749686418,0.7928078739821174,1,2019,2024
GENE_01232,biology_signal,,0,0,15,15,0.3100402597022452,-0.31655319412657135,0.3936286754857089,-0.9709133359714953,-0.934753228784736,0.8846301492215222,0.8999545088245937,0,2019,2024
GENE_01233,noise,2017.0,1,0,8,59,-0.359850093028765,-1.0996361470096774,0.27744115803265734,-1.1186361881595648,1.0912309074427478,0.5092527578923967,0.7422348738090174,1,2019,2024
GENE_01234,noise,,0,0,16,16,0.2923824168828418,0.22546737670871775,0.7610585773311969,0.37094516647787623,-0.7571525901474188,0.6899692974922786,0.6091141618061049,1,2019,2024
GENE_01235,biology_signal,,0,0,1,1,-0.24733649578913364,-0.30983924909049626,0.3653924063545752,1.5724383966382944,0.8426173341323548,0.5539266253311771,0.2226315226014378,1,2019,2024
GENE_01236,noise,,0,0,10,10,-0.09101568185374456,-0.16496456282325495,0.46271491164009826,1.2949609519106244,-0.2706203193126964,0.14937313652579712,0.34191447180345635,0,2019,2024
GENE_01237,noise,2014.0,1,0,7,61,-1.1206748123326948,-0.05644867087192512,0.3996122760689837,0.1909120571909263,-0.7964516796423646,0.8391861175147236,0.6644736181451242,1,2019,2024
GENE_01238,noise,,0,0,6,6,-0.31858549099161027,-0.39678880297967706,0.8713020922025628,0.15842668460514808,-0.8614707096191829,0.1916572799475471,0.17295107373715743,1,2019,2024
GENE_01239,biology_signal,,0,0,6,6,0.3828510849432628,0.48185864621008134,0.6993435588860074,0.1281739378538645,-1.7203507301813308,0.5220007705528399,0.4620891540280949,1,2019,2024
GENE_01240,biology_signal,,0,0,3,3,-1.170547109972339,-0.32186228500062625,0.16977885542640864,1.3396676250119437,-1.2660716975938044,0.6091980010026139,0.348858979278252,1,2019,2024
GENE_01241,noise,,0,0,10,10,-0.5996123208061408,-0.5593711274249713,0.5720903848333058,0.0003152116290732754,-0.38397598354319873,0.24034613716351444,0.6390894161798978,0,2019,2024
GENE_01242,biology_signal,,0,0,17,17,-0.35710513695572205,-1.5818872782024647,0.44191659096929314,1.4625917660534447,0.048947284623968246,0.40427989081460186,0.7030833802739975,1,2019,2024
GENE_01243,biology_signal,,0,0,6,6,-2.594137533421179,-2.433824116274749,0.13515782274245314,-0.17649176467132355,1.3107232998563756,0.4203804721849287,0.5808265844069003,0,2019,2024
GENE_01244,biology_signal,2014.0,1,0,67,117,2.0938012675663282,4.836352576131465,0.9788722198361652,-0.9604718283406597,-3.027572367272258,0.061168587695015444,0.9442274959368974,1,2019,2024
GENE_01245,biology_signal,,0,0,6,6,-5.755048537306769,-6.438736063195032,0.004420425525594451,2.9180251902636947,3.766833661571688,0.9532695390001279,0.0824161868022775,0,2019,2024
GENE_01246,biology_signal,2020.0,0,1,39,91,0.6401193135439317,1.4397866590534785,0.5896623015781495,-1.6350615032722264,0.19005675358761231,0.23701791086201468,0.9340948028680217,1,2019,2024
GENE_01247,noise,,0,0,2,2,-0.0028086010416494833,-0.4672004093961043,0.4456956874700414,0.1782027152899145,-1.9693302469347116,0.46301973533726654,0.2897365630758887,1,2019,2024
GENE_01248,noise,2018.0,1,0,15,72,0.5311040824603704,-0.0031269270519502235,0.5463942108686266,0.9171365708679868,-0.13926951766781098,0.6793984346856442,0.6929749905283119,1,2019,2024
GENE_01249,biology_signal,,0,0,8,8,0.24569782246918298,1.103466130674618,0.5075220054774653,0.8255118488049362,-0.9894430850027749,0.3077546811651579,0.41518185704439925,1,2019,2024
GENE_01250,biology_signal,,0,0,4,4,0.5611568367895516,-0.04527004403037988,0.28253575335839937,0.2246514691494026,2.22063444459021,0.879167775518134,0.48992541010280316,0,2019,2024
GENE_01251,noise,2015.0,1,0,6,64,0.6965266649487003,0.9487606581524024,0.6453089304836234,0.8170077876979737,-1.6734283325992039,0.4431063634783348,0.1307331904728417,1,2019,2024
GENE_01252,biology_signal,,0,0,14,14,0.6100529383798369,-0.4625487683595401,0.27609284874047624,0.49660968197700717,0.9116828380695424,0.25127497075179545,0.6647679275216585,0,2019,2024
GENE_01253,noise,,0,0,4,4,-0.05216761731833891,-0.10622682139649295,0.5797382523652906,1.184564440128848,-0.006680725178849045,0.44551370751166197,0.3377633227586946,0,2019,2024
GENE_01254,noise,,0,0,2,2,-1.3464979083525812,-0.43638586534025403,0.6845476834009139,-1.6179073809613091,-1.931039957529747,0.5256647324202703,0.2109806123623497,0,2019,2024
GENE_01255,noise,,0,0,5,5,-0.8437318770497862,-0.07324856800759061,0.5565887117298968,0.650471484463548,-1.33620114713048,0.5644184345381427,0.7653003647547278,0,2019,2024
GENE_01256,biology_signal,,0,0,2,2,-2.0821792304785873,-1.593359485603187,0.2705660574609495,0.2539147951652828,1.8738099535461945,0.3612956652589772,0.49013315202937563,0,2019,2024
GENE_01257,biology_signal,,0,0,6,6,1.119344536752712,-0.43367911159940187,0.3000290583490797,-2.3782120608980435,0.6188620698362903,0.47508008459959633,0.6379223720523074,0,2019,2024
GENE_01258,biology_signal,,0,0,6,6,-0.48959211664011587,-0.7158766129831212,0.18196751585588683,0.3832194904329167,1.1767449724356536,0.2507518369474576,0.56242699073537,0,2019,2024
GENE_01259,noise,,0,0,2,2,0.9380410085183436,0.43874924951499006,0.7790437555090406,-1.0243051607291518,-3.13378926487431,0.60595028927582,0.6721678761583761,0,2019,2024
GENE_01260,biology_signal,,0,0,13,13,-1.1382023122470728,-3.653801381702474,0.3398612026684658,2.062587290416655,1.919425618173447,0.9086065847495731,0.6358038612420308,1,2019,2024
GENE_01261,biology_signal,2016.0,1,0,5,63,2.673290065564107,3.404860838827938,0.9704817951794429,-1.8720486298863526,-2.234407934859519,0.05376392023625904,0.08981120487999521,0,2019,2024
GENE_01262,noise,2015.0,1,0,1,53,0.22383497304578412,1.3212865649708994,0.5786452012538787,1.0198458601918439,0.45510473340097923,0.478744638407744,0.332439422862105,0,2019,2024
GENE_01263,biology_signal,,0,0,1,1,-1.3410950148515837,-3.4766735528320254,0.11301369915024534,0.6827932336268892,1.3422506543084938,0.9025893936820496,0.05674791916287938,0,2019,2024
GENE_01264,biology_signal,2012.0,1,0,23,92,2.4439107068457173,3.000254964803673,0.9652751321981731,-2.368461562241716,0.2796680145288306,0.0845028407740602,0.7519133190583409,0,2019,2024
GENE_01265,noise,,0,0,2,2,-0.0017067504688575985,-0.45799892512605916,0.48170458498974417,1.2584993641819184,-0.5801625767058531,0.5100362523183969,0.15998670575673118,0,2019,2024
GENE_01266,biology_signal,2017.0,1,0,5,63,1.1605247377606918,-0.11609310538940121,0.46337748983611265,-2.706217281685416,0.5053072315673149,0.1896179069908936,0.17306490866383983,1,2019,2024
GENE_01267,biology_signal,2017.0,1,0,8,65,2.93689358598081,2.6146501643441695,0.9061407629960405,-2.5941781560771533,0.17086092731439417,0.18892529979359896,0.5467204495616265,0,2019,2024
GENE_01268,popularity_only,,0,0,42,42,-1.3664716583090555,-0.1866879072633379,0.687912313828461,-0.0833976108491209,1.892676349243744,0.6335560593870905,0.8849083570402131,1,2019,2024
GENE_01269,biology_signal,,0,0,1,1,1.258841180981837,-0.6724730927360228,0.669075998590307,-0.8425920692069182,-0.8752581886060585,0.4849409536890204,0.35109634927669225,0,2019,2024
GENE_01270,noise,,0,0,5,5,0.1352683735610512,0.48909615818945773,0.3829190805946342,-0.6181103517369214,-2.2555438089835165,0.7356079341886906,0.8226016773457455,0,2019,2024
GENE_01271,noise,,0,0,5,5,0.6435842825886158,-0.3431150323431567,0.7802606458221905,-0.8825318162959366,-0.36812240277964997,0.2845079941592187,0.24267898715439443,1,2019,2024
GENE_01272,biology_signal,,0,0,3,3,1.7729220135729746,2.1451116989638734,0.7803944831566122,-1.692841819583733,-1.4113915337142393,0.196484708623865,0.20754620073658006,1,2019,2024
GENE_01273,noise,2012.0,1,0,68,119,0.6326116084038582,0.954525160656215,0.5098559782835674,-0.008042196724146355,-0.7220488958237039,0.26821117694681024,0.8926008419557605,1,2019,2024
GENE_01274,popularity_only,,0,0,10,10,-0.97630447856512,-0.3797614698036733,0.3898198810314164,-0.45953869818353543,0.7120748895691819,0.8218397291687366,0.43859796370014154,0,2019,2024
GENE_01275,noise,2021.0,0,1,22,75,0.5089794503509151,0.24903192794939713,0.420148577968611,-1.1570752693736983,-2.1906063846530723,0.28030766830838016,0.5958722792244223,1,2019,2024
GENE_01276,noise,,0,0,7,7,0.4647174878240894,-1.3226357685024213,0.6155361582933334,1.633166566082066,2.6035057936603807,0.649133639057953,0.4609475057406928,0,2019,2024
GENE_01277,popularity_only,,0,0,37,37,0.06224986295259144,-1.1648184469467826,0.24963800014223275,0.23810863782270486,1.8148266993570945,0.4032196248954183,0.8710181293460106,0,2019,2024
GENE_01278,noise,,0,0,2,2,-0.3738129939256479,-0.8698932995157782,0.4198728576711352,0.14259495719392506,2.2940935629319417,0.7015420647507233,0.105624147419813,1,2019,2024
GENE_01279,noise,2013.0,1,0,16,63,-0.5567654520522023,1.0184433480854869,0.6594443957536187,1.0280572149348473,-0.7425855878181147,0.32369784152534836,0.9043887151359075,1,2019,2024
GENE_01280,noise,,0,0,3,3,-1.6146572258320144,0.23343072905489257,0.3419189789131078,0.5932143091094058,0.9015479033394802,0.7514206658816025,0.19654452853969345,0,2019,2024
GENE_01281,biology_signal,,0,0,10,10,0.5737059701731821,-0.3361418914523726,0.28998527825128506,-0.2090035049733517,-0.3811437337807292,0.6332490595860542,0.721082949562459,1,2019,2024
GENE_01282,noise,,0,0,2,2,0.6599709286939895,-0.4285486381920306,0.5855388408143622,-0.5030907410306953,-2.090682084490845,0.6829121603217061,0.4195239377439726,1,2019,2024
GENE_01283,noise,,0,0,1,1,-0.3990915097930791,0.326712542503901,0.7639675606603403,1.341625680506065,-1.6039777553986316,0.5765239600947601,0.43555530882856336,0,2019,2024
GENE_01284,biology_signal,,0,0,2,2,1.797901669401099,1.8435996099694745,0.766161776625592,-2.1956244467509785,-1.3435386088442327,0.4843086437892766,0.6739558927915826,1,2019,2024
GENE_01285,biology_signal,,0,0,4,4,0.7318595775102521,-0.2951692362186205,0.5285207815068552,0.44747624909696465,-0.769195833810255,0.2606867835586978,0.43342898001752117,0,2019,2024
GENE_01286,biology_signal,2014.0,1,0,4,50,1.469829304608395,1.7514727856752086,0.9709397070393456,-0.6517131945843174,-3.331571148888986,0.43930394262288053,0.4742452205648646,1,2019,2024
GENE_01287,noise,,0,0,3,3,-0.18939811248717192,-0.4081927388743242,0.6667388918383126,-0.5548534264719844,-0.36545724205772645,0.25921880154856025,0.10620459750111189,0,2019,2024
GENE_01288,popularity_only,,0,0,6,6,-0.6185993432853238,-0.25382896470835337,0.2460168226808665,1.8621663538389592,-0.6369109671508819,0.3158481600549881,0.8966868403418036,0,2019,2024
GENE_01289,noise,,0,0,2,2,-0.864068679041527,-0.3407922701558126,0.4521446290068863,-0.3138430785162597,0.8516955174141954,0.36860585062062196,0.42949506576899976,0,2019,2024
GENE_01290,biology_signal,2019.0,1,0,10,67,2.0173833694100707,2.5824094680944043,0.6963682580736149,-2.953521963176227,-1.5328540772603256,0.099404919442996,0.608916994721579,0,2019,2024
GENE_01291,noise,2016.0,1,0,18,73,0.6988663982211659,0.9378967672063603,0.6087412441047385,-0.08015247639172685,-0.8158598135003885,0.8112744551100256,0.938628939818421,0,2019,2024
GENE_01292,biology_signal,,0,0,2,2,0.10966906005791793,-0.610527243087984,0.537563908739575,-1.6863387021669947,-0.9097730055823264,0.8071726124732509,0.1996316767893735,1,2019,2024
GENE_01293,noise,,0,0,21,21,0.9014033854630896,0.41723615000878017,0.8438916642547696,0.43890916633506727,-0.37715294644233205,0.8144494103682861,0.9234104480052218,1,2019,2024
GENE_01294,popularity_only,,0,0,13,13,0.029447897873306483,0.23146557908963317,0.8384197078922813,-0.031742535738055105,-0.1355453870768123,0.6678624183220608,0.6845224190938974,0,2019,2024
GENE_01295,noise,2013.0,1,0,32,86,0.089138133615416,0.04410596503668901,0.4530395097123981,1.2964422554581116,1.2464035981876413,0.5931446941502961,0.9117228938718444,0,2019,2024
GENE_01296,noise,2016.0,1,0,4,55,0.8808731685558358,-0.2759689401524332,0.2859808269792786,1.516950241288502,-0.8560132808950526,0.5552556543550015,0.0882230339409048,0,2019,2024
GENE_01297,biology_signal,,0,0,18,18,-0.7668446853552816,-0.20820971932713256,0.48233689782955275,0.9310447132315064,1.2535960079953938,0.6838146434280954,0.7672522518855931,0,2019,2024
GENE_01298,noise,,0,0,8,8,0.9696158596605222,0.17324940926146928,0.5067206360910056,1.5656504364014923,-0.5970404770879364,0.3305452964672626,0.4857289481214395,1,2019,2024
GENE_01299,biology_signal,,0,0,19,19,-0.45025514068408234,1.063757042011293,0.34360471707304413,0.95957922006218,-1.5270297639084658,0.14393073557601688,0.8408221186555508,1,2019,2024
GENE_01300,noise,,0,0,2,2,-0.15522586321316229,-1.3150798127957006,0.6434346975118798,-0.03194436250862049,1.6120503477403083,0.22507680882049255,0.5782457729603806,0,2019,2024
GENE_01301,biology_signal,,0,0,3,3,-2.331791355737884,-2.240968526293706,0.14733454858429965,2.644509297133193,2.0431016149900594,0.3827085513759862,0.4862304713101406,0,2019,2024
GENE_01302,noise,,0,0,19,19,-0.3270093984479525,0.15832808850008656,0.5306925085808725,0.6959785153723911,-0.6663519035658516,0.42307113971275895,0.5255502335274825,0,2019,2024
GENE_01303,noise,2017.0,1,0,32,83,0.561136757302292,-0.5448999905375832,0.315227702812994,0.12597044858858453,0.3211187510416991,0.8976705138498758,0.6907078204850938,1,2019,2024
GENE_01304,noise,,0,0,11,11,-1.0781269967377005,-0.6301709890322833,0.11528829070951564,1.97332682032391,1.5933409794005207,0.5618860245519609,0.4226455226883781,0,2019,2024
GENE_01305,biology_signal,2013.0,1,0,34,86,3.581837351751161,2.0380851207284376,0.9420729276007881,-2.111213917644066,-1.1682358702411373,0.10449388465594954,0.9004319241124439,1,2019,2024
GENE_01306,noise,,0,0,10,10,-0.7085871211689384,-0.6685112924615872,0.4990324106741624,1.4597793321894612,-0.9094962115046016,0.7065440269368822,0.44778561253505356,0,2019,2024
GENE_01307,biology_signal,2014.0,1,0,8,57,1.774803462188077,1.769074670994352,0.7738328940268794,-1.3892061239652604,-1.2007976225520676,0.210160108070575,0.2918718577158857,1,2019,2024
GENE_01308,noise,,0,0,4,4,0.0699626659574,0.32616647341458155,0.3012715394447897,-0.5562304294642303,0.3348672113943514,0.6685502690219574,0.41342940032864794,0,2019,2024
GENE_01309,noise,,0,0,3,3,-0.190841831335814,0.35874019742718527,0.31612974673768207,0.8146816632148919,-2.227120256193223,0.6660025348820999,0.49282062747846983,0,2019,2024
GENE_01310,noise,2013.0,1,0,11,60,0.5982758720009371,0.41258540790857556,0.35634034414479027,-0.27110558624305514,-0.3810172943702773,0.5709761135045042,0.6197933709813885,0,2019,2024
GENE_01311,biology_signal,,0,0,9,9,1.0615098754589218,-0.39608317323806147,0.5613327045341874,-1.580194177710081,-0.7578946074841562,0.4102676095858628,0.4126116586370249,0,2019,2024
GENE_01312,biology_signal,,0,0,1,1,-1.5816604184084313,-2.262431084668709,0.14186766003165843,0.7023397149104907,1.9982943293488897,0.9318388974662377,0.4636591980778972,0,2019,2024
GENE_01313,noise,,0,0,6,6,-0.3812151481854355,0.08071372476651775,0.5786322014414131,-0.04840610633303358,0.603989742090672,0.1718706842186723,0.4679684309602785,0,2019,2024
GENE_01314,biology_signal,,0,0,16,16,-1.4293816257874823,-1.3009884347652072,0.27516437352160683,0.47936227545616217,2.275565429414083,0.35797777491803745,0.6819990324526201,0,2019,2024
GENE_01315,noise,,0,0,15,15,-0.2709807343504483,0.7580754988800256,0.3120388960186531,-0.6293455909905943,-0.5777053339066966,0.9371472388393888,0.7744169704002872,1,2019,2024
GENE_01316,biology_signal,,0,0,4,4,0.7129650005738226,0.2468267864006849,0.65513953772501,-0.9179130987436491,-0.037294769862975835,0.04021807096590778,0.3561959783843715,0,2019,2024
GENE_01317,noise,,0,0,1,1,0.3365718820311483,-0.23000178987878434,0.6892337652283751,0.5986455135187545,-0.5263459170962557,0.498408558669014,0.18903419405663674,0,2019,2024
GENE_01318,noise,,0,0,42,42,-0.22887680536210198,-0.08074792728755575,0.4212910825626821,0.6484157120551111,-0.4064308587595701,0.5463680730004896,0.817813375433172,0,2019,2024
GENE_01319,popularity_only,,0,0,16,16,0.129668982377874,0.31188049178757127,0.488426489740792,-0.09883255604015018,-0.6567154881949644,0.5729702437090206,0.6361803794124461,0,2019,2024
GENE_01320,popularity_only,,0,0,45,45,0.32411718818347107,-0.05490766535866001,0.40551435188206736,0.11455178739731217,0.09085612071323695,0.31784226863700865,0.8033685105873731,1,2019,2024
GENE_01321,biology_signal,,0,0,5,5,-0.46363148221480277,-0.7564622426382106,0.26259650873759016,-1.3319693540435167,-0.3545081815388397,0.7869976399456776,0.4949301127144271,0,2019,2024
GENE_01322,noise,2013.0,1,0,5,54,-0.12110918017980554,0.657297015116904,0.5441670744851594,1.3601045553707212,1.2247402515721433,0.8065454661905118,0.7441820906441299,1,2019,2024
GENE_01323,biology_signal,2019.0,1,0,8,59,-1.6581939743864356,-1.4366516016537318,0.6601024972911939,2.474585748003012,0.8872436427477304,0.8938048456789739,0.5958744196579951,0,2019,2024
GENE_01324,biology_signal,,0,0,3,3,-3.2878729107189653,-4.196806815140045,0.041052035678251254,0.41471746964265876,2.715702889145082,0.5835689872854806,0.4688302920428946,0,2019,2024
GENE_01325,noise,,0,0,20,20,0.825356662534784,-0.3905674250691109,0.6132274251931354,-1.0511393357669707,1.5596808113748613,0.5960159495960285,0.7230670184304863,1,2019,2024
GENE_01326,biology_signal,,0,0,9,9,-1.0856412046016892,-1.120027023262371,0.3355480317834914,1.6294544928419459,2.4466362648372124,0.9024012637684229,0.5175896759808787,0,2019,2024
GENE_01327,biology_signal,,0,0,8,8,-0.38544482104090716,-0.6845919468710033,0.3180571121349043,0.34484020838840634,-0.37000516291518926,0.630284786428046,0.37019262518012064,1,2019,2024
GENE_01328,noise,,0,0,19,19,-1.968964809737295,0.6572165469986467,0.33415032595944894,1.3297712250167377,-1.6914625033012511,0.5650099837329825,0.6840987797372404,1,2019,2024
GENE_01329,biology_signal,,0,0,1,1,-2.720565959788475,-1.9060524693350693,0.42088245595094675,1.3859434630783107,0.7107019541958278,0.7229054454008296,0.21967868628811765,1,2019,2024
GENE_01330,biology_signal,,0,0,12,12,0.5442140882936088,1.0601543884820197,0.6688412957321258,-0.598518635376394,-0.6376359822962278,0.10859562483836423,0.6996469555575072,0,2019,2024
GENE_01331,noise,,0,0,5,5,-1.1672597211539961,-0.4473332425582104,0.38996234897425447,2.022480468398533,-0.9984278927999884,0.2909059349858205,0.2802015809630667,1,2019,2024
GENE_01332,noise,2016.0,1,0,6,63,0.02709845221116368,-0.06513781960345591,0.601685836863435,1.1409366599738064,-1.6591194725482226,0.5026041114650338,0.4424770614145395,0,2019,2024
GENE_01333,biology_signal,,0,0,0,0,-1.247357228932696,-3.131292868290611,0.1046574435635747,2.3781197930092297,2.151793863079008,0.8226555362951649,0.19037705006244904,0,2019,2024
GENE_01334,popularity_only,,0,0,21,21,-0.06315116474115956,-0.06359244820843737,0.5780524904318282,-0.985838635190024,-0.2603406226534557,0.14250663408736383,0.8945233090339832,0,2019,2024
GENE_01335,popularity_only,,0,0,20,20,-1.2245058103411988,0.48594601865594755,0.6839105777756997,0.7037157227583544,-0.3878273890115676,0.3629465415976406,0.436105812730318,0,2019,2024
GENE_01336,biology_signal,2014.0,1,0,7,59,0.42475909799706957,1.3007151136811486,0.7316841711461264,1.0801135339632932,-2.5730784760557075,0.6199762386971305,0.6974174092581075,1,2019,2024
GENE_01337,biology_signal,2015.0,1,0,10,71,0.7742279577777664,-0.7345283306959144,0.5952380719254582,0.07844566909474116,1.100206005127322,0.4212582170489233,0.22396077340531692,1,2019,2024
GENE_01338,popularity_only,,0,0,20,20,-1.3022322838260338,-0.06503490551425217,0.3454572024643593,-0.4842167065100656,1.9442538404943392,0.23020153110004427,0.205301707573414,0,2019,2024
GENE_01339,popularity_only,,0,0,7,7,-0.032775490925242984,-1.2654901454865888,0.4787920463949837,0.690622246749155,2.6811753135435588,0.3365182560586473,0.32623674715932754,0,2019,2024
GENE_01340,biology_signal,2015.0,1,0,6,61,1.4615830452332648,1.6504756876360105,0.6648144560720858,0.18307981000372364,-1.3845061031654446,0.19036544382932025,0.8036197772354817,1,2019,2024
GENE_01341,noise,,0,0,11,11,-0.33478984864052197,-0.592997083464897,0.6281226295425826,0.16154577437974427,0.20243402935216703,0.32149134890634923,0.4291745303638967,0,2019,2024
GENE_01342,noise,,0,0,2,2,-0.6211670290926495,-0.42124573015595146,0.6827600160322168,0.11713105313642916,0.482396815845617,0.3134427798113615,0.11188153599994044,0,2019,2024
GENE_01343,biology_signal,,0,0,2,2,0.10688248403495415,-1.6130348566755428,0.23437550147294142,-0.9376470631340551,3.0441116922045754,0.7981265642051805,0.6943435641706901,0,2019,2024
GENE_01344,noise,,0,0,7,7,-1.7466781746216702,-1.0508933696219283,0.24828693435688842,0.6300160903495742,0.32118950412204816,0.7174967555024694,0.05392091812765006,0,2019,2024
GENE_01345,biology_signal,,0,0,3,3,-2.919887365890391,-5.046827330096919,0.0236704195555885,1.7326680359140096,1.8877166183297311,0.8808098261281259,0.20595172992953928,0,2019,2024
GENE_01346,noise,2016.0,1,0,9,74,-1.0626974261974256,0.3541837907932817,0.5419402798656299,1.3459552346310684,-1.0934684943673414,0.3453054836427568,0.6758354518291481,1,2019,2024
GENE_01347,biology_signal,,0,0,13,13,-1.1624539925598092,-0.9279804969783058,0.302514653253673,0.1214096945891513,1.1352386568998856,0.26947378148002915,0.5021429057471833,0,2019,2024
GENE_01348,biology_signal,,0,0,8,8,-2.56740607360029,-2.2501533821571247,0.16269186382430684,1.2458356364234195,2.12112646202274,0.643592245301403,0.44379057449475606,1,2019,2024
GENE_01349,noise,,0,0,6,6,-0.290408581157789,0.21876817416092353,0.5064436102400578,-0.29914095489963477,0.6909408738906682,0.3346667467380748,0.46527465580369337,1,2019,2024
GENE_01350,noise,,0,0,5,5,-0.2229492761338583,0.2653024466111716,0.23415790607631357,-0.35570169186723055,-0.0456924847959663,0.46555487858269423,0.7929371283383618,0,2019,2024
GENE_01351,noise,2017.0,1,0,3,52,-0.38812907613655195,0.6303466388626955,0.43495049063331237,-0.15989218816624778,0.5093893756078572,0.8090485005690056,0.30755183608150777,1,2019,2024
GENE_01352,noise,2014.0,1,0,3,54,0.16939073003744406,0.5155897273065616,0.5233495527580745,0.7264821814555583,0.6465162043669854,0.81155614864438,0.656283952655354,1,2019,2024
GENE_01353,noise,,0,0,11,11,0.02767507687381643,0.13807555838728347,0.43550629142140945,-0.8751892012806362,0.34490442931139514,0.7143723201267674,0.5461902044895088,0,2019,2024
GENE_01354,biology_signal,2018.0,1,0,5,56,0.022785266508232982,0.5122206210103233,0.6470449674871888,-0.9262169091943693,0.7194560442258157,0.39055865644253523,0.17453167705970163,0,2019,2024
GENE_01355,popularity_only,,0,0,18,18,0.34964070881758336,-0.2158816863534603,0.7301134054004298,-0.32738162827994416,-0.10484096689205452,0.5185983645508017,0.6181540255649565,0,2019,2024
GENE_01356,noise,2015.0,1,0,23,76,1.6413279436479058,-0.8230667489920361,0.3120177967713394,-1.4693522105967998,1.2000706599122397,0.7950614757966715,0.9024354350455155,0,2019,2024
GENE_01357,biology_signal,2018.0,1,0,3,63,0.6980450673121794,0.7041788666860627,0.41243661537911885,-1.5439781323635773,-0.7178196691117265,0.28166871757716416,0.22380558099529438,1,2019,2024
GENE_01358,noise,,0,0,8,8,-0.8556220268834274,-0.0039633881716987784,0.38597352191423445,-0.04156176704781084,-0.4863944640426565,0.42292788884648785,0.32446905698913164,0,2019,2024
GENE_01359,biology_signal,,0,0,8,8,1.0304679939567147,0.8942780055228458,0.5915319378911614,-0.7239792811137936,-2.2312539263695266,0.20304038833750254,0.5493321471048428,0,2019,2024
GENE_01360,biology_signal,,0,0,7,7,-2.4013421673770283,-2.6009895712385114,0.3302701650092145,0.9476289548034562,2.2177818832415,0.8012934154528156,0.12306794112248001,0,2019,2024
GENE_01361,noise,,0,0,3,3,-0.8808480822935634,-1.5082202846128276,0.1456326243615637,-0.3266096494846953,2.149622671184796,0.07670716862347954,0.2202289033327668,0,2019,2024
GENE_01362,noise,,0,0,18,18,-1.6247564551839042,-0.9963660692289918,0.36183903119262834,2.4046445230040137,-0.6244164300561171,0.837401747262172,0.5879701436049921,0,2019,2024
GENE_01363,noise,,0,0,1,1,-0.05302072014744941,-0.8834702735640336,0.38737953138335174,0.21509830947734404,0.3335222857013835,0.6516985496160981,0.20316518219890847,0,2019,2024
GENE_01364,biology_signal,2023.0,0,1,40,93,0.5567886157225189,0.17494409739770356,0.45575806018822757,-0.9724509192746265,-0.17212068572673378,0.3264365138659427,0.9452080060490204,0,2019,2024
GENE_01365,noise,,0,0,18,18,0.007739956783239105,-0.44685613580432115,0.35337302445848273,0.23891048955393482,-0.2845474208137523,0.09943729228528127,0.7966293558469715,0,2019,2024
GENE_01366,noise,2015.0,1,0,8,64,1.2925891401829714,-0.2945501538522271,0.5091156918930121,-3.128949293814147,0.9780706730694078,0.15653641923920925,0.8139125320548644,1,2019,2024
GENE_01367,noise,2014.0,1,0,4,54,1.3930323559897482,-0.5444223538511596,0.40229118700817995,-1.0400604716374002,-2.3860187585673636,0.721504993684338,0.3918578486126945,1,2019,2024
GENE_01368,popularity_only,,0,0,50,50,0.11353610877829695,0.18353858836850462,0.29855509259795304,1.566644887963339,0.9240314594593502,0.479549309288646,0.5736617229713838,0,2019,2024
GENE_01369,biology_signal,2014.0,1,0,17,77,4.828208987099303,5.908671076018583,0.9811804641218017,-1.3409629602824418,-2.021561617583094,0.031126777518680614,0.8386899587696263,1,2019,2024
GENE_01370,noise,2022.0,0,1,9,67,-0.1391969604255843,-0.43330139552598385,0.19178566985729978,0.4400769220380073,0.5235219875182968,0.7946637652494665,0.552680629331918,0,2019,2024
GENE_01371,biology_signal,,0,0,3,3,-0.47905625289465975,-1.3522584267089068,0.04950722315482881,-0.5878732500581741,2.2781986037459,0.8559497634610004,0.5751052590670205,0,2019,2024
GENE_01372,biology_signal,2016.0,1,0,2,62,1.2418591050062036,1.628253987946684,0.789363882807153,-0.8556698266818569,-0.8797258985444316,0.2419018776177395,0.3718056371696574,0,2019,2024
GENE_01373,biology_signal,,0,0,15,15,-0.14797426582960432,-1.8211231788773476,0.6707220667929571,-0.8700249487296422,1.8872713832317003,0.3334589583351831,0.6586733528203953,1,2019,2024
GENE_01374,noise,,0,0,4,4,-0.2744596326154098,-0.38082538368388236,0.44852485596535363,-1.0935906738669436,-1.7183489874378213,0.18661265183708836,0.4575130151159568,1,2019,2024
GENE_01375,biology_signal,,0,0,11,11,-1.4218132155525613,-2.3395261732806,0.31627982580119934,1.0385076224648508,1.8702906056677884,0.8827362275446249,0.5182702252514304,0,2019,2024
GENE_01376,biology_signal,2013.0,1,0,3,47,3.1090592764866,3.3855540321126663,0.9514367233067901,-1.5161527798542498,-2.785328134259759,0.050901992450974334,0.4682067645792406,0,2019,2024
GENE_01377,noise,,0,0,5,5,0.4719649446281965,-0.0024665691931099465,0.35342675037409566,-1.6576676165511626,-0.5328518769289113,0.6201005541470336,0.5567371514607575,0,2019,2024
GENE_01378,noise,2014.0,1,0,9,61,-0.5527690721152692,1.2040192226647293,0.7123731800385006,1.0637668248892398,-1.4358642859497277,0.6569846968922969,0.6914346990541871,0,2019,2024
GENE_01379,biology_signal,2012.0,1,0,24,84,3.035412712057179,2.633560310018558,0.9691650883944078,-1.4194121668224444,-1.3053955756131776,0.09680329073876627,0.872222090871907,1,2019,2024
GENE_01380,noise,,0,0,2,2,-0.7632937469153057,-1.1017440315833293,0.3744329638264545,-0.3861332488686293,2.1592293398462297,0.8029004618640481,0.37392485001676734,0,2019,2024
GENE_01381,noise,,0,0,0,0,-1.292201556760273,-0.7125113675552102,0.14982888414889675,-0.8863591168814986,1.8263287557704158,0.7790957442324988,0.06958159790923246,0,2019,2024
GENE_01382,biology_signal,,0,0,8,8,-2.7398534519846915,-2.4002177475716238,0.13469631044800956,2.534362347279192,2.076132596720487,0.4306514825646315,0.38508359828138505,0,2019,2024
GENE_01383,biology_signal,,0,0,3,3,-3.030113870378276,-3.610639264840052,0.06354866475162164,1.0847381480308438,3.7743098195274176,0.9303033597318002,0.4418170087202016,1,2019,2024
GENE_01384,biology_signal,,0,0,5,5,0.4297594911823511,0.22758676333116967,0.8077657857374472,-0.6198604535894229,1.4060860123585006,0.4807616800401957,0.40407147308834535,1,2019,2024
GENE_01385,noise,,0,0,3,3,-0.6118534439277861,-0.536581336518372,0.2847272212768562,0.9549156538564776,1.034073330223702,0.35902667311879227,0.3778606983053199,0,2019,2024
GENE_01386,noise,,0,0,3,3,-0.5433909425499139,-0.534406450182483,0.1065732737967791,1.2847122182533646,0.5243239885339408,0.623038672204695,0.15150612336305738,1,2019,2024
GENE_01387,biology_signal,,0,0,14,14,-0.8387502606613961,0.10418099158536076,0.3876528234914701,-0.12292276191548002,0.3209958812075534,0.5507217273754722,0.6472955408144963,0,2019,2024
GENE_01388,noise,,0,0,9,9,-1.5240132046094659,0.14424960371116713,0.3100703268726654,0.5474961814539021,0.86105816744417,0.6763869869044682,0.40448632354817293,0,2019,2024
GENE_01389,noise,,0,0,22,22,-0.23002568392974523,-0.7052342355803849,0.4034305547628691,0.5724105036743884,2.6287103996936207,0.3565299796188775,0.6721347433787473,0,2019,2024
GENE_01390,biology_signal,,0,0,3,3,-0.2164178373983261,-1.273014663806585,0.4327584647135518,0.24705597084119763,0.5305454394249216,0.6491736234176824,0.14098697764680657,0,2019,2024
GENE_01391,noise,,0,0,4,4,0.20844388660563132,0.11464333068317542,0.42626045427520415,0.5705844932522215,1.140823896349635,0.5219943567522117,0.46005263793625856,1,2019,2024
GENE_01392,biology_signal,,0,0,26,26,1.7549780848425431,1.445052178975889,0.6551655468944975,-0.576845491548595,-0.6193272494104967,0.26641847369038474,0.8930242510418376,1,2019,2024
GENE_01393,noise,2012.0,1,0,69,118,0.47775928369889226,0.9971167221047964,0.7515378589216383,0.7136377352209582,-1.4722623540809527,0.2616748886483574,0.9726096469776639,1,2019,2024
GENE_01394,noise,,0,0,5,5,-1.0956043861704776,-0.29791468744145494,0.5376037880034154,-0.20303993380176655,0.3656857082101559,0.8217987924498359,0.4778032803398896,0,2019,2024
GENE_01395,biology_signal,,0,0,2,2,0.050425370186512664,1.0419135161599191,0.7234215403404909,-0.7662217547156869,-0.5242769444154994,0.4152106968135404,0.2963374962750907,0,2019,2024
GENE_01396,noise,,0,0,7,7,-0.44023796032272333,0.6724040941000876,0.71398487080536,0.4264676721396151,-1.5575964500684043,0.18927739338891664,0.6297804797106046,0,2019,2024
GENE_01397,noise,,0,0,3,3,-0.2672059618760799,0.7506411762146339,0.21291079931033674,-0.16945999876611206,-1.882209931622007,0.3863560920249018,0.2603171332292286,0,2019,2024
GENE_01398,noise,,0,0,5,5,-0.04809977268033522,-0.7480794724087023,0.643262366186126,-0.9224578735098453,0.16887782110457517,0.43124641305013106,0.1621197394389062,0,2019,2024
GENE_01399,noise,,0,0,3,3,0.42631393533501527,0.1375843753784957,0.5069258155488239,-1.547722266388258,-1.9854405996339533,0.8348926481246958,0.20942083661975627,0,2019,2024
GENE_01400,popularity_only,,0,0,24,24,-0.5295510986789967,0.26186300848060434,0.2593776273328364,1.3127015508764917,-0.15777879198797462,0.24235269438920296,0.6833602740208236,0,2019,2024
GENE_01401,noise,2012.0,1,0,11,69,0.506409576738004,0.6939759610564104,0.7654394478521384,1.4121286054094209,0.6165263528845895,0.3039131917659985,0.6627638042150655,1,2019,2024
GENE_01402,noise,2012.0,1,0,14,68,0.629252441157406,0.34754684367572786,0.6153782385004712,0.17380995684360623,0.4319631590589784,0.47563385457551716,0.7756993258394018,1,2019,2024
GENE_01403,biology_signal,,0,0,4,4,-0.7625886493169641,-2.3485245105590513,0.19860410267898243,1.8236529864774023,0.11620460999498095,0.43463233601280526,0.026814441852502306,1,2019,2024
GENE_01404,biology_signal,2012.0,1,0,20,73,3.5887663339867335,3.3791782642252355,0.7930720777065174,-1.19249475099436,-1.8193490573787412,0.044493872259133024,0.8282598990675301,1,2019,2024
GENE_01405,biology_signal,2013.0,1,0,2,49,-0.253826239848973,0.8671562131230505,0.8609915881744188,-0.9617561901627865,0.09889982779624545,0.08933234916882185,0.2078362581911288,0,2019,2024
GENE_01406,biology_signal,,0,0,9,9,-3.844571146160712,-2.9583751814990733,0.16281436553475323,2.0921203436416653,2.0475559454146057,0.9827357648785889,0.8510550855332015,1,2019,2024
GENE_01407,biology_signal,2020.0,0,1,20,81,-0.6281983417622048,0.25674643891175436,0.32451537722406626,-0.9661653573354112,1.2997472612515517,0.7837872021431123,0.6216650356023208,0,2019,2024
GENE_01408,noise,2018.0,1,0,13,66,0.37647710775404253,-0.08915411797420872,0.6450704652850806,-2.1011098449595877,0.7455375003878415,0.34828174409357665,0.42291654930662603,1,2019,2024
GENE_01409,biology_signal,2012.0,1,0,3,63,4.853010850152408,4.884084645128591,0.9623928576416577,-1.7858485718388737,-3.936753484560347,0.038283066974622644,0.9245918795415663,1,2019,2024
GENE_01410,biology_signal,,0,0,5,5,0.8677028428205564,1.0400675884511277,0.7891890540662145,0.95316022471389,-1.6287546486407851,0.6390147486731603,0.4603253213687576,0,2019,2024
GENE_01411,biology_signal,,0,0,12,12,1.9551674903677798,1.5392662307170486,0.9651802552788449,-0.674037425254041,0.02705629063679471,0.32514749008803434,0.36041512222718214,1,2019,2024
GENE_01412,noise,,0,0,13,13,-0.8866962169290484,-1.1112580742238998,0.6314372846252826,0.9348794131078768,1.6724742467829974,0.6366288225086119,0.5309823318159622,0,2019,2024
GENE_01413,noise,,0,0,7,7,-0.4723731638498042,-0.5849515617304237,0.7090387767495833,0.3999071259576356,1.11040478514543,0.8141259330411782,0.8706637336584777,0,2019,2024
GENE_01414,noise,2022.0,0,1,12,63,-0.3945639630490555,0.3615647674070831,0.7879923011492171,1.223815419284679,-0.5071796003505527,0.2278629282992916,0.7523465010310941,1,2019,2024
GENE_01415,biology_signal,2014.0,1,0,3,54,2.831682161348223,4.447448817508916,0.9901167570660168,-1.653725877344797,-3.9555757183252993,0.3455440183416373,0.6822107524863597,1,2019,2024
GENE_01416,noise,,0,0,14,14,0.3497479068175061,1.1275528142397406,0.5839918326809169,0.4523248226612404,0.5108677581149286,0.6239706817372874,0.768017804491333,0,2019,2024
GENE_01417,noise,,0,0,3,3,0.4541760536435624,0.39506378712883106,0.43212743852127533,-1.416301845459369,-0.9051203566775122,0.48101691445260736,0.20365828041323084,0,2019,2024
GENE_01418,biology_signal,,0,0,10,10,0.5546522703128351,1.005654103511854,0.6059991590500975,-0.6539386612429688,-0.3834765094473289,0.6630321837958871,0.8689031673319637,0,2019,2024
GENE_01419,biology_signal,2013.0,1,0,6,68,0.37140295595756334,0.41833233153077376,0.7539526248064155,1.1598456887231405,-0.2914815497037921,0.8850004339593255,0.547391038448345,1,2019,2024
GENE_01420,popularity_only,,0,0,5,5,0.38536975017334274,-0.1444274735290132,0.4415027969067573,-0.1415402777166151,0.8901477204111732,0.3010490082106201,0.39951081704737323,0,2019,2024
GENE_01421,noise,,0,0,6,6,0.07845740908990852,0.4332399846207511,0.6013914129502242,-0.8896032331691901,-1.1179128850192803,0.5104021179809312,0.22268087315550422,0,2019,2024
GENE_01422,biology_signal,,0,0,10,10,-0.7694855323380725,0.30238713255065897,0.42862283981442634,1.7314694593321063,-0.21571370510581644,0.23488576300563294,0.5243063302197375,1,2019,2024
GENE_01423,noise,,0,0,17,17,0.3455598731980186,0.8102838829275248,0.37010717653185954,-1.3047451529227145,-2.2468168969789457,0.47601893402409,0.4027910254910327,1,2019,2024
GENE_01424,biology_signal,,0,0,1,1,-1.6894350426515097,-2.108812078162204,0.0859405838143207,2.4102720873690924,1.1389723626178627,0.9247777431858502,0.2540700672819319,0,2019,2024
GENE_01425,noise,2014.0,1,0,15,74,-0.2753800940801111,-0.11639101202661722,0.7365308983347228,1.1427552295270769,1.4690195133113724,0.1906799998194121,0.6037651148280314,1,2019,2024
GENE_01426,biology_signal,,0,0,10,10,-2.176272769894783,-5.028509481538077,0.028378689826656853,0.7376452998176705,2.6536026579414376,0.8671950251171727,0.48807608146352527,1,2019,2024
GENE_01427,noise,,0,0,6,6,-0.30785966671141024,-0.9186566699889558,0.40757547096756974,0.5009397032975981,-0.5592049468702105,0.11285086773975815,0.2692064301426502,1,2019,2024
GENE_01428,noise,,0,0,8,8,-0.46246815384608664,0.29939473122341087,0.20756911233115666,-0.38679567961508815,-1.5699691411006664,0.2258508368096739,0.48297677044438264,0,2019,2024
GENE_01429,noise,,0,0,5,5,-0.8468725305038041,0.31996596499554975,0.5271186945291179,0.6294502605636307,0.5853999756242243,0.5895027035702958,0.4585008868861665,0,2019,2024
GENE_01430,biology_signal,,0,0,6,6,-0.5126299403993398,0.13556922264847937,0.46423147489199956,0.8484547503573714,-1.6075558489103963,0.41839269557012054,0.7616347188494528,1,2019,2024
GENE_01431,biology_signal,,0,0,2,2,-0.3648941318802724,-1.1145873574047076,0.4511182113521922,1.1372672950526728,0.10065921155518287,0.6294016913257591,0.2486479489315259,0,2019,2024
GENE_01432,biology_signal,,0,0,8,8,1.5251354485942379,1.3702902645293382,0.6129244949796795,-0.4796473644088467,0.24953197605582988,0.34286892348830644,0.5875258767007616,0,2019,2024
GENE_01433,noise,2016.0,1,0,6,59,0.06417023609994349,0.4189939959893613,0.6936504446427738,-0.63889269316364,0.4058775365976732,0.2976525692611927,0.7623468728204446,0,2019,2024
GENE_01434,biology_signal,2014.0,1,0,15,70,0.5276365995598441,0.48204976617067874,0.6432871763556792,0.9856832987058602,0.3780909197672122,0.24114060550310915,0.5193521048224922,0,2019,2024
GENE_01435,noise,,0,0,12,12,0.1932603447560183,-0.5109996519762189,0.5591575547381615,0.9578399618244489,0.5070679669130449,0.6293916919399248,0.6584303181028432,1,2019,2024
GENE_01436,biology_signal,,0,0,1,1,-0.8183549369610765,-0.47526611869765956,0.3447634907543121,0.9824829486699254,-1.1003436311960666,0.5854576490858144,0.0543271293436133,1,2019,2024
GENE_01437,noise,2015.0,1,0,17,61,-0.003651826711441014,-0.03365743655242409,0.7252983713637574,0.11472441048015436,0.32043981635776825,0.08745434067653042,0.6470155237390947,1,2019,2024
GENE_01438,biology_signal,2016.0,1,0,16,64,2.2894336380370865,2.597775339502079,0.9307808066025857,-2.4474635097867594,0.06155725292929759,0.601928075309293,0.7175848967342057,1,2019,2024
GENE_01439,noise,2021.0,0,1,5,54,0.7512267594908747,0.2990554470768246,0.4331234264510806,0.3537861618532906,-0.8377738009778459,0.5756392644747935,0.5781273767744194,1,2019,2024
GENE_01440,biology_signal,,0,0,8,8,-0.8624723801199545,-2.8180724665533523,0.06744824959778961,0.4970152444455256,1.5712741882572359,0.6673622183771469,0.18457980999096427,0,2019,2024
GENE_01441,noise,,0,0,9,9,-0.19423662103306621,-0.6341265832559685,0.36467131676120584,-2.0272577971200048,-0.7435200895331393,0.8471645893638182,0.20199447500617193,0,2019,2024
GENE_01442,biology_signal,,0,0,2,2,-1.1710280269787423,-1.3563017360957943,0.18106246378204358,-0.9114919841251827,0.688355605894733,0.6984829538361955,0.0840501470344007,0,2019,2024
GENE_01443,biology_signal,,0,0,13,13,-0.28439518267323805,-0.7151352174681634,0.5121425358495266,0.7276789790933775,2.0720486143986223,0.7508475913145649,0.7160353410434458,1,2019,2024
GENE_01444,noise,,0,0,1,1,-1.1306334660834227,-0.4486649865728684,0.4991950589352217,1.2554788332960287,0.21226310426531336,0.6592619465280094,0.3601394349047689,0,2019,2024
GENE_01445,noise,2013.0,1,0,6,63,-0.24237201214101656,-0.6364303215775077,0.7518809144651001,-0.60644850855882,0.4958923458111223,0.19303473500573737,0.6550096769761831,0,2019,2024
GENE_01446,popularity_only,,0,0,22,22,-0.4953719386087543,0.06697850216754453,0.3440759572021653,0.8037131687614554,0.531631437462988,0.7017007901480754,0.8785548330418151,0,2019,2024
GENE_01447,biology_signal,2014.0,1,0,17,60,0.8684938906340297,0.16482912575422037,0.3666476593435524,-0.19265068289498238,0.8109097727118458,0.43613774976176173,0.73577684348217,0,2019,2024
GENE_01448,noise,2019.0,1,0,17,79,1.05571605332128,0.7762233862652147,0.5552108880603528,0.1104292813821442,-1.195603030776627,0.2077813546499836,0.6077601791096582,0,2019,2024
GENE_01449,biology_signal,2013.0,1,0,10,59,3.189762620841806,2.484477517599275,0.90329441656389,-1.8506542446852117,-2.3522536069558275,0.24880440113369795,0.7211568759867257,1,2019,2024
GENE_01450,noise,,0,0,5,5,-0.6128499569548249,-0.3264388265660952,0.17350122050886285,0.34711475939257463,-1.4638535906420564,0.5585813171234535,0.3260963632159437,0,2019,2024
GENE_01451,noise,,0,0,18,18,-0.300782487134546,0.04160030971709931,0.4409296246550899,-0.8208336521112964,0.6239430852523243,0.4878243270691851,0.8486012976848133,1,2019,2024
GENE_01452,popularity_only,,0,0,7,7,-0.24699309166864436,-0.5042964031922552,0.6335355022285671,1.3807928170902497,1.9410706731642877,0.6096860628712186,0.5284934800841329,1,2019,2024
GENE_01453,noise,2012.0,1,0,11,69,0.9276835274458815,0.838344557277455,0.6083304194601932,-1.2940165272649016,0.37058923766623497,0.627335761880715,0.6500321103631184,1,2019,2024
GENE_01454,noise,,0,0,0,0,-1.0031531020557878,-0.38770969985625536,0.5009130803936803,0.16849189428318018,0.4394649040792695,0.660568538277485,0.08830479012566093,0,2019,2024
GENE_01455,noise,2012.0,1,0,24,87,-0.6030349342463325,0.4285703084895472,0.8850416557094479,-0.5707170852587404,0.1299780333543906,0.4875104208200267,0.5816532907534807,0,2019,2024
GENE_01456,noise,2013.0,1,0,1,57,0.853101485170866,0.4243008559664885,0.15186396245693584,-0.8491606530429199,-0.9414727619818649,0.6420877498586282,0.32417153042406566,1,2019,2024
GENE_01457,biology_signal,,0,0,2,2,0.2352686581400476,1.5937683870210066,0.5032242875759452,-1.9368557048920816,0.4791892941066964,0.3986837885579321,0.21440438908704298,1,2019,2024
GENE_01458,noise,2012.0,1,0,24,81,1.5214715915268513,0.3346336517351922,0.6210972797975257,-1.2028985134104655,0.8859898776148926,0.9398274120174624,0.6570203942159341,0,2019,2024
GENE_01459,popularity_only,,0,0,13,13,-0.564645170523111,-0.04225913426175476,0.42258761386860144,0.9274933100197252,-0.7798287945008818,0.5719483274934314,0.5482832643285638,0,2019,2024
GENE_01460,noise,2022.0,0,1,5,62,-0.10678489546665562,-0.20622362136497313,0.5988942328405837,0.6125004615133944,0.6291297908337207,0.3415390508254551,0.13640036331366864,1,2019,2024
GENE_01461,popularity_only,,0,0,24,24,-0.45357856070622204,0.7534755149935527,0.7239496701356135,0.9866189980232978,-0.8225374426990205,0.3964658351235852,0.9045678869963197,0,2019,2024
GENE_01462,biology_signal,2013.0,1,0,18,66,2.7983723892462753,3.418317797236262,0.9645605449709089,-1.6190993307439843,-3.326166351138829,0.6630524339267726,0.6437384290363125,1,2019,2024
GENE_01463,noise,2013.0,1,0,10,61,-0.26758799009816625,0.41084311387413885,0.7726008474140472,0.06787091938615018,-0.5778702806924084,0.41364186760470056,0.42200102603529066,0,2019,2024
GENE_01464,biology_signal,2018.0,1,0,11,70,0.9159319655541219,1.8225895064282478,0.8232847225695593,-0.8830040308114937,0.07600799400272695,0.5761760647634918,0.321655991218742,0,2019,2024
GENE_01465,biology_signal,,0,0,12,12,-1.5922364165065408,-3.279926025981238,0.04148429548692923,0.606578357616338,2.0720732924271856,0.8918334855682204,0.2835209830143126,0,2019,2024
GENE_01466,biology_signal,2021.0,0,1,8,65,-4.552293036878941,-3.456583906314915,0.03523223486975183,1.571982780664193,2.7327512447991706,0.915763258143563,0.31269969444144297,0,2019,2024
GENE_01467,biology_signal,2014.0,1,0,28,80,3.8289978532465985,5.3349490255752805,0.9922904035284215,-3.0454242434241396,-3.821586708107864,0.019894623635744475,0.6708809382682401,1,2019,2024
GENE_01468,noise,2014.0,1,0,13,62,0.5207461496925614,0.8744203340943223,0.6556404801398322,-0.6075395017820688,-1.621995830604216,0.5866142323213853,0.7827707532897313,1,2019,2024
GENE_01469,noise,,0,0,5,5,0.26181562900762234,-0.41451674025802177,0.33938918898538323,-0.3955989022646792,2.0015778161813276,0.5251779272129635,0.3833262700637827,1,2019,2024
GENE_01470,popularity_only,,0,0,10,10,0.5005452757861926,0.48563156758211035,0.1989411722170332,-0.021348273558493724,-0.04306625845556783,0.47966529394466656,0.4861882522624576,0,2019,2024
GENE_01471,noise,2016.0,1,0,9,68,1.133633409584154,-0.22907575130761593,0.39766022786521593,-2.4006794079110816,0.392358246969685,0.6726658983190666,0.76065257329743,0,2019,2024
GENE_01472,biology_signal,2024.0,0,1,4,63,-1.5296339869260096,-0.004454890791561472,0.2759985502477542,1.0930471683772507,1.0228737623564916,0.5408069872742132,0.4739337224938315,0,2019,2024
GENE_01473,noise,,0,0,4,4,-0.7572072035478778,-0.1674564448221475,0.6893567280987392,1.3811394748261843,0.4238549631024111,0.1262809000527053,0.48551563293619576,0,2019,2024
GENE_01474,biology_signal,,0,0,8,8,-2.5729114563297895,-2.3343594925327826,0.09289401448705906,2.3958988162948276,0.1560037868360452,0.9120763519989722,0.26938202254378746,1,2019,2024
GENE_01475,popularity_only,,0,0,21,21,-0.8264927717983362,-0.765665555235445,0.19208183462142833,-0.7928609645359761,0.27103015924735124,0.1980798839413724,0.7783950678036037,0,2019,2024
GENE_01476,popularity_only,,0,0,45,45,-0.9851943569768977,-0.6834366740083584,0.6882203654533291,0.6967596863654025,-0.21196599814930484,0.628253093115557,0.812750792552345,1,2019,2024
GENE_01477,noise,,0,0,9,9,0.2850838325576744,-0.5585447596743763,0.7793066464986632,-0.6555864891847001,-1.43246623544871,0.5808270148383192,0.16104386035736784,1,2019,2024
GENE_01478,noise,2019.0,1,0,9,80,-0.4668519515517498,-1.0427674223222199,0.6115082747226911,-1.2543948687939177,1.55672851941224,0.510179138414372,0.47070375610675613,1,2019,2024
GENE_01479,biology_signal,,0,0,3,3,-1.6474560557811209,-2.461198843229168,0.20684721280722512,-0.08469743756621662,2.2489873711214967,0.6880747264074141,0.35458144502378014,0,2019,2024
GENE_01480,popularity_only,,0,0,21,21,0.2588394589817678,1.0333418639002685,0.4146763481872493,0.2938724487697404,0.21828682226822704,0.5155958861562085,0.8186849868399109,0,2019,2024
GENE_01481,biology_signal,,0,0,4,4,-1.4368374859901736,-1.269209763077149,0.21006274938695102,-0.5620442223144763,-0.15121651501400257,0.7665835680708031,0.2537914977896359,1,2019,2024
GENE_01482,biology_signal,,0,0,4,4,-0.6984444604486637,0.08078650117650532,0.4424124666253192,0.5481718106432931,-1.3098218327164353,0.7639418073129123,0.33618472471375116,0,2019,2024
GENE_01483,noise,2021.0,0,1,34,98,0.054457555043592135,-0.01656725443567489,0.6840496126314836,-1.5137668049715018,0.10580358014915578,0.47602426493818994,0.8992270481195307,1,2019,2024
GENE_01484,noise,2019.0,1,0,13,74,-0.17149729301194047,-0.5368201491771468,0.34723975642061417,-0.5406836801211232,-1.7343026086558289,0.7486323475188273,0.8094935249264579,0,2019,2024
GENE_01485,noise,,0,0,12,12,0.2358694067145456,-0.09916565864146792,0.19204245151301402,-0.454800380532682,-0.47820668895701696,0.5027052246653867,0.21576493606254385,0,2019,2024
GENE_01486,biology_signal,,0,0,3,3,-0.8670769721582208,-1.9969567669505826,0.21145997790859805,0.36512698609268224,1.069225527725842,0.8948177625323532,0.3105320170336222,0,2019,2024
GENE_01487,noise,,0,0,6,6,-0.09043369410726264,-0.0400320488926331,0.4848577013416483,0.5806230468212685,1.2217910781616885,0.3082688909201545,0.45151549683355174,1,2019,2024
GENE_01488,biology_signal,,0,0,7,7,-1.8033151366330296,-2.3001106321070113,0.16800563648486838,1.2039644222853836,1.583601726328459,0.6669837170362697,0.2498746848870609,0,2019,2024
GENE_01489,popularity_only,,0,0,5,5,-0.3627130872663562,0.47008608086880443,0.47025341677323157,-0.7946222445231448,-0.33111079481371625,0.672482983904874,0.29952385500816703,0,2019,2024
GENE_01490,noise,,0,0,7,7,1.3083910303205686,1.1262174534235099,0.27504058673255294,-0.32135821685789306,-0.5120778948294734,0.5815556263771974,0.8191260565846098,1,2019,2024
GENE_01491,biology_signal,,0,0,19,19,4.256021289099306,4.756631363153248,0.9696848008603299,-2.897593342730323,-2.834497459644915,0.06451334546202635,0.9562139799880673,0,2019,2024
GENE_01492,noise,2023.0,0,1,16,66,-0.1204373733469746,0.7765673827837115,0.49483449296563703,-1.0791094621082942,-1.0100654280274486,0.32349200604500566,0.793620828626711,0,2019,2024
GENE_01493,biology_signal,2018.0,1,0,3,55,2.780009298657893,3.775367206698407,0.9474471455074907,-1.1279024493357004,-2.2778043083924833,0.05475058378952241,0.2500032916288286,1,2019,2024
GENE_01494,biology_signal,,0,0,6,6,-1.1679274593946567,-0.23830905072467096,0.41253025476357713,1.0944026904685533,-1.0071792499692052,0.8679165870546338,0.4825558335069884,0,2019,2024
GENE_01495,popularity_only,,0,0,15,15,-0.18881211429446842,-0.36723506478055423,0.4994852549831705,0.7788093397104936,0.6489660519002057,0.4510379671812334,0.769639487399141,1,2019,2024
GENE_01496,noise,,0,0,15,15,-1.2573073238971642,-0.16841759315549162,0.17463420815160186,0.05563707379588656,-0.6112230093271156,0.15594394868295192,0.4096641708899148,0,2019,2024
GENE_01497,biology_signal,2015.0,1,0,20,77,2.1549526615812407,1.5251863116371207,0.7465833462208207,-0.6181619583354754,-0.5100904380984661,0.19474409048582805,0.4993401648449828,1,2019,2024
GENE_01498,noise,,0,0,13,13,-0.46112560426108473,-0.3562836091252057,0.5802539444640409,-0.6340267984586402,-0.23753996793833382,0.7854899239270415,0.3538086285277802,1,2019,2024
GENE_01499,biology_signal,,0,0,8,8,-1.9560817460924287,-0.41279316522117293,0.20532498199898674,0.007794968020460313,2.09947401113427,0.5542875431622651,0.42660308181275297,1,2019,2024
